거래일시,카드사,카드번호,승인번호,거래구분,공급가액,부가세,합계,할부
2025-01-01 14:17:44,현대,9440-41**-****-9751,31931511,승인,27273,2727,30000,00
2025-01-01 16:09:13,삼성,9430-55**-****-2584,56164955,승인,36364,3636,40000,00
2025-01-01 17:01:05,신한,5563-81**-****-1434,36687537,승인,40909,4091,45000,00
2025-01-01 18:17:59,신한,4563-39**-****-1916,14308421,승인,22727,2273,25000,00
2025-01-01 19:44:34,신한,9411-99**-****-3615,66722344,승인,50000,5000,55000,00
2025-01-01 19:51:02,KB국민,4569-80**-****-2291,49349722,승인,50000,5000,55000,00
2025-01-01 20:15:14,롯데,4280-21**-****-9935,89254563,승인,40909,4091,45000,00
2025-01-01 20:39:56,KB국민,5370-47**-****-4733,20709497,승인,45455,4545,50000,00
2025-01-01 21:55:06,신한,4563-57**-****-3664,57683626,승인,50000,5000,55000,00
2025-01-02 10:46:56,하나,9480-23**-****-9317,93926371,승인,36364,3636,40000,00
2025-01-02 11:58:36,신한,4563-92**-****-7482,71586053,승인,36364,3636,40000,00
2025-01-02 13:08:15,KB국민,4569-56**-****-7543,39436733,승인,45455,4545,50000,00
2025-01-02 13:27:22,KB국민,9420-96**-****-1887,97705310,승인,16364,1636,18000,00
2025-01-02 14:08:46,KB국민,4569-34**-****-7669,22660194,승인,45455,4545,50000,00
2025-01-02 15:57:02,삼성,9410-95**-****-5562,75151231,승인,36364,3636,40000,00
2025-01-02 16:37:35,KB국민,5370-90**-****-2163,17901903,승인,31818,3182,35000,00
2025-01-02 16:40:32,신한,9411-77**-****-9837,10076758,승인,45455,4545,50000,00
2025-01-02 18:08:27,신한,9411-66**-****-2235,83863413,승인,7273,727,8000,00
2025-01-02 18:35:10,KB국민,5370-98**-****-9835,36998038,승인,45455,4545,50000,00
2025-01-02 19:24:24,하나,5320-97**-****-1188,25374874,승인,54545,5455,60000,00
2025-01-02 19:25:42,KB국민,5370-38**-****-5061,18593410,승인,45455,4545,50000,00
2025-01-02 19:31:01,NH,4547-17**-****-4923,42329237,승인,36364,3636,40000,00
2025-01-02 19:34:48,롯데,5284-30**-****-8123,70897765,승인,45455,4545,50000,00
2025-01-02 21:05:05,BC,6243-26**-****-3060,98550256,승인,50000,5000,55000,00
2025-01-02 22:06:03,롯데,9450-34**-****-5073,35529407,승인,16364,1636,18000,00
2025-01-02 22:08:32,삼성,9410-97**-****-3621,66661351,승인,50000,5000,55000,03
2025-01-03 10:47:59,롯데,4280-44**-****-5065,31367172,승인,59091,5909,65000,00
2025-01-03 11:05:26,NH,5765-40**-****-6147,45650176,승인,59091,5909,65000,00
2025-01-03 11:23:57,NH,9470-95**-****-5088,23796726,승인,36364,3636,40000,00
2025-01-03 13:56:44,KB국민,9420-65**-****-3426,27105448,승인,45455,4545,50000,00
2025-01-03 14:16:02,KB국민,4569-65**-****-6139,91363974,승인,40909,4091,45000,00
2025-01-03 15:28:53,현대,6011-11**-****-9666,99639081,승인,54545,5455,60000,00
2025-01-03 15:58:54,삼성,9430-15**-****-5533,10475894,승인,36364,3636,40000,00
2025-01-03 16:03:37,롯데,9450-84**-****-1821,73993471,승인,36364,3636,40000,00
2025-01-03 16:08:40,삼성,5765-81**-****-8007,11297845,승인,54545,5455,60000,00
2025-01-03 16:35:56,하나,9480-32**-****-3662,65337219,승인,63636,6364,70000,00
2025-01-03 16:50:55,신한,4563-45**-****-6378,19317495,승인,50000,5000,55000,00
2025-01-03 17:24:16,신한,5563-29**-****-8973,35487660,승인,72727,7273,80000,00
2025-01-03 17:42:41,KB국민,5370-68**-****-1152,93370583,승인,54545,5455,60000,00
2025-01-03 18:54:33,삼성,9410-86**-****-2122,19121552,승인,45455,4545,50000,00
2025-01-03 19:07:46,KB국민,9420-51**-****-7691,64009265,승인,10909,1091,12000,00
2025-01-03 19:15:25,하나,5320-84**-****-5033,89795010,승인,40909,4091,45000,00
2025-01-03 20:06:24,BC,9460-68**-****-4269,56930359,승인,36364,3636,40000,00
2025-01-03 20:09:17,현대,9440-74**-****-5325,75569635,승인,54545,5455,60000,00
2025-01-03 20:19:59,NH,9470-24**-****-5333,24366125,승인,40909,4091,45000,00
2025-01-03 20:27:24,BC,9460-68**-****-4269,56930359,취소,36364,3636,40000,00
2025-01-03 21:34:43,신한,9411-89**-****-6409,52133044,승인,9091,909,10000,00
2025-01-03 22:06:04,KB국민,4569-41**-****-2127,59597086,승인,50000,5000,55000,00
2025-01-03 22:07:24,신한,9411-10**-****-8144,79782527,승인,27273,2727,30000,00
2025-01-03 22:17:22,현대,4214-24**-****-1452,45059710,승인,63636,6364,70000,00
2025-01-03 22:59:48,삼성,9410-17**-****-7570,32097220,승인,50000,5000,55000,00
2025-01-04 13:01:59,KB국민,4569-35**-****-7498,20200074,승인,10909,1091,12000,00
2025-01-04 13:02:15,현대,4214-90**-****-7790,87265240,승인,72727,7273,80000,00
2025-01-04 13:08:30,KB국민,5370-99**-****-8619,44392446,승인,40909,4091,45000,00
2025-01-04 14:44:24,KB국민,9420-23**-****-1090,67062156,승인,72727,7273,80000,00
2025-01-04 14:50:37,KB국민,5370-70**-****-9375,32775593,승인,59091,5909,65000,00
2025-01-04 14:51:44,삼성,9410-27**-****-8478,72363359,승인,72727,7273,80000,00
2025-01-04 15:04:49,롯데,9450-12**-****-4266,93394260,승인,36364,3636,40000,00
2025-01-04 16:27:42,삼성,5765-11**-****-6590,66379329,승인,13636,1364,15000,00
2025-01-04 17:10:47,KB국민,9420-76**-****-5543,75041510,승인,72727,7273,80000,00
2025-01-04 17:34:29,삼성,9430-83**-****-1320,61053877,승인,63636,6364,70000,00
2025-01-04 17:55:29,삼성,9410-51**-****-8449,55298556,승인,45455,4545,50000,00
2025-01-04 18:22:19,BC,4556-79**-****-9818,90967191,승인,63636,6364,70000,00
2025-01-04 18:53:40,삼성,9430-82**-****-2983,15512205,승인,9091,909,10000,00
2025-01-04 19:17:28,현대,9440-52**-****-5451,52910691,승인,40909,4091,45000,00
2025-01-04 19:18:32,삼성,9410-38**-****-6085,36726767,승인,59091,5909,65000,00
2025-01-04 19:24:43,현대,6011-48**-****-1006,48508907,승인,45455,4545,50000,00
2025-01-04 19:35:38,하나,5320-64**-****-9270,83534128,승인,59091,5909,65000,00
2025-01-04 19:41:17,BC,6243-69**-****-8921,68461818,승인,27273,2727,30000,00
2025-01-04 20:06:27,현대,4214-65**-****-3506,33640702,승인,13636,1364,15000,00
2025-01-04 20:10:38,하나,5320-30**-****-2876,51746937,승인,27273,2727,30000,00
2025-01-04 20:24:17,신한,9411-16**-****-9837,56970882,승인,63636,6364,70000,00
2025-01-04 20:36:39,신한,4563-33**-****-6325,75437844,승인,16364,1636,18000,00
2025-01-04 20:37:17,BC,9460-67**-****-5569,42730796,승인,13636,1364,15000,00
2025-01-04 21:05:08,신한,5563-18**-****-4505,65682626,승인,45455,4545,50000,00
2025-01-04 21:31:14,KB국민,9420-31**-****-7624,72732043,승인,54545,5455,60000,06
2025-01-04 21:39:34,NH,5765-20**-****-1444,96268397,승인,36364,3636,40000,00
2025-01-05 11:14:59,롯데,4280-64**-****-4241,25405014,승인,54545,5455,60000,00
2025-01-05 11:27:47,현대,6011-96**-****-1339,46173157,승인,59091,5909,65000,03
2025-01-05 13:33:23,롯데,4280-16**-****-8242,37321124,승인,27273,2727,30000,00
2025-01-05 13:53:58,KB국민,5370-73**-****-3522,49172995,승인,6364,636,7000,00
2025-01-05 14:03:16,삼성,9410-29**-****-1878,30024960,승인,72727,7273,80000,06
2025-01-05 14:42:05,신한,9411-62**-****-1043,70465583,승인,45455,4545,50000,00
2025-01-05 14:47:30,롯데,4280-22**-****-5636,36054020,승인,54545,5455,60000,00
2025-01-05 15:08:40,삼성,9430-66**-****-8843,55728776,승인,72727,7273,80000,06
2025-01-05 15:08:59,KB국민,9420-25**-****-8941,13874790,승인,10909,1091,12000,00
2025-01-05 15:16:14,롯데,5284-78**-****-2958,34850391,승인,40909,4091,45000,00
2025-01-05 15:38:44,KB국민,5370-40**-****-2402,64549859,승인,54545,5455,60000,00
2025-01-05 16:23:11,삼성,9430-16**-****-1745,84270583,승인,54545,5455,60000,00
2025-01-05 16:49:25,BC,9460-69**-****-9889,65465150,승인,22727,2273,25000,00
2025-01-05 17:15:19,KB국민,4569-55**-****-6419,70900658,승인,59091,5909,65000,00
2025-01-05 17:28:19,신한,5563-36**-****-2625,93955206,승인,63636,6364,70000,00
2025-01-05 17:31:18,BC,4556-50**-****-2442,43876400,승인,63636,6364,70000,00
2025-01-05 18:17:26,하나,9480-80**-****-8483,29413516,승인,18182,1818,20000,00
2025-01-05 18:19:44,하나,4568-20**-****-8172,90267122,승인,63636,6364,70000,00
2025-01-05 18:41:09,BC,4556-66**-****-5728,26690465,승인,54545,5455,60000,03
2025-01-05 18:48:15,현대,9440-47**-****-2524,39742165,승인,72727,7273,80000,00
2025-01-05 18:48:48,KB국민,4569-84**-****-3973,68503492,승인,45455,4545,50000,00
2025-01-05 19:30:18,신한,5563-99**-****-5632,70939053,승인,36364,3636,40000,00
2025-01-05 19:31:05,신한,5563-30**-****-2713,54265498,승인,72727,7273,80000,00
2025-01-05 20:19:05,삼성,5765-76**-****-4697,61053474,승인,50000,5000,55000,00
2025-01-05 22:38:51,현대,4214-80**-****-1224,64759583,승인,9091,909,10000,00
2025-01-06 10:09:26,삼성,9430-89**-****-6546,63349308,승인,31818,3182,35000,00
2025-01-06 11:47:30,KB국민,9420-73**-****-3492,14968688,승인,40909,4091,45000,00
2025-01-06 12:23:46,삼성,9430-63**-****-6352,33574011,승인,7273,727,8000,00
2025-01-06 13:28:22,신한,5563-68**-****-5097,50550084,승인,45455,4545,50000,00
2025-01-06 13:37:21,BC,4556-77**-****-2633,71327848,승인,27273,2727,30000,00
2025-01-06 14:24:54,삼성,9430-83**-****-6881,49711319,승인,40909,4091,45000,00
2025-01-06 17:15:33,KB국민,5370-20**-****-3868,91804602,승인,50000,5000,55000,00
2025-01-06 17:44:19,삼성,9410-55**-****-5806,60310319,승인,36364,3636,40000,00
2025-01-06 19:15:40,하나,4568-91**-****-2612,23489853,승인,45455,4545,50000,00
2025-01-06 19:29:16,NH,4547-96**-****-5712,83363160,승인,36364,3636,40000,00
2025-01-06 19:43:48,현대,6011-49**-****-1645,69166287,승인,7273,727,8000,00
2025-01-06 19:54:21,KB국민,9420-79**-****-8994,14818295,승인,54545,5455,60000,00
2025-01-06 20:24:29,BC,9460-39**-****-7274,65133300,승인,45455,4545,50000,00
2025-01-06 20:37:42,BC,4556-52**-****-6654,84077101,승인,50000,5000,55000,00
2025-01-06 20:57:18,현대,4214-91**-****-4588,35519083,승인,40909,4091,45000,00
2025-01-06 21:17:49,신한,4563-46**-****-1042,50071487,승인,50000,5000,55000,00
2025-01-06 21:39:43,KB국민,9420-39**-****-3344,71894493,승인,40909,4091,45000,00
2025-01-06 22:18:01,신한,5563-87**-****-1803,76669607,승인,50000,5000,55000,00
2025-01-07 12:25:00,KB국민,4569-96**-****-7038,45186708,승인,36364,3636,40000,00
2025-01-07 12:43:23,NH,9470-45**-****-7523,35475673,승인,45455,4545,50000,00
2025-01-07 13:17:39,KB국민,4569-86**-****-7240,81210133,승인,27273,2727,30000,00
2025-01-07 14:54:39,KB국민,4569-86**-****-7240,81210133,취소,27273,2727,30000,00
2025-01-07 15:08:50,신한,5563-85**-****-4394,38984499,승인,45455,4545,50000,00
2025-01-07 16:32:38,삼성,5765-93**-****-2874,97364555,승인,16364,1636,18000,00
2025-01-07 16:47:44,KB국민,5370-93**-****-7797,23290458,승인,45455,4545,50000,00
2025-01-07 17:06:31,삼성,9410-87**-****-6277,29909029,승인,18182,1818,20000,00
2025-01-07 18:04:09,BC,6243-81**-****-7511,59093496,승인,40909,4091,45000,00
2025-01-07 18:52:40,삼성,9410-88**-****-6374,39711402,승인,45455,4545,50000,00
2025-01-07 18:58:17,신한,4563-53**-****-5835,25457816,승인,40909,4091,45000,00
2025-01-07 19:40:52,NH,4547-27**-****-2911,16086345,승인,50000,5000,55000,00
2025-01-07 20:14:21,롯데,4280-45**-****-1046,29419691,승인,40909,4091,45000,00
2025-01-07 20:15:37,삼성,9410-77**-****-7897,25253751,승인,45455,4545,50000,00
2025-01-07 20:30:28,KB국민,9420-88**-****-4629,15820356,승인,45455,4545,50000,00
2025-01-07 20:39:26,삼성,9430-40**-****-8285,58678896,승인,45455,4545,50000,00
2025-01-07 20:58:55,신한,9411-71**-****-1996,63904155,승인,54545,5455,60000,00
2025-01-07 21:19:31,삼성,5765-59**-****-3222,70887034,승인,36364,3636,40000,00
2025-01-07 22:34:16,삼성,9410-11**-****-3159,58082464,승인,40909,4091,45000,00
2025-01-07 22:54:52,삼성,5765-16**-****-1349,54762841,승인,50000,5000,55000,00
2025-01-08 12:03:09,롯데,9450-44**-****-2336,69473616,승인,31818,3182,35000,00
2025-01-08 12:06:47,BC,6243-85**-****-1982,85374852,승인,36364,3636,40000,00
2025-01-08 14:09:36,삼성,5765-21**-****-1502,81200181,승인,40909,4091,45000,00
2025-01-08 14:26:29,삼성,9430-82**-****-6314,90023800,승인,36364,3636,40000,00
2025-01-08 16:00:31,삼성,9430-39**-****-9725,77144075,승인,16364,1636,18000,00
2025-01-08 16:06:36,신한,9411-54**-****-2773,84660688,승인,45455,4545,50000,00
2025-01-08 16:16:23,현대,4214-21**-****-2099,21457410,승인,31818,3182,35000,00
2025-01-08 16:48:17,신한,5563-87**-****-1430,98292612,승인,45455,4545,50000,00
2025-01-08 17:14:26,BC,6243-50**-****-2557,67279295,승인,45455,4545,50000,00
2025-01-08 17:18:43,KB국민,9420-15**-****-6053,39597483,승인,27273,2727,30000,00
2025-01-08 17:38:03,신한,9411-42**-****-3248,48848936,승인,4545,455,5000,00
2025-01-08 18:42:07,신한,4563-46**-****-1842,90585678,승인,50000,5000,55000,00
2025-01-08 19:31:38,KB국민,5370-24**-****-9394,56328316,승인,18182,1818,20000,00
2025-01-08 20:17:01,신한,4563-54**-****-6567,10819505,승인,40909,4091,45000,00
2025-01-09 12:29:28,삼성,9430-92**-****-2257,22119391,승인,27273,2727,30000,00
2025-01-09 13:04:30,현대,4214-55**-****-1920,78093604,승인,40909,4091,45000,00
2025-01-09 13:12:11,삼성,9410-90**-****-3902,76319264,승인,45455,4545,50000,00
2025-01-09 13:23:58,KB국민,4569-90**-****-1857,96879854,승인,36364,3636,40000,00
2025-01-09 13:32:12,신한,5563-40**-****-3419,23798190,승인,36364,3636,40000,00
2025-01-09 16:21:06,현대,4214-94**-****-5128,90893133,승인,22727,2273,25000,00
2025-01-09 17:05:25,롯데,9450-75**-****-2251,94989976,승인,45455,4545,50000,00
2025-01-09 17:36:48,KB국민,9420-90**-****-6295,52431444,승인,54545,5455,60000,00
2025-01-09 17:47:02,삼성,9430-83**-****-8033,64280720,승인,50000,5000,55000,00
2025-01-09 18:11:02,현대,4214-76**-****-9586,91846696,승인,40909,4091,45000,00
2025-01-09 19:20:38,KB국민,4569-53**-****-2695,21318464,승인,50000,5000,55000,00
2025-01-09 19:26:18,KB국민,4569-89**-****-3815,71753160,승인,36364,3636,40000,00
2025-01-09 19:32:24,KB국민,9420-67**-****-1672,86726461,승인,50000,5000,55000,00
2025-01-09 20:58:23,KB국민,5370-65**-****-4986,89036966,승인,36364,3636,40000,00
2025-01-10 10:55:30,현대,4214-12**-****-5155,57928328,승인,36364,3636,40000,00
2025-01-10 11:21:56,KB국민,5370-66**-****-3712,15864298,승인,45455,4545,50000,00
2025-01-10 14:08:09,신한,9411-79**-****-9317,80669879,승인,40909,4091,45000,00
2025-01-10 15:51:50,NH,5765-69**-****-8218,47818761,승인,72727,7273,80000,00
2025-01-10 16:21:52,BC,6243-99**-****-8612,74227366,승인,7273,727,8000,00
2025-01-10 17:25:32,신한,4563-13**-****-4678,52773159,승인,59091,5909,65000,00
2025-01-10 17:43:46,하나,5320-39**-****-8355,81673763,승인,50000,5000,55000,00
2025-01-10 17:50:39,삼성,9430-12**-****-9782,94819556,승인,72727,7273,80000,00
2025-01-10 18:09:58,신한,5563-26**-****-7421,89865081,승인,59091,5909,65000,00
2025-01-10 18:15:45,신한,9411-33**-****-7825,99170406,승인,45455,4545,50000,06
2025-01-10 18:46:38,삼성,9430-16**-****-2996,42002808,승인,63636,6364,70000,00
2025-01-10 19:05:19,현대,9440-21**-****-9624,96707983,승인,63636,6364,70000,00
2025-01-10 19:32:23,신한,9411-53**-****-4509,75266178,승인,36364,3636,40000,00
2025-01-10 19:33:23,하나,5320-74**-****-9312,84377016,승인,40909,4091,45000,00
2025-01-10 19:51:08,현대,4214-47**-****-1605,37057085,승인,6364,636,7000,00
2025-01-10 19:55:23,현대,6011-46**-****-3042,21257528,승인,40909,4091,45000,00
2025-01-10 20:17:28,BC,9460-54**-****-8391,13579612,승인,45455,4545,50000,00
2025-01-10 20:22:15,롯데,4280-27**-****-6447,15950635,승인,6364,636,7000,00
2025-01-10 20:30:28,NH,9470-37**-****-5193,30068183,승인,36364,3636,40000,00
2025-01-10 20:32:33,하나,5320-42**-****-3267,17003454,승인,63636,6364,70000,00
2025-01-10 21:53:45,롯데,5284-99**-****-8740,28628439,승인,59091,5909,65000,00
2025-01-11 13:04:28,NH,9470-95**-****-6236,56630633,승인,45455,4545,50000,00
2025-01-11 13:10:10,NH,5765-20**-****-5653,43635675,승인,59091,5909,65000,00
2025-01-11 13:49:16,신한,5563-35**-****-9047,26460116,승인,72727,7273,80000,00
2025-01-11 13:56:05,신한,5563-77**-****-8842,65135987,승인,40909,4091,45000,00
2025-01-11 15:12:50,신한,4563-69**-****-7044,84040798,승인,45455,4545,50000,00
2025-01-11 15:35:17,현대,6011-21**-****-9740,77454225,승인,7273,727,8000,00
2025-01-11 15:55:49,BC,4556-25**-****-5476,59394697,승인,36364,3636,40000,00
2025-01-11 16:19:32,하나,4568-92**-****-1599,35649468,승인,63636,6364,70000,00
2025-01-11 16:51:33,BC,9460-87**-****-8055,34220459,승인,54545,5455,60000,00
2025-01-11 17:25:47,NH,9470-98**-****-9129,76776459,승인,72727,7273,80000,00
2025-01-11 17:41:17,하나,4568-59**-****-9482,85386435,승인,50000,5000,55000,03
2025-01-11 18:20:06,신한,4563-67**-****-6021,90882505,승인,40909,4091,45000,00
2025-01-11 19:10:44,신한,5563-45**-****-8126,95828117,승인,72727,7273,80000,06
2025-01-11 19:22:08,롯데,4280-25**-****-1907,79538491,승인,45455,4545,50000,00
2025-01-11 19:35:34,NH,5765-56**-****-3852,78284040,승인,54545,5455,60000,00
2025-01-11 19:37:37,삼성,5765-82**-****-6531,15529005,승인,7273,727,8000,00
2025-01-11 19:43:28,신한,5563-77**-****-3255,59251188,승인,59091,5909,65000,00
2025-01-11 20:01:05,하나,5320-93**-****-5336,38294221,승인,4545,455,5000,00
2025-01-11 20:26:39,KB국민,9420-47**-****-9938,96155337,승인,4545,455,5000,00
2025-01-11 20:52:36,삼성,9430-67**-****-2215,72523073,승인,40909,4091,45000,00
2025-01-11 21:28:36,삼성,9430-67**-****-2215,72523073,취소,40909,4091,45000,00
2025-01-11 21:43:50,삼성,9430-82**-****-7272,14346684,승인,72727,7273,80000,06
2025-01-11 22:03:04,신한,5563-13**-****-3621,29163535,승인,63636,6364,70000,00
2025-01-12 10:06:27,NH,4547-15**-****-6995,63765155,승인,45455,4545,50000,00
2025-01-12 11:35:12,KB국민,9420-89**-****-5582,92012822,승인,59091,5909,65000,06
2025-01-12 11:49:05,KB국민,5370-63**-****-3868,33593960,승인,50000,5000,55000,00
2025-01-12 13:06:25,롯데,5284-35**-****-3363,90861208,승인,59091,5909,65000,00
2025-01-12 14:10:31,KB국민,5370-60**-****-2475,77839607,승인,72727,7273,80000,00
2025-01-12 14:54:40,BC,6243-21**-****-6372,63798927,승인,16364,1636,18000,00
2025-01-12 15:19:49,현대,4214-71**-****-6194,56815569,승인,54545,5455,60000,00
2025-01-12 15:30:13,BC,6243-27**-****-5450,24660143,승인,50000,5000,55000,00
2025-01-12 15:48:17,신한,5563-43**-****-1187,97735896,승인,13636,1364,15000,00
2025-01-12 16:04:44,삼성,9430-69**-****-8933,37383505,승인,36364,3636,40000,00
2025-01-12 16:09:20,롯데,5284-57**-****-3142,79119463,승인,59091,5909,65000,00
2025-01-12 16:38:06,신한,5563-77**-****-9901,76291802,승인,13636,1364,15000,00
2025-01-12 17:15:03,KB국민,5370-97**-****-7642,77447155,승인,6364,636,7000,00
2025-01-12 17:15:13,삼성,5765-46**-****-8710,82033413,승인,59091,5909,65000,00
2025-01-12 17:26:09,현대,6011-17**-****-8726,28533117,승인,63636,6364,70000,00
2025-01-12 17:38:57,신한,9411-88**-****-7438,50162553,승인,45455,4545,50000,00
2025-01-12 17:45:30,현대,9440-80**-****-1084,31198492,승인,40909,4091,45000,00
2025-01-12 17:59:56,KB국민,4569-46**-****-6262,96690951,승인,72727,7273,80000,00
2025-01-12 18:20:15,삼성,9410-16**-****-2586,48951595,승인,72727,7273,80000,00
2025-01-12 18:32:02,삼성,5765-70**-****-6456,79703656,승인,36364,3636,40000,00
2025-01-12 18:33:40,삼성,9410-34**-****-2800,12541730,승인,63636,6364,70000,00
2025-01-12 18:35:20,KB국민,5370-78**-****-8531,55946354,승인,72727,7273,80000,00
2025-01-12 18:43:49,현대,9440-81**-****-5571,50063879,승인,54545,5455,60000,00
2025-01-12 18:59:50,신한,5563-60**-****-7220,56323191,승인,54545,5455,60000,00
2025-01-12 19:11:08,신한,9411-43**-****-1111,61482483,승인,18182,1818,20000,00
2025-01-12 19:32:53,현대,9440-52**-****-7035,24710878,승인,72727,7273,80000,00
2025-01-12 19:37:15,삼성,9410-16**-****-4814,23448342,승인,50000,5000,55000,00
2025-01-12 19:41:16,삼성,9430-82**-****-5833,35925669,승인,7273,727,8000,00
2025-01-12 21:02:53,롯데,4280-14**-****-5742,11243818,승인,63636,6364,70000,00
2025-01-12 21:08:54,KB국민,5370-52**-****-2845,31809610,승인,22727,2273,25000,00
2025-01-12 21:55:39,신한,9411-83**-****-6364,51971886,승인,63636,6364,70000,00
2025-01-12 21:56:45,현대,6011-57**-****-5833,92493631,승인,10909,1091,12000,00
2025-01-12 22:37:19,KB국민,4569-16**-****-4728,88319168,승인,36364,3636,40000,00
2025-01-12 22:51:09,삼성,9410-66**-****-6674,98043078,승인,54545,5455,60000,00
2025-01-13 13:47:38,KB국민,9420-78**-****-8714,99133246,승인,36364,3636,40000,00
2025-01-13 15:04:06,삼성,5765-41**-****-1797,15937353,승인,27273,2727,30000,00
2025-01-13 16:04:34,NH,9470-14**-****-8734,48532662,승인,27273,2727,30000,00
2025-01-13 17:24:52,신한,4563-45**-****-3541,35297417,승인,9091,909,10000,00
2025-01-13 17:49:08,신한,4563-58**-****-7184,20770971,승인,50000,5000,55000,00
2025-01-13 18:46:14,롯데,5284-96**-****-8585,83074216,승인,4545,455,5000,00
2025-01-13 19:42:55,삼성,9410-78**-****-3924,62755436,승인,54545,5455,60000,00
2025-01-13 20:25:16,롯데,4280-15**-****-2196,66867700,승인,36364,3636,40000,00
2025-01-13 20:29:08,KB국민,9420-96**-****-8575,51361818,승인,54545,5455,60000,00
2025-01-13 20:48:15,BC,4556-56**-****-9653,20482769,승인,54545,5455,60000,00
2025-01-13 21:07:03,NH,5765-31**-****-3455,54039203,승인,54545,5455,60000,00
2025-01-13 21:28:07,현대,4214-75**-****-2489,69791674,승인,40909,4091,45000,00
2025-01-13 21:46:48,삼성,5765-88**-****-7868,12099943,승인,6364,636,7000,00
2025-01-14 11:22:41,롯데,5284-62**-****-7821,30027648,승인,40909,4091,45000,00
2025-01-14 14:55:49,삼성,9430-83**-****-4836,52802529,승인,27273,2727,30000,00
2025-01-14 15:14:24,BC,4556-42**-****-6530,75581613,승인,27273,2727,30000,00
2025-01-14 16:03:35,BC,6243-81**-****-7999,76521096,승인,45455,4545,50000,00
2025-01-14 16:11:48,KB국민,4569-69**-****-3365,17734153,승인,45455,4545,50000,00
2025-01-14 18:26:35,삼성,9410-92**-****-6411,20612653,승인,54545,5455,60000,00
2025-01-14 18:49:43,신한,5563-38**-****-9540,65507111,승인,45455,4545,50000,00
2025-01-14 19:01:16,NH,5765-47**-****-7841,30456313,승인,22727,2273,25000,00
2025-01-14 19:19:16,KB국민,4569-22**-****-8635,73013937,승인,13636,1364,15000,00
2025-01-14 19:38:02,신한,5563-71**-****-4555,38036618,승인,36364,3636,40000,00
2025-01-14 19:45:13,NH,4547-69**-****-7236,81625307,승인,50000,5000,55000,00
2025-01-14 20:20:58,신한,4563-82**-****-1749,39698906,승인,9091,909,10000,00
2025-01-14 21:21:19,신한,9411-71**-****-2922,42560305,승인,36364,3636,40000,00
2025-01-14 21:54:23,KB국민,5370-44**-****-1844,60622628,승인,36364,3636,40000,00
2025-01-14 22:41:47,KB국민,9420-31**-****-6770,28784915,승인,18182,1818,20000,00
2025-01-15 11:00:44,삼성,9430-82**-****-6427,22799248,승인,31818,3182,35000,00
2025-01-15 11:27:14,신한,5563-51**-****-7499,13976288,승인,27273,2727,30000,00
2025-01-15 12:19:28,롯데,9450-21**-****-3170,35151299,승인,13636,1364,15000,00
2025-01-15 13:40:14,현대,9440-74**-****-4583,71204580,승인,27273,2727,30000,00
2025-01-15 16:39:40,NH,9470-78**-****-1108,84040345,승인,45455,4545,50000,00
2025-01-15 17:01:33,KB국민,9420-32**-****-8054,24363501,승인,45455,4545,50000,00
2025-01-15 17:50:40,롯데,5284-23**-****-6909,22283664,승인,7273,727,8000,00
2025-01-15 19:05:49,신한,9411-44**-****-2344,30699187,승인,54545,5455,60000,00
2025-01-15 19:34:21,롯데,4280-74**-****-2284,56420476,승인,50000,5000,55000,00
2025-01-15 19:50:28,신한,4563-33**-****-8075,88634827,승인,50000,5000,55000,00
2025-01-15 19:54:41,삼성,9430-80**-****-7179,73888323,승인,36364,3636,40000,00
2025-01-15 20:05:23,KB국민,9420-48**-****-4700,20820219,승인,50000,5000,55000,00
2025-01-15 21:33:09,신한,5563-55**-****-5135,45879718,승인,40909,4091,45000,00
2025-01-15 21:34:41,KB국민,5370-10**-****-1794,65350347,승인,36364,3636,40000,00
2025-01-15 21:43:59,NH,9470-50**-****-3938,12101593,승인,45455,4545,50000,00
2025-01-15 21:58:02,신한,5563-44**-****-8790,16249441,승인,40909,4091,45000,00
2025-01-15 22:37:09,NH,5765-82**-****-4939,62231715,승인,50000,5000,55000,00
2025-01-16 12:45:07,BC,6243-96**-****-2791,32059232,승인,4545,455,5000,00
2025-01-16 14:17:26,KB국민,5370-42**-****-6916,43096758,승인,36364,3636,40000,00
2025-01-16 14:24:10,신한,4563-28**-****-9079,18491573,승인,31818,3182,35000,00
2025-01-16 15:24:49,롯데,4280-83**-****-4977,79941466,승인,27273,2727,30000,00
2025-01-16 15:32:47,KB국민,5370-57**-****-8303,62497139,승인,45455,4545,50000,00
2025-01-16 16:16:42,현대,4214-67**-****-2211,90253323,승인,31818,3182,35000,00
2025-01-16 17:43:37,삼성,9430-47**-****-2712,65831276,승인,54545,5455,60000,00
2025-01-16 18:06:01,신한,9411-59**-****-6315,11656329,승인,36364,3636,40000,00
2025-01-16 18:25:34,NH,4547-14**-****-9907,58255231,승인,54545,5455,60000,00
2025-01-16 18:30:06,롯데,5284-18**-****-6225,50300763,승인,18182,1818,20000,00
2025-01-16 18:36:50,신한,4563-56**-****-7437,25285764,승인,40909,4091,45000,00
2025-01-16 19:31:38,신한,4563-60**-****-1110,54589439,승인,54545,5455,60000,00
2025-01-16 19:36:41,하나,4568-11**-****-2735,23234748,승인,50000,5000,55000,00
2025-01-16 19:44:12,신한,4563-98**-****-5775,94946730,승인,50000,5000,55000,00
2025-01-16 19:51:34,현대,9440-31**-****-6816,96838849,승인,54545,5455,60000,00
2025-01-16 20:24:51,KB국민,9420-48**-****-3230,53038948,승인,45455,4545,50000,00
2025-01-16 20:46:12,신한,4563-98**-****-5775,94946730,취소,50000,5000,55000,00
2025-01-16 20:53:44,BC,4556-27**-****-9180,95004924,승인,36364,3636,40000,00
2025-01-16 21:05:07,신한,4563-36**-****-8460,79942848,승인,7273,727,8000,00
2025-01-16 21:12:37,삼성,9410-36**-****-8563,68848427,승인,54545,5455,60000,00
2025-01-16 21:47:15,삼성,9410-81**-****-6422,67226329,승인,22727,2273,25000,00
2025-01-16 22:14:51,현대,9440-60**-****-8080,13918120,승인,16364,1636,18000,00
2025-01-17 10:13:13,롯데,9450-78**-****-2667,35093324,승인,54545,5455,60000,00
2025-01-17 12:40:50,삼성,9410-68**-****-8230,10090721,승인,18182,1818,20000,00
2025-01-17 13:49:34,KB국민,9420-79**-****-8231,39332201,승인,59091,5909,65000,00
2025-01-17 15:34:18,롯데,5284-24**-****-9369,86868379,승인,45455,4545,50000,00
2025-01-17 16:12:29,신한,4563-91**-****-9646,52064387,승인,40909,4091,45000,00
2025-01-17 17:07:49,신한,5563-88**-****-6744,94929036,승인,50000,5000,55000,00
2025-01-17 17:31:26,KB국민,5370-47**-****-4613,14388260,승인,72727,7273,80000,00
2025-01-17 17:39:08,BC,6243-78**-****-6747,47726592,승인,50000,5000,55000,00
2025-01-17 18:08:37,KB국민,4569-11**-****-1152,56113741,승인,9091,909,10000,00
2025-01-17 18:20:53,신한,5563-53**-****-8951,16497381,승인,54545,5455,60000,00
2025-01-17 18:26:38,KB국민,4569-98**-****-9804,96605343,승인,45455,4545,50000,00
2025-01-17 18:36:40,현대,9440-61**-****-2525,79204468,승인,54545,5455,60000,00
2025-01-17 19:10:20,신한,5563-27**-****-2560,65243509,승인,54545,5455,60000,00
2025-01-17 19:16:05,현대,6011-16**-****-3711,63196064,승인,13636,1364,15000,00
2025-01-17 19:39:25,신한,4563-96**-****-3826,49922369,승인,40909,4091,45000,00
2025-01-17 19:44:22,롯데,5284-64**-****-4568,38434222,승인,40909,4091,45000,00
2025-01-17 19:46:44,KB국민,5370-10**-****-2559,38644905,승인,9091,909,10000,00
2025-01-17 20:44:59,KB국민,9420-21**-****-1040,71532017,승인,59091,5909,65000,00
2025-01-17 20:55:27,KB국민,5370-21**-****-7276,23747542,승인,7273,727,8000,00
2025-01-17 21:00:31,신한,5563-93**-****-9281,76433728,승인,45455,4545,50000,00
2025-01-17 21:11:35,KB국민,4569-89**-****-8389,17195581,승인,45455,4545,50000,00
2025-01-17 21:17:55,현대,9440-41**-****-6277,62707402,승인,45455,4545,50000,00
2025-01-17 21:37:05,신한,9411-57**-****-3999,28972822,승인,45455,4545,50000,00
2025-01-17 22:06:47,신한,4563-54**-****-5305,21674661,승인,50000,5000,55000,00
2025-01-17 22:27:12,NH,4547-45**-****-3604,22527880,승인,7273,727,8000,00
2025-01-18 10:54:55,신한,4563-59**-****-6963,30144023,승인,36364,3636,40000,00
2025-01-18 11:57:50,KB국민,4569-77**-****-2163,11619606,승인,50000,5000,55000,00
2025-01-18 12:27:07,현대,9440-27**-****-1207,11523452,승인,72727,7273,80000,03
2025-01-18 12:34:34,신한,5563-29**-****-4329,81993070,승인,45455,4545,50000,00
2025-01-18 13:49:52,현대,9440-82**-****-9691,11137460,승인,45455,4545,50000,00
2025-01-18 14:22:33,삼성,9430-13**-****-2934,54964418,승인,54545,5455,60000,00
2025-01-18 14:54:02,신한,5563-44**-****-6241,20453825,승인,63636,6364,70000,00
2025-01-18 14:59:26,신한,4563-52**-****-1157,10196231,승인,4545,455,5000,00
2025-01-18 16:08:15,현대,6011-98**-****-5668,13600310,승인,54545,5455,60000,00
2025-01-18 16:17:14,하나,9480-29**-****-2785,24181143,승인,6364,636,7000,00
2025-01-18 16:37:40,신한,4563-17**-****-4909,42813517,승인,40909,4091,45000,00
2025-01-18 18:03:31,신한,9411-39**-****-2889,78293320,승인,45455,4545,50000,00
2025-01-18 18:07:32,삼성,5765-61**-****-1752,19251149,승인,36364,3636,40000,00
2025-01-18 18:19:47,KB국민,4569-79**-****-4201,42900372,승인,50000,5000,55000,00
2025-01-18 18:27:42,신한,4563-60**-****-6161,53788744,승인,7273,727,8000,00
2025-01-18 18:47:05,삼성,9410-19**-****-7461,89442904,승인,27273,2727,30000,00
2025-01-18 19:10:28,롯데,9450-88**-****-7745,69375757,승인,59091,5909,65000,00
2025-01-18 20:17:33,신한,5563-73**-****-2262,71095611,승인,40909,4091,45000,00
2025-01-18 20:24:54,삼성,5765-63**-****-4902,76038997,승인,10909,1091,12000,00
2025-01-18 20:42:56,신한,9411-47**-****-7418,96727439,승인,54545,5455,60000,00
2025-01-18 20:49:04,KB국민,5370-37**-****-5295,15345470,승인,36364,3636,40000,00
2025-01-18 21:05:57,삼성,9410-54**-****-7291,67631581,승인,40909,4091,45000,00
2025-01-18 21:50:25,현대,4214-99**-****-7939,63992760,승인,54545,5455,60000,00
2025-01-18 21:55:18,신한,9411-35**-****-7044,49137230,승인,54545,5455,60000,00
2025-01-18 22:09:45,삼성,9410-62**-****-9515,59995026,승인,10909,1091,12000,00
2025-01-18 22:59:20,KB국민,4569-79**-****-6986,33188838,승인,45455,4545,50000,00
2025-01-19 11:30:33,롯데,9450-41**-****-2640,98162850,승인,59091,5909,65000,00
2025-01-19 13:31:09,롯데,9450-50**-****-6682,32533467,승인,13636,1364,15000,00
2025-01-19 13:39:09,롯데,9450-50**-****-6682,32533467,취소,13636,1364,15000,00
2025-01-19 13:54:02,삼성,9430-19**-****-2715,55876720,승인,10909,1091,12000,00
2025-01-19 14:24:10,KB국민,5370-86**-****-6536,92362000,승인,6364,636,7000,00
2025-01-19 14:37:20,NH,5765-82**-****-3328,35264294,승인,59091,5909,65000,06
2025-01-19 15:34:52,롯데,9450-55**-****-7363,33315234,승인,36364,3636,40000,00
2025-01-19 15:52:04,하나,9480-26**-****-8265,22345163,승인,36364,3636,40000,00
2025-01-19 16:50:06,삼성,9430-31**-****-7875,65568711,승인,4545,455,5000,00
2025-01-19 17:34:22,KB국민,5370-30**-****-2481,50831043,승인,50000,5000,55000,00
2025-01-19 17:49:36,신한,4563-91**-****-4619,85906869,승인,36364,3636,40000,00
2025-01-19 18:11:24,롯데,9450-99**-****-1029,86884584,승인,54545,5455,60000,00
2025-01-19 18:24:22,신한,4563-30**-****-4695,70570772,승인,22727,2273,25000,00
2025-01-19 19:01:33,삼성,9410-53**-****-3137,33818260,승인,72727,7273,80000,00
2025-01-19 19:05:52,KB국민,4569-41**-****-4435,19099261,승인,13636,1364,15000,00
2025-01-19 20:14:08,BC,6243-84**-****-2376,88667527,승인,50000,5000,55000,00
2025-01-19 20:22:58,KB국민,4569-13**-****-4588,47706144,승인,59091,5909,65000,00
2025-01-19 20:25:31,KB국민,4569-55**-****-3831,38818707,승인,36364,3636,40000,00
2025-01-19 20:31:41,삼성,5765-38**-****-6846,99326148,승인,59091,5909,65000,00
2025-01-19 20:44:38,신한,4563-21**-****-3430,43315361,승인,36364,3636,40000,00
2025-01-19 20:51:56,KB국민,5370-17**-****-2478,41222178,승인,72727,7273,80000,00
2025-01-19 21:04:23,KB국민,4569-30**-****-3235,68635481,승인,63636,6364,70000,00
2025-01-19 21:17:17,NH,5765-73**-****-5835,65296657,승인,72727,7273,80000,03
2025-01-19 21:30:03,신한,9411-35**-****-7868,96255361,승인,40909,4091,45000,00
2025-01-19 21:33:15,하나,5320-71**-****-6883,83083942,승인,36364,3636,40000,00
2025-01-19 21:35:47,삼성,9410-11**-****-2989,18277097,승인,50000,5000,55000,00
2025-01-19 21:53:51,삼성,9410-83**-****-3752,68137264,승인,59091,5909,65000,00
2025-01-19 21:54:55,삼성,5765-24**-****-3320,80638102,승인,59091,5909,65000,00
2025-01-19 22:25:32,현대,4214-13**-****-3848,64276605,승인,36364,3636,40000,00
2025-01-20 15:17:36,삼성,5765-20**-****-2584,99676390,승인,27273,2727,30000,00
2025-01-20 16:34:26,신한,5563-78**-****-7858,73729850,승인,45455,4545,50000,06
2025-01-20 16:46:58,삼성,5765-80**-****-7510,53771998,승인,27273,2727,30000,00
2025-01-20 17:09:36,KB국민,5370-82**-****-2730,23554707,승인,54545,5455,60000,00
2025-01-20 17:23:56,신한,4563-69**-****-8204,45353058,승인,50000,5000,55000,00
2025-01-20 18:15:30,삼성,5765-74**-****-1568,86667841,승인,45455,4545,50000,00
2025-01-20 18:30:02,신한,9411-14**-****-7581,63122402,승인,7273,727,8000,00
2025-01-20 18:31:09,신한,4563-47**-****-2435,98854850,승인,36364,3636,40000,00
2025-01-20 19:27:10,삼성,9410-62**-****-4112,84371711,승인,36364,3636,40000,00
2025-01-20 19:30:12,삼성,9410-20**-****-5781,73561576,승인,36364,3636,40000,00
2025-01-20 19:46:34,현대,9440-60**-****-1813,86741644,승인,45455,4545,50000,00
2025-01-20 20:08:02,삼성,9410-86**-****-3422,44612921,승인,50000,5000,55000,00
2025-01-20 20:19:50,KB국민,4569-92**-****-2493,83031359,승인,50000,5000,55000,00
2025-01-20 20:55:34,BC,4556-93**-****-7275,75174087,승인,13636,1364,15000,00
2025-01-20 21:33:29,롯데,4280-63**-****-9561,25102023,승인,36364,3636,40000,00
2025-01-20 21:51:36,삼성,9430-31**-****-3832,38439415,승인,54545,5455,60000,00
2025-01-21 11:30:58,NH,9470-48**-****-6535,51734908,승인,36364,3636,40000,00
2025-01-21 15:26:32,BC,6243-70**-****-1145,27758896,승인,27273,2727,30000,00
2025-01-21 15:31:54,하나,9480-48**-****-3201,69473299,승인,27273,2727,30000,00
2025-01-21 17:10:54,롯데,9450-96**-****-4688,37746963,승인,54545,5455,60000,00
2025-01-21 17:24:54,KB국민,4569-89**-****-9530,63304911,승인,45455,4545,50000,00
2025-01-21 17:49:54,BC,9460-41**-****-1944,14438720,승인,54545,5455,60000,03
2025-01-21 17:58:23,신한,4563-60**-****-9275,95283260,승인,40909,4091,45000,00
2025-01-21 18:00:32,KB국민,4569-97**-****-5890,24509544,승인,45455,4545,50000,00
2025-01-21 18:15:57,BC,6243-94**-****-7620,52894071,승인,4545,455,5000,00
2025-01-21 18:21:17,BC,4556-34**-****-5895,30123169,승인,13636,1364,15000,00
2025-01-21 18:22:22,BC,4556-46**-****-2480,13684342,승인,40909,4091,45000,00
2025-01-21 19:38:51,신한,5563-92**-****-6004,46960684,승인,36364,3636,40000,00
2025-01-21 20:20:17,현대,4214-62**-****-4463,75023164,승인,50000,5000,55000,00
2025-01-21 20:55:23,KB국민,5370-49**-****-2075,78020910,승인,36364,3636,40000,00
2025-01-21 21:43:01,신한,5563-32**-****-8308,73697356,승인,40909,4091,45000,00
2025-01-22 16:37:18,BC,4556-91**-****-1879,88326059,승인,40909,4091,45000,00
2025-01-22 17:55:54,삼성,9410-62**-****-6614,86424055,승인,40909,4091,45000,00
2025-01-22 18:39:04,NH,5765-77**-****-7253,50044631,승인,50000,5000,55000,00
2025-01-22 19:11:20,삼성,9430-31**-****-4430,87346846,승인,4545,455,5000,00
2025-01-22 19:40:50,NH,5765-31**-****-5918,98263548,승인,50000,5000,55000,00
2025-01-22 20:31:50,삼성,9430-61**-****-8035,67582820,승인,6364,636,7000,00
2025-01-22 21:11:18,KB국민,9420-81**-****-5237,34571018,승인,36364,3636,40000,00
2025-01-22 21:29:09,BC,9460-72**-****-2324,54644768,승인,13636,1364,15000,00
2025-01-22 22:16:58,KB국민,9420-53**-****-4111,39845082,승인,50000,5000,55000,00
2025-01-22 22:24:00,KB국민,9420-11**-****-7112,53246714,승인,4545,455,5000,00
2025-01-22 22:57:21,신한,9411-63**-****-6031,54468633,승인,36364,3636,40000,00
2025-01-23 10:00:40,신한,4563-26**-****-6113,23785264,승인,31818,3182,35000,00
2025-01-23 10:42:05,BC,6243-29**-****-9095,22090691,승인,27273,2727,30000,00
2025-01-23 11:03:42,현대,9440-98**-****-1790,25541047,승인,27273,2727,30000,00
2025-01-23 13:07:50,KB국민,9420-43**-****-4272,80215481,승인,27273,2727,30000,00
2025-01-23 14:24:49,현대,6011-71**-****-3140,75514730,승인,13636,1364,15000,00
2025-01-23 15:03:06,BC,4556-96**-****-6901,51970837,승인,31818,3182,35000,00
2025-01-23 17:07:06,삼성,9410-52**-****-3793,57986515,승인,36364,3636,40000,00
2025-01-23 17:24:07,신한,9411-48**-****-1152,66488410,승인,54545,5455,60000,00
2025-01-23 17:29:17,현대,4214-24**-****-3732,27785402,승인,50000,5000,55000,00
2025-01-23 17:37:19,삼성,9410-47**-****-5885,71193393,승인,40909,4091,45000,00
2025-01-23 18:07:23,신한,5563-78**-****-5190,93635734,승인,36364,3636,40000,00
2025-01-23 19:03:54,삼성,5765-82**-****-8908,68809216,승인,7273,727,8000,00
2025-01-23 19:42:33,현대,4214-75**-****-2718,92906016,승인,45455,4545,50000,00
2025-01-23 20:04:46,NH,5765-68**-****-4787,49731424,승인,36364,3636,40000,00
2025-01-23 20:10:58,삼성,9410-12**-****-4460,89147232,승인,50000,5000,55000,00
2025-01-23 20:38:33,KB국민,5370-72**-****-6615,58217837,승인,45455,4545,50000,00
2025-01-23 21:39:17,신한,4563-24**-****-3996,63791447,승인,36364,3636,40000,00
2025-01-23 22:22:45,신한,9411-52**-****-8875,41474764,승인,50000,5000,55000,06
2025-01-24 11:16:41,삼성,5765-95**-****-4669,55405943,승인,59091,5909,65000,00
2025-01-24 13:45:47,삼성,9410-60**-****-2978,38935933,승인,63636,6364,70000,00
2025-01-24 13:55:43,BC,6243-40**-****-7371,78574830,승인,22727,2273,25000,00
2025-01-24 14:03:44,신한,5563-55**-****-1529,70746206,승인,10909,1091,12000,00
2025-01-24 14:42:29,신한,4563-81**-****-6439,93182506,승인,59091,5909,65000,03
2025-01-24 16:17:03,KB국민,5370-68**-****-2291,69618021,승인,50000,5000,55000,00
2025-01-24 16:40:51,KB국민,5370-31**-****-1750,76091781,승인,54545,5455,60000,00
2025-01-24 17:03:42,신한,9411-97**-****-5695,43629729,승인,4545,455,5000,00
2025-01-24 17:35:35,BC,6243-75**-****-5990,85475000,승인,36364,3636,40000,00
2025-01-24 17:50:12,삼성,5765-67**-****-3018,71389561,승인,59091,5909,65000,00
2025-01-24 18:44:44,KB국민,9420-71**-****-5072,56405710,승인,40909,4091,45000,00
2025-01-24 19:19:35,BC,6243-75**-****-5990,85475000,취소,36364,3636,40000,00
2025-01-24 19:32:08,삼성,5765-84**-****-8091,74818030,승인,72727,7273,80000,00
2025-01-24 19:41:24,BC,6243-11**-****-1894,96355513,승인,45455,4545,50000,00
2025-01-24 19:45:42,현대,6011-10**-****-4633,55816176,승인,59091,5909,65000,00
2025-01-24 19:56:20,KB국민,9420-45**-****-5067,63401206,승인,63636,6364,70000,00
2025-01-24 20:28:05,KB국민,4569-23**-****-1291,64148754,승인,72727,7273,80000,00
2025-01-24 20:51:44,현대,9440-59**-****-7251,65910573,승인,10909,1091,12000,00
2025-01-24 20:55:55,BC,6243-85**-****-7025,83365441,승인,18182,1818,20000,00
2025-01-24 21:32:54,BC,9460-51**-****-9055,42331952,승인,72727,7273,80000,00
2025-01-24 21:43:20,삼성,5765-35**-****-5117,93290380,승인,22727,2273,25000,00
2025-01-24 21:45:26,BC,9460-23**-****-9564,13391969,승인,54545,5455,60000,00
2025-01-24 21:45:47,신한,4563-96**-****-6657,27806897,승인,50000,5000,55000,00
2025-01-24 21:49:58,현대,9440-59**-****-2696,98251083,승인,45455,4545,50000,00
2025-01-24 22:18:28,삼성,5765-48**-****-9393,83525272,승인,45455,4545,50000,00
2025-01-24 22:41:11,현대,6011-84**-****-8870,86589761,승인,59091,5909,65000,00
2025-01-25 10:04:13,BC,9460-78**-****-4368,68416623,승인,50000,5000,55000,00
2025-01-25 11:10:34,삼성,5765-91**-****-5832,29337491,승인,50000,5000,55000,00
2025-01-25 11:47:37,현대,9440-74**-****-6860,24245271,승인,36364,3636,40000,00
2025-01-25 13:20:38,롯데,4280-72**-****-5934,86863404,승인,36364,3636,40000,00
2025-01-25 13:42:04,삼성,5765-52**-****-8982,57934299,승인,10909,1091,12000,00
2025-01-25 14:16:35,KB국민,5370-62**-****-5237,62080854,승인,40909,4091,45000,00
2025-01-25 14:20:15,현대,6011-45**-****-8145,58249394,승인,9091,909,10000,00
2025-01-25 14:41:15,신한,9411-50**-****-4170,75211190,승인,6364,636,7000,00
2025-01-25 14:51:36,BC,6243-92**-****-8557,83774735,승인,4545,455,5000,00
2025-01-25 15:16:08,KB국민,4569-29**-****-8640,15360735,승인,45455,4545,50000,00
2025-01-25 15:43:19,신한,4563-60**-****-7249,98680762,승인,40909,4091,45000,00
2025-01-25 15:46:18,NH,4547-75**-****-9426,69801634,승인,36364,3636,40000,00
2025-01-25 15:48:39,하나,5320-24**-****-1144,99783401,승인,72727,7273,80000,00
2025-01-25 16:15:57,하나,4568-24**-****-7248,61791391,승인,50000,5000,55000,00
2025-01-25 16:56:58,하나,9480-10**-****-1684,86868988,승인,59091,5909,65000,03
2025-01-25 17:25:27,삼성,5765-92**-****-1096,92993446,승인,59091,5909,65000,00
2025-01-25 17:34:25,신한,9411-52**-****-6437,58425464,승인,40909,4091,45000,00
2025-01-25 17:39:42,현대,9440-50**-****-6971,67486445,승인,10909,1091,12000,00
2025-01-25 17:43:04,하나,9480-15**-****-7180,67513345,승인,45455,4545,50000,00
2025-01-25 18:04:50,KB국민,9420-74**-****-2117,31390345,승인,59091,5909,65000,00
2025-01-25 18:18:57,신한,9411-78**-****-3742,81565674,승인,50000,5000,55000,00
2025-01-25 19:04:47,삼성,9410-19**-****-2433,17283737,승인,45455,4545,50000,00
2025-01-25 19:34:35,신한,5563-37**-****-6633,65385548,승인,40909,4091,45000,00
2025-01-25 21:54:32,삼성,9410-34**-****-5140,25384377,승인,7273,727,8000,00
2025-01-26 12:30:57,BC,6243-25**-****-9246,22507745,승인,36364,3636,40000,00
2025-01-26 13:38:45,현대,4214-24**-****-6410,74628070,승인,40909,4091,45000,00
2025-01-26 15:16:23,삼성,9430-70**-****-7358,71021210,승인,50000,5000,55000,00
2025-01-26 15:51:20,신한,9411-93**-****-7980,88567056,승인,16364,1636,18000,00
2025-01-26 15:54:34,KB국민,9420-97**-****-5514,63345392,승인,16364,1636,18000,00
2025-01-26 17:02:44,KB국민,4569-54**-****-7246,89060695,승인,22727,2273,25000,00
2025-01-26 17:06:01,KB국민,9420-29**-****-7877,91270313,승인,50000,5000,55000,00
2025-01-26 17:11:36,롯데,5284-38**-****-1662,75450221,승인,45455,4545,50000,00
2025-01-26 17:22:49,KB국민,9420-45**-****-2343,28790705,승인,54545,5455,60000,00
2025-01-26 17:28:36,롯데,5284-38**-****-1662,75450221,취소,45455,4545,50000,00
2025-01-26 17:30:55,삼성,5765-84**-****-3338,34412077,승인,72727,7273,80000,00
2025-01-26 18:08:28,신한,4563-29**-****-4465,35086055,승인,45455,4545,50000,00
2025-01-26 18:08:57,NH,5765-76**-****-8069,66463253,승인,36364,3636,40000,00
2025-01-26 18:11:24,신한,9411-42**-****-9465,60509993,승인,63636,6364,70000,00
2025-01-26 18:25:23,현대,6011-75**-****-3717,28840235,승인,36364,3636,40000,00
2025-01-26 18:49:45,롯데,4280-39**-****-2951,69940949,승인,16364,1636,18000,00
2025-01-26 19:08:40,NH,9470-31**-****-1916,44663022,승인,36364,3636,40000,00
2025-01-26 19:30:13,현대,9440-26**-****-1706,86972056,승인,45455,4545,50000,00
2025-01-26 19:32:16,롯데,5284-39**-****-2127,60762668,승인,45455,4545,50000,00
2025-01-26 19:50:00,KB국민,9420-58**-****-1117,97851693,승인,27273,2727,30000,00
2025-01-26 20:23:25,NH,4547-69**-****-3193,77259613,승인,50000,5000,55000,00
2025-01-26 20:26:35,KB국민,4569-42**-****-8925,51158280,승인,22727,2273,25000,00
2025-01-26 20:37:25,NH,5765-70**-****-9842,97766064,승인,50000,5000,55000,00
2025-01-26 20:58:48,삼성,9410-71**-****-5170,41207351,승인,27273,2727,30000,00
2025-01-26 21:02:41,삼성,5765-43**-****-5480,87662596,승인,59091,5909,65000,00
2025-01-26 21:05:18,BC,4556-34**-****-5223,10734097,승인,27273,2727,30000,00
2025-01-26 21:12:16,롯데,9450-90**-****-9309,14186818,승인,40909,4091,45000,00
2025-01-26 21:33:25,BC,6243-20**-****-5644,39070676,승인,36364,3636,40000,00
2025-01-26 22:14:33,신한,4563-87**-****-8898,10885526,승인,63636,6364,70000,00
2025-01-27 10:05:52,KB국민,9420-21**-****-8133,18600733,승인,31818,3182,35000,00
2025-01-27 11:49:52,현대,4214-35**-****-1175,98165507,승인,31818,3182,35000,00
2025-01-27 12:18:21,BC,4556-83**-****-9813,43573422,승인,27273,2727,30000,00
2025-01-27 15:23:05,삼성,9430-46**-****-9536,90191410,승인,45455,4545,50000,00
2025-01-27 15:53:35,신한,4563-87**-****-4707,36108729,승인,45455,4545,50000,00
2025-01-27 17:21:51,현대,9440-59**-****-3633,95345915,승인,54545,5455,60000,00
2025-01-27 17:25:36,신한,4563-23**-****-9294,84978145,승인,36364,3636,40000,00
2025-01-27 19:14:51,KB국민,4569-78**-****-9462,11305024,승인,13636,1364,15000,00
2025-01-27 19:16:15,삼성,5765-19**-****-6603,84430642,승인,10909,1091,12000,00
2025-01-27 19:24:36,롯데,5284-97**-****-8517,71836850,승인,18182,1818,20000,00
2025-01-27 19:25:37,KB국민,9420-21**-****-2124,83765077,승인,40909,4091,45000,00
2025-01-27 19:43:02,신한,9411-61**-****-5520,57395992,승인,45455,4545,50000,03
2025-01-27 21:30:20,신한,5563-33**-****-5408,35523849,승인,13636,1364,15000,00
2025-01-27 21:33:18,삼성,5765-76**-****-9364,41094351,승인,40909,4091,45000,00
2025-01-27 21:55:01,삼성,9410-91**-****-7269,39579214,승인,18182,1818,20000,00
2025-01-28 13:05:43,현대,6011-71**-****-1692,59821155,승인,40909,4091,45000,00
2025-01-28 19:31:57,BC,6243-60**-****-5591,39808788,승인,54545,5455,60000,00
2025-01-28 20:55:16,신한,9411-29**-****-6833,24319594,승인,40909,4091,45000,00
2025-01-29 16:39:55,신한,4563-44**-****-4885,73262903,승인,36364,3636,40000,00
2025-01-29 18:27:30,삼성,5765-68**-****-3863,26155543,승인,54545,5455,60000,00
2025-01-29 19:29:20,삼성,9410-84**-****-7216,23522144,승인,36364,3636,40000,00
2025-01-30 14:27:13,현대,4214-61**-****-6981,47531240,승인,40909,4091,45000,00
2025-01-30 14:31:08,KB국민,4569-42**-****-5915,85448945,승인,45455,4545,50000,00
2025-01-30 17:24:12,BC,6243-70**-****-3450,11307588,승인,40909,4091,45000,00
2025-01-30 17:36:08,현대,6011-40**-****-5422,84536479,승인,54545,5455,60000,00
2025-01-30 20:03:25,현대,9440-42**-****-4530,73960038,승인,6364,636,7000,00
2025-01-31 13:29:39,신한,5563-34**-****-9060,53036072,승인,18182,1818,20000,00
2025-01-31 13:53:10,삼성,9430-70**-****-6328,72705646,승인,36364,3636,40000,00
2025-01-31 13:55:43,KB국민,9420-46**-****-3859,57661928,승인,50000,5000,55000,00
2025-01-31 15:05:28,신한,4563-10**-****-1172,80238316,승인,54545,5455,60000,00
2025-01-31 15:09:05,신한,4563-90**-****-8260,26966692,승인,63636,6364,70000,00
2025-01-31 16:20:20,현대,4214-66**-****-5444,58743159,승인,54545,5455,60000,00
2025-01-31 16:32:31,NH,4547-90**-****-8598,29441214,승인,72727,7273,80000,00
2025-01-31 16:47:34,KB국민,5370-27**-****-3988,48868823,승인,10909,1091,12000,00
2025-01-31 17:26:56,KB국민,5370-92**-****-3675,62307771,승인,22727,2273,25000,00
2025-01-31 19:40:47,KB국민,4569-71**-****-6688,82433029,승인,63636,6364,70000,00
2025-01-31 20:14:16,KB국민,5370-88**-****-9464,46489118,승인,6364,636,7000,00
2025-01-31 20:16:23,KB국민,4569-12**-****-6638,65265613,승인,59091,5909,65000,00
2025-01-31 20:33:28,삼성,9410-94**-****-4844,43775489,승인,63636,6364,70000,00
2025-01-31 20:54:08,신한,5563-98**-****-1136,76025948,승인,13636,1364,15000,00
2025-01-31 21:30:19,롯데,5284-10**-****-4788,83579795,승인,4545,455,5000,00
2025-01-31 21:30:35,삼성,9430-20**-****-9584,23949034,승인,36364,3636,40000,00
2025-01-31 21:40:51,KB국민,4569-20**-****-2168,31743203,승인,59091,5909,65000,00
2025-01-31 21:44:47,신한,4563-22**-****-2687,18562070,승인,40909,4091,45000,00
2025-01-31 22:34:59,KB국민,9420-32**-****-9835,89299984,승인,54545,5455,60000,00
2025-02-01 10:06:18,삼성,9410-21**-****-4814,30224423,승인,54545,5455,60000,00
2025-02-01 10:13:21,신한,4563-99**-****-8597,14259684,승인,63636,6364,70000,00
2025-02-01 10:24:22,신한,5563-79**-****-5828,75779034,승인,45455,4545,50000,06
2025-02-01 13:14:34,신한,5563-82**-****-5075,93929707,승인,16364,1636,18000,00
2025-02-01 13:18:52,KB국민,9420-58**-****-9289,34901990,승인,54545,5455,60000,00
2025-02-01 14:02:12,KB국민,5370-83**-****-1521,96134450,승인,6364,636,7000,00
2025-02-01 14:11:34,신한,5563-18**-****-3627,81288059,승인,59091,5909,65000,00
2025-02-01 14:53:16,BC,6243-59**-****-5078,69453211,승인,63636,6364,70000,00
2025-02-01 15:02:12,롯데,4280-70**-****-4415,62227199,승인,72727,7273,80000,00
2025-02-01 15:02:46,BC,9460-76**-****-4537,23035125,승인,6364,636,7000,00
2025-02-01 15:42:12,KB국민,5370-83**-****-1521,96134450,취소,6364,636,7000,00
2025-02-01 15:45:04,NH,9470-20**-****-9051,72821834,승인,4545,455,5000,00
2025-02-01 16:41:20,삼성,5765-15**-****-2092,27418007,승인,6364,636,7000,00
2025-02-01 16:48:40,삼성,5765-99**-****-3521,81988124,승인,36364,3636,40000,00
2025-02-01 16:53:48,삼성,9410-70**-****-9899,34374441,승인,45455,4545,50000,00
2025-02-01 17:00:10,KB국민,5370-15**-****-1146,87990837,승인,54545,5455,60000,00
2025-02-01 18:19:12,NH,9470-40**-****-2850,94947603,승인,59091,5909,65000,00
2025-02-01 19:19:59,삼성,5765-25**-****-9534,43999060,승인,59091,5909,65000,00
2025-02-01 20:03:23,롯데,5284-17**-****-7046,92803389,승인,22727,2273,25000,00
2025-02-01 20:08:31,신한,5563-66**-****-6690,35899364,승인,50000,5000,55000,00
2025-02-01 20:30:44,신한,9411-21**-****-9190,93033107,승인,45455,4545,50000,00
2025-02-01 20:42:31,현대,6011-16**-****-5193,59171204,승인,22727,2273,25000,00
2025-02-01 21:39:54,롯데,9450-18**-****-6254,98354109,승인,13636,1364,15000,00
2025-02-01 22:52:24,KB국민,4569-88**-****-3525,48000942,승인,9091,909,10000,00
2025-02-02 11:59:33,신한,9411-54**-****-1301,57232974,승인,54545,5455,60000,00
2025-02-02 12:03:58,신한,4563-39**-****-2974,97614538,승인,59091,5909,65000,00
2025-02-02 14:18:12,삼성,9410-59**-****-2091,98633740,승인,54545,5455,60000,00
2025-02-02 14:22:38,롯데,9450-88**-****-6729,69352435,승인,36364,3636,40000,00
2025-02-02 15:27:20,삼성,9430-56**-****-7939,56749089,승인,40909,4091,45000,00
2025-02-02 15:39:59,BC,9460-98**-****-6624,24935479,승인,45455,4545,50000,00
2025-02-02 15:54:58,BC,9460-75**-****-7237,23368583,승인,59091,5909,65000,06
2025-02-02 16:30:01,신한,9411-76**-****-9952,44716489,승인,59091,5909,65000,00
2025-02-02 16:44:14,삼성,9430-86**-****-8300,87209399,승인,45455,4545,50000,00
2025-02-02 17:19:15,신한,9411-59**-****-5221,13954845,승인,22727,2273,25000,00
2025-02-02 18:14:27,롯데,5284-70**-****-2352,86697457,승인,54545,5455,60000,00
2025-02-02 18:31:25,KB국민,9420-41**-****-5034,19615892,승인,50000,5000,55000,00
2025-02-02 18:32:21,KB국민,4569-80**-****-6163,53574336,승인,45455,4545,50000,00
2025-02-02 18:39:46,현대,4214-15**-****-9631,44286770,승인,45455,4545,50000,00
2025-02-02 18:43:39,KB국민,9420-64**-****-3502,51927304,승인,9091,909,10000,00
2025-02-02 19:12:55,신한,5563-27**-****-9582,67722252,승인,7273,727,8000,00
2025-02-02 19:28:02,신한,5563-24**-****-2405,17319968,승인,50000,5000,55000,00
2025-02-02 19:33:08,삼성,9410-12**-****-6159,47038339,승인,54545,5455,60000,00
2025-02-02 20:11:31,KB국민,4569-83**-****-1612,61210252,승인,40909,4091,45000,00
2025-02-02 20:26:48,BC,9460-37**-****-9939,60340113,승인,63636,6364,70000,00
2025-02-02 20:35:25,삼성,5765-27**-****-3136,74548325,승인,54545,5455,60000,00
2025-02-02 20:49:40,현대,4214-31**-****-2705,34212413,승인,59091,5909,65000,00
2025-02-02 20:59:47,신한,4563-14**-****-1003,48182550,승인,54545,5455,60000,00
2025-02-02 21:07:11,BC,9460-50**-****-1483,65571528,승인,13636,1364,15000,00
2025-02-02 21:15:14,BC,4556-19**-****-4562,53579429,승인,54545,5455,60000,00
2025-02-02 21:17:14,신한,4563-21**-****-3248,61298971,승인,7273,727,8000,00
2025-02-02 21:21:28,삼성,5765-84**-****-3270,82659280,승인,22727,2273,25000,00
2025-02-02 21:31:55,신한,5563-81**-****-8503,12884132,승인,40909,4091,45000,00
2025-02-02 21:32:35,삼성,9410-43**-****-3267,59269031,승인,45455,4545,50000,00
2025-02-02 21:59:00,삼성,9430-82**-****-9846,30076290,승인,63636,6364,70000,00
2025-02-02 22:19:28,삼성,9410-26**-****-2749,34796255,승인,10909,1091,12000,00
2025-02-02 22:49:09,NH,4547-81**-****-2111,81532887,승인,27273,2727,30000,00
2025-02-03 12:32:07,롯데,4280-27**-****-9952,62756521,승인,31818,3182,35000,00
2025-02-03 13:54:38,현대,4214-59**-****-4014,75960711,승인,40909,4091,45000,00
2025-02-03 14:18:39,현대,9440-92**-****-8595,70625891,승인,27273,2727,30000,00
2025-02-03 14:45:03,신한,5563-46**-****-8311,94081078,승인,16364,1636,18000,00
2025-02-03 14:57:08,삼성,9430-68**-****-1200,76790446,승인,9091,909,10000,00
2025-02-03 15:44:41,현대,9440-24**-****-2494,70317234,승인,31818,3182,35000,00
2025-02-03 17:28:01,KB국민,9420-68**-****-4308,22103709,승인,40909,4091,45000,00
2025-02-03 17:49:10,KB국민,9420-30**-****-3459,29408873,승인,13636,1364,15000,00
2025-02-03 17:56:02,KB국민,4569-81**-****-1643,61995659,승인,40909,4091,45000,00
2025-02-03 18:10:12,삼성,9410-62**-****-5421,39870720,승인,40909,4091,45000,00
2025-02-03 18:14:38,신한,9411-20**-****-6886,73968467,승인,40909,4091,45000,00
2025-02-03 18:40:03,신한,4563-46**-****-5989,71920968,승인,40909,4091,45000,00
2025-02-03 19:05:33,롯데,4280-58**-****-3619,83866174,승인,16364,1636,18000,00
2025-02-03 20:12:48,삼성,9430-98**-****-9027,53606752,승인,40909,4091,45000,00
2025-02-03 20:34:51,현대,4214-37**-****-4897,89035763,승인,4545,455,5000,00
2025-02-03 21:36:38,KB국민,5370-23**-****-9530,70614013,승인,54545,5455,60000,00
2025-02-03 21:56:15,KB국민,9420-60**-****-6126,92074794,승인,50000,5000,55000,06
2025-02-04 13:44:55,신한,4563-36**-****-9595,38058347,승인,36364,3636,40000,00
2025-02-04 13:56:15,KB국민,4569-77**-****-4541,50576475,승인,13636,1364,15000,00
2025-02-04 14:18:39,KB국민,4569-14**-****-6901,22499198,승인,45455,4545,50000,00
2025-02-04 14:23:50,롯데,9450-74**-****-8270,13346688,승인,4545,455,5000,00
2025-02-04 14:50:48,현대,4214-44**-****-1518,65548633,승인,10909,1091,12000,00
2025-02-04 16:32:35,롯데,9450-53**-****-6460,63156840,승인,36364,3636,40000,00
2025-02-04 16:51:40,삼성,9410-42**-****-5614,19104802,승인,31818,3182,35000,00
2025-02-04 17:38:38,신한,5563-89**-****-5556,94374018,승인,36364,3636,40000,00
2025-02-04 18:50:07,롯데,5284-15**-****-7783,54800838,승인,40909,4091,45000,00
2025-02-04 18:51:11,신한,9411-25**-****-1025,13219453,승인,54545,5455,60000,00
2025-02-04 18:52:13,신한,9411-14**-****-6718,29511823,승인,36364,3636,40000,00
2025-02-04 19:06:36,하나,5320-64**-****-5705,91717739,승인,54545,5455,60000,00
2025-02-04 19:30:09,NH,4547-62**-****-8577,17519183,승인,50000,5000,55000,00
2025-02-04 20:16:33,하나,9480-76**-****-9132,94806492,승인,54545,5455,60000,00
2025-02-04 20:19:36,KB국민,4569-29**-****-2084,47642707,승인,45455,4545,50000,06
2025-02-04 20:20:23,BC,6243-47**-****-2063,73191967,승인,50000,5000,55000,00
2025-02-04 20:21:24,BC,6243-33**-****-7382,89885300,승인,22727,2273,25000,00
2025-02-04 20:39:01,신한,4563-70**-****-8849,14772547,승인,40909,4091,45000,00
2025-02-04 21:42:36,신한,9411-63**-****-2784,33924094,승인,54545,5455,60000,00
2025-02-05 11:13:52,KB국민,9420-79**-****-6606,41696096,승인,45455,4545,50000,00
2025-02-05 11:57:43,삼성,9410-64**-****-2410,62602177,승인,27273,2727,30000,00
2025-02-05 12:19:43,KB국민,5370-88**-****-3354,44635255,승인,40909,4091,45000,00
2025-02-05 13:28:11,하나,9480-97**-****-2781,90048179,승인,10909,1091,12000,00
2025-02-05 14:02:29,현대,6011-10**-****-2897,51739205,승인,40909,4091,45000,00
2025-02-05 14:38:57,현대,4214-49**-****-6826,54604858,승인,45455,4545,50000,00
2025-02-05 14:42:04,BC,9460-51**-****-8584,84502610,승인,27273,2727,30000,00
2025-02-05 14:59:30,신한,9411-96**-****-9456,27812995,승인,45455,4545,50000,00
2025-02-05 17:37:26,현대,6011-71**-****-3605,61514973,승인,40909,4091,45000,00
2025-02-05 17:45:50,신한,5563-48**-****-2162,81503899,승인,36364,3636,40000,00
2025-02-05 18:22:30,BC,4556-75**-****-3087,23815327,승인,50000,5000,55000,00
2025-02-05 18:49:28,신한,9411-24**-****-5483,12047721,승인,36364,3636,40000,00
2025-02-05 20:01:36,현대,9440-46**-****-4154,47131272,승인,45455,4545,50000,00
2025-02-05 20:45:48,삼성,9430-21**-****-3159,72850928,승인,54545,5455,60000,00
2025-02-05 21:25:11,롯데,5284-13**-****-8987,18773168,승인,45455,4545,50000,00
2025-02-05 21:43:54,BC,9460-76**-****-2689,98447373,승인,54545,5455,60000,00
2025-02-05 21:51:18,신한,5563-16**-****-8268,27458237,승인,54545,5455,60000,06
2025-02-05 22:35:32,신한,4563-44**-****-6218,28999435,승인,36364,3636,40000,00
2025-02-06 10:32:25,BC,9460-80**-****-7049,17130627,승인,31818,3182,35000,00
2025-02-06 10:35:52,삼성,9430-40**-****-1510,67943873,승인,36364,3636,40000,00
2025-02-06 13:00:04,삼성,9430-27**-****-8155,21363335,승인,27273,2727,30000,00
2025-02-06 13:34:18,현대,4214-36**-****-4205,52493026,승인,40909,4091,45000,00
2025-02-06 13:51:26,NH,5765-89**-****-7974,34131995,승인,40909,4091,45000,00
2025-02-06 14:08:12,KB국민,4569-46**-****-3527,99934747,승인,45455,4545,50000,00
2025-02-06 16:02:44,롯데,4280-17**-****-5267,94463223,승인,27273,2727,30000,00
2025-02-06 16:50:58,NH,4547-21**-****-6640,88212291,승인,36364,3636,40000,00
2025-02-06 17:27:35,KB국민,4569-83**-****-1121,76861495,승인,50000,5000,55000,00
2025-02-06 18:10:36,현대,4214-46**-****-1447,75063411,승인,4545,455,5000,00
2025-02-06 18:32:57,KB국민,4569-55**-****-7897,49542951,승인,18182,1818,20000,00
2025-02-06 18:42:03,신한,9411-28**-****-1003,98701999,승인,36364,3636,40000,00
2025-02-06 18:45:23,KB국민,9420-28**-****-2311,80653292,승인,36364,3636,40000,00
2025-02-06 19:25:40,현대,4214-37**-****-9931,98917575,승인,45455,4545,50000,00
2025-02-06 20:15:45,신한,5563-14**-****-7012,15082158,승인,54545,5455,60000,00
2025-02-06 22:04:43,롯데,9450-78**-****-6628,11447323,승인,54545,5455,60000,00
2025-02-06 22:48:49,KB국민,5370-90**-****-8740,99085263,승인,45455,4545,50000,03
2025-02-07 11:38:42,하나,5320-21**-****-2965,91159552,승인,50000,5000,55000,00
2025-02-07 12:24:42,신한,4563-90**-****-2749,58219211,승인,9091,909,10000,00
2025-02-07 12:28:22,롯데,9450-89**-****-1388,22340150,승인,50000,5000,55000,00
2025-02-07 12:36:46,롯데,9450-14**-****-1014,99201885,승인,54545,5455,60000,06
2025-02-07 13:34:59,신한,9411-56**-****-2485,81756326,승인,59091,5909,65000,00
2025-02-07 13:42:48,NH,4547-69**-****-5826,98647835,승인,45455,4545,50000,00
2025-02-07 14:04:31,현대,4214-28**-****-2776,82562419,승인,50000,5000,55000,00
2025-02-07 14:37:47,현대,9440-99**-****-5280,41701674,승인,45455,4545,50000,00
2025-02-07 16:00:43,BC,9460-22**-****-7737,80499776,승인,36364,3636,40000,00
2025-02-07 16:47:48,신한,4563-28**-****-5302,81194737,승인,50000,5000,55000,00
2025-02-07 17:09:44,NH,5765-71**-****-9039,68526669,승인,59091,5909,65000,00
2025-02-07 17:44:44,NH,5765-71**-****-9039,68526669,취소,59091,5909,65000,00
2025-02-07 17:46:49,KB국민,5370-98**-****-7298,74701849,승인,40909,4091,45000,00
2025-02-07 17:49:43,롯데,9450-53**-****-9518,34148004,승인,50000,5000,55000,00
2025-02-07 18:51:33,신한,9411-86**-****-3376,30689702,승인,36364,3636,40000,00
2025-02-07 18:56:40,롯데,9450-34**-****-1584,13404379,승인,18182,1818,20000,00
2025-02-07 19:54:27,신한,9411-93**-****-5183,88406887,승인,54545,5455,60000,00
2025-02-07 20:13:39,NH,5765-23**-****-5243,14678950,승인,40909,4091,45000,00
2025-02-07 20:17:49,KB국민,4569-43**-****-1984,45522715,승인,36364,3636,40000,00
2025-02-07 20:21:05,롯데,5284-32**-****-4327,84420438,승인,18182,1818,20000,00
2025-02-07 20:22:03,롯데,9450-61**-****-8602,73918769,승인,54545,5455,60000,00
2025-02-07 20:48:26,신한,5563-36**-****-3740,87545284,승인,63636,6364,70000,00
2025-02-07 21:00:18,KB국민,9420-22**-****-1672,81308986,승인,72727,7273,80000,00
2025-02-07 21:17:16,현대,4214-24**-****-1232,91043555,승인,45455,4545,50000,00
2025-02-07 21:40:29,롯데,4280-42**-****-6298,31738712,승인,54545,5455,60000,00
2025-02-08 11:34:41,KB국민,4569-14**-****-1268,55538076,승인,54545,5455,60000,00
2025-02-08 11:50:46,KB국민,5370-68**-****-9570,82016051,승인,36364,3636,40000,00
2025-02-08 12:47:26,신한,4563-16**-****-8936,68500818,승인,50000,5000,55000,00
2025-02-08 13:09:43,KB국민,5370-92**-****-1885,58881166,승인,72727,7273,80000,00
2025-02-08 13:37:14,삼성,9410-93**-****-9010,12558593,승인,40909,4091,45000,00
2025-02-08 13:59:39,삼성,9430-90**-****-4181,58129159,승인,72727,7273,80000,00
2025-02-08 15:27:16,현대,4214-23**-****-1709,17040602,승인,59091,5909,65000,00
2025-02-08 16:07:17,롯데,5284-66**-****-3703,42701425,승인,45455,4545,50000,00
2025-02-08 17:10:48,신한,9411-83**-****-3784,84189605,승인,59091,5909,65000,00
2025-02-08 17:25:30,KB국민,5370-81**-****-2361,11667385,승인,6364,636,7000,00
2025-02-08 18:50:13,현대,4214-75**-****-1898,58853980,승인,6364,636,7000,00
2025-02-08 18:51:39,삼성,9430-51**-****-7586,26213828,승인,50000,5000,55000,00
2025-02-08 18:58:39,신한,5563-11**-****-3138,33118870,승인,36364,3636,40000,00
2025-02-08 19:10:45,BC,6243-68**-****-1399,72244899,승인,18182,1818,20000,00
2025-02-08 19:13:09,KB국민,5370-86**-****-1616,34159253,승인,54545,5455,60000,00
2025-02-08 19:20:26,롯데,9450-51**-****-2804,40572391,승인,50000,5000,55000,00
2025-02-08 19:26:13,신한,9411-12**-****-2486,74395377,승인,7273,727,8000,00
2025-02-08 19:39:05,신한,9411-77**-****-2925,22842469,승인,54545,5455,60000,03
2025-02-08 19:47:55,신한,4563-85**-****-4643,29994374,승인,9091,909,10000,00
2025-02-08 19:52:39,신한,5563-11**-****-3138,33118870,취소,36364,3636,40000,00
2025-02-08 19:55:48,KB국민,5370-16**-****-5528,36000523,승인,50000,5000,55000,00
2025-02-08 19:57:19,KB국민,5370-23**-****-2047,25324937,승인,40909,4091,45000,00
2025-02-08 20:04:24,KB국민,4569-44**-****-7977,92208524,승인,13636,1364,15000,00
2025-02-08 20:55:45,신한,4563-91**-****-8607,10183025,승인,16364,1636,18000,00
2025-02-08 21:02:08,롯데,4280-30**-****-7162,12097866,승인,40909,4091,45000,00
2025-02-08 21:05:00,삼성,9410-63**-****-5648,73889312,승인,36364,3636,40000,00
2025-02-08 21:05:26,BC,4556-45**-****-8581,11946674,승인,72727,7273,80000,00
2025-02-08 21:11:10,KB국민,5370-40**-****-2160,69702849,승인,36364,3636,40000,00
2025-02-08 21:57:00,하나,9480-74**-****-8711,14512474,승인,16364,1636,18000,00
2025-02-08 22:12:21,삼성,9430-24**-****-3236,72482955,승인,45455,4545,50000,00
2025-02-08 22:36:34,신한,9411-85**-****-1746,33279749,승인,45455,4545,50000,00
2025-02-09 12:25:57,신한,9411-45**-****-3699,25035684,승인,45455,4545,50000,00
2025-02-09 12:52:19,신한,5563-38**-****-8593,13602405,승인,27273,2727,30000,00
2025-02-09 13:20:36,KB국민,5370-95**-****-1568,52539471,승인,45455,4545,50000,00
2025-02-09 14:20:38,NH,4547-28**-****-7513,67396933,승인,36364,3636,40000,00
2025-02-09 14:59:49,신한,4563-75**-****-2431,62938641,승인,54545,5455,60000,00
2025-02-09 15:07:41,롯데,4280-38**-****-4437,53011925,승인,72727,7273,80000,00
2025-02-09 16:07:46,NH,5765-49**-****-2914,13328008,승인,72727,7273,80000,00
2025-02-09 16:17:32,신한,4563-74**-****-8966,80690141,승인,63636,6364,70000,06
2025-02-09 16:23:00,신한,4563-37**-****-2435,69622247,승인,54545,5455,60000,00
2025-02-09 17:53:14,신한,5563-84**-****-4197,80656754,승인,72727,7273,80000,00
2025-02-09 18:18:49,삼성,9430-31**-****-8469,93031143,승인,36364,3636,40000,00
2025-02-09 18:45:36,신한,4563-80**-****-5742,75845287,승인,7273,727,8000,00
2025-02-09 19:18:26,KB국민,9420-13**-****-5009,26019511,승인,7273,727,8000,00
2025-02-09 19:18:30,하나,5320-82**-****-3409,69338400,승인,54545,5455,60000,00
2025-02-09 19:23:23,현대,6011-27**-****-4354,54953500,승인,45455,4545,50000,00
2025-02-09 19:26:51,신한,5563-63**-****-7944,28732457,승인,18182,1818,20000,00
2025-02-09 19:31:09,KB국민,4569-97**-****-7824,82670169,승인,50000,5000,55000,00
2025-02-09 19:33:53,KB국민,4569-43**-****-3813,40438156,승인,72727,7273,80000,00
2025-02-09 20:09:16,하나,5320-25**-****-8742,97753291,승인,10909,1091,12000,00
2025-02-09 20:30:45,KB국민,9420-34**-****-2075,71454824,승인,54545,5455,60000,00
2025-02-09 20:31:04,롯데,4280-82**-****-8872,68528124,승인,27273,2727,30000,00
2025-02-09 20:38:05,신한,4563-52**-****-9606,18873909,승인,7273,727,8000,00
2025-02-09 20:58:51,신한,5563-63**-****-7944,28732457,취소,18182,1818,20000,00
2025-02-09 21:14:53,KB국민,9420-72**-****-6346,89639062,승인,59091,5909,65000,00
2025-02-09 21:30:22,KB국민,4569-18**-****-4097,12957704,승인,63636,6364,70000,00
2025-02-09 21:37:48,삼성,9430-63**-****-5478,33473742,승인,16364,1636,18000,00
2025-02-09 21:45:34,신한,5563-30**-****-3514,41931112,승인,54545,5455,60000,00
2025-02-09 21:49:09,NH,5765-74**-****-9948,54463735,승인,72727,7273,80000,00
2025-02-09 22:09:23,KB국민,4569-13**-****-2990,64299436,승인,72727,7273,80000,00
2025-02-10 11:09:54,하나,4568-30**-****-6770,77194013,승인,36364,3636,40000,00
2025-02-10 12:37:22,삼성,5765-57**-****-5610,75082045,승인,31818,3182,35000,00
2025-02-10 13:28:56,KB국민,5370-13**-****-5991,25917805,승인,45455,4545,50000,00
2025-02-10 13:50:42,KB국민,4569-18**-****-1709,50486214,승인,45455,4545,50000,00
2025-02-10 14:54:44,현대,4214-36**-****-3053,27477597,승인,31818,3182,35000,00
2025-02-10 15:40:59,KB국민,9420-22**-****-4002,90364540,승인,27273,2727,30000,00
2025-02-10 16:46:36,BC,9460-28**-****-1958,52906872,승인,27273,2727,30000,00
2025-02-10 17:44:08,삼성,9430-16**-****-6832,48903840,승인,45455,4545,50000,00
2025-02-10 17:58:58,삼성,9410-38**-****-9247,35288872,승인,40909,4091,45000,00
2025-02-10 19:18:10,삼성,5765-37**-****-2616,77671943,승인,22727,2273,25000,00
2025-02-10 19:48:06,NH,9470-33**-****-4277,57182050,승인,36364,3636,40000,00
2025-02-10 20:34:20,BC,4556-97**-****-5447,58656970,승인,45455,4545,50000,00
2025-02-10 20:35:39,BC,6243-63**-****-2867,71806103,승인,54545,5455,60000,00
2025-02-10 20:39:15,KB국민,9420-77**-****-1229,39124988,승인,54545,5455,60000,00
2025-02-10 21:07:52,NH,4547-49**-****-6705,58663129,승인,40909,4091,45000,00
2025-02-10 22:27:44,삼성,9430-15**-****-8065,36353784,승인,36364,3636,40000,00
2025-02-11 10:48:02,NH,9470-67**-****-7285,52219420,승인,40909,4091,45000,00
2025-02-11 11:47:03,KB국민,5370-58**-****-3934,91145880,승인,27273,2727,30000,00
2025-02-11 13:29:06,신한,4563-90**-****-4781,28066831,승인,27273,2727,30000,00
2025-02-11 14:42:31,KB국민,9420-79**-****-6629,83366099,승인,40909,4091,45000,00
2025-02-11 14:43:31,KB국민,9420-25**-****-2392,29242468,승인,27273,2727,30000,00
2025-02-11 15:26:18,신한,9411-96**-****-8793,59317149,승인,40909,4091,45000,00
2025-02-11 15:37:24,현대,4214-17**-****-6250,13777824,승인,27273,2727,30000,00
2025-02-11 16:38:54,삼성,9430-45**-****-9177,88103795,승인,40909,4091,45000,00
2025-02-11 17:19:45,KB국민,9420-94**-****-9037,84327616,승인,50000,5000,55000,00
2025-02-11 17:44:37,롯데,9450-56**-****-2060,36720922,승인,36364,3636,40000,00
2025-02-11 18:02:05,KB국민,4569-97**-****-6111,69586748,승인,45455,4545,50000,00
2025-02-11 18:08:53,신한,5563-90**-****-1440,55802675,승인,13636,1364,15000,00
2025-02-11 18:26:07,삼성,9410-56**-****-9123,48691113,승인,45455,4545,50000,00
2025-02-11 19:09:19,현대,6011-73**-****-9518,72548391,승인,54545,5455,60000,00
2025-02-11 19:11:28,신한,4563-64**-****-7219,38759369,승인,36364,3636,40000,00
2025-02-11 19:36:30,KB국민,5370-17**-****-9301,62530781,승인,18182,1818,20000,00
2025-02-11 19:48:50,신한,4563-75**-****-8938,47432067,승인,50000,5000,55000,00
2025-02-11 21:28:29,삼성,5765-31**-****-5965,75965276,승인,36364,3636,40000,00
2025-02-12 11:36:25,현대,9440-85**-****-2552,55209639,승인,31818,3182,35000,00
2025-02-12 11:51:52,KB국민,9420-64**-****-8145,96828407,승인,36364,3636,40000,00
2025-02-12 14:01:40,BC,9460-44**-****-8656,95621026,승인,45455,4545,50000,00
2025-02-12 14:54:02,롯데,9450-50**-****-2375,90745350,승인,18182,1818,20000,00
2025-02-12 15:36:51,KB국민,5370-74**-****-5945,50253107,승인,45455,4545,50000,00
2025-02-12 16:04:57,NH,5765-60**-****-2479,28865664,승인,16364,1636,18000,00
2025-02-12 16:32:51,삼성,9430-65**-****-6952,37079584,승인,36364,3636,40000,00
2025-02-12 17:15:09,BC,9460-62**-****-4335,45827376,승인,45455,4545,50000,00
2025-02-12 17:34:20,KB국민,4569-68**-****-9443,83492593,승인,40909,4091,45000,00
2025-02-12 18:02:29,KB국민,4569-99**-****-1334,73042053,승인,50000,5000,55000,00
2025-02-12 18:20:24,KB국민,4569-98**-****-2639,37636546,승인,54545,5455,60000,00
2025-02-12 18:39:54,NH,9470-35**-****-9556,58892118,승인,50000,5000,55000,00
2025-02-12 18:54:50,BC,6243-46**-****-4507,45588515,승인,36364,3636,40000,00
2025-02-12 19:58:44,BC,9460-31**-****-6531,12645698,승인,36364,3636,40000,00
2025-02-12 20:41:10,현대,9440-29**-****-2860,35758531,승인,45455,4545,50000,00
2025-02-12 21:12:10,삼성,9430-94**-****-5551,83914523,승인,10909,1091,12000,00
2025-02-12 22:26:22,현대,9440-92**-****-4844,51889289,승인,36364,3636,40000,00
2025-02-13 12:10:15,현대,6011-86**-****-3131,65071708,승인,45455,4545,50000,00
2025-02-13 12:23:11,BC,6243-12**-****-4677,13082993,승인,40909,4091,45000,00
2025-02-13 12:39:27,신한,9411-31**-****-7028,86134053,승인,27273,2727,30000,00
2025-02-13 14:17:28,신한,5563-72**-****-1916,81601127,승인,40909,4091,45000,00
2025-02-13 14:28:50,삼성,9410-50**-****-6006,87283822,승인,31818,3182,35000,00
2025-02-13 16:07:20,KB국민,4569-56**-****-3374,73783187,승인,45455,4545,50000,00
2025-02-13 16:38:46,롯데,9450-92**-****-1853,96113089,승인,45455,4545,50000,00
2025-02-13 16:59:52,신한,9411-90**-****-8190,52571763,승인,31818,3182,35000,00
2025-02-13 18:53:37,신한,9411-50**-****-3003,54196006,승인,54545,5455,60000,00
2025-02-13 19:50:42,신한,4563-91**-****-6067,58701586,승인,40909,4091,45000,00
2025-02-13 19:52:19,현대,6011-94**-****-1570,17337997,승인,36364,3636,40000,00
2025-02-13 20:20:28,BC,9460-46**-****-6367,36664193,승인,50000,5000,55000,00
2025-02-13 20:47:24,NH,9470-23**-****-3363,33508806,승인,40909,4091,45000,00
2025-02-13 21:21:45,BC,9460-74**-****-5275,18907659,승인,50000,5000,55000,00
2025-02-13 21:41:39,NH,4547-43**-****-4248,32650041,승인,40909,4091,45000,00
2025-02-13 21:43:07,BC,4556-60**-****-1128,44297151,승인,54545,5455,60000,00
2025-02-13 21:49:41,롯데,9450-70**-****-9055,65426729,승인,50000,5000,55000,00
2025-02-14 13:14:11,KB국민,5370-65**-****-8653,25572483,승인,36364,3636,40000,00
2025-02-14 13:46:55,삼성,9430-31**-****-3959,78281626,승인,45455,4545,50000,00
2025-02-14 14:49:25,현대,9440-48**-****-2975,75880113,승인,54545,5455,60000,00
2025-02-14 15:28:56,KB국민,9420-21**-****-7931,66711868,승인,16364,1636,18000,00
2025-02-14 15:31:43,NH,9470-97**-****-5657,26373347,승인,40909,4091,45000,00
2025-02-14 16:08:31,롯데,5284-88**-****-5312,45400991,승인,54545,5455,60000,00
2025-02-14 17:06:29,BC,4556-84**-****-5175,20974924,승인,27273,2727,30000,00
2025-02-14 17:09:01,하나,4568-57**-****-5068,88235926,승인,54545,5455,60000,00
2025-02-14 17:27:54,현대,4214-63**-****-4102,34208834,승인,50000,5000,55000,00
2025-02-14 17:36:03,삼성,9410-23**-****-9411,78538495,승인,22727,2273,25000,00
2025-02-14 17:37:59,BC,9460-20**-****-1473,71771451,승인,40909,4091,45000,00
2025-02-14 18:05:58,신한,9411-41**-****-5921,80208227,승인,18182,1818,20000,00
2025-02-14 18:27:57,신한,9411-16**-****-8208,35356407,승인,45455,4545,50000,00
2025-02-14 19:08:57,KB국민,4569-74**-****-3783,76147841,승인,36364,3636,40000,00
2025-02-14 19:28:20,신한,4563-19**-****-1909,83438064,승인,45455,4545,50000,06
2025-02-14 19:29:05,KB국민,4569-97**-****-7513,38483372,승인,36364,3636,40000,00
2025-02-14 19:45:27,삼성,9410-40**-****-6453,73207479,승인,54545,5455,60000,00
2025-02-14 20:36:57,KB국민,9420-63**-****-3958,20312681,승인,50000,5000,55000,00
2025-02-14 20:39:11,현대,9440-75**-****-1662,55868216,승인,16364,1636,18000,00
2025-02-14 20:42:30,현대,6011-52**-****-1095,15885044,승인,72727,7273,80000,00
2025-02-14 20:47:51,NH,4547-57**-****-2574,78807151,승인,54545,5455,60000,00
2025-02-14 20:59:29,삼성,9410-46**-****-5361,76326127,승인,72727,7273,80000,00
2025-02-14 21:18:29,삼성,9410-46**-****-5361,76326127,취소,72727,7273,80000,00
2025-02-14 21:38:42,삼성,5765-48**-****-7241,62975309,승인,36364,3636,40000,00
2025-02-14 21:56:29,삼성,9430-43**-****-3323,25682275,승인,45455,4545,50000,00
2025-02-14 22:24:05,신한,4563-12**-****-2461,37947183,승인,63636,6364,70000,00
2025-02-14 22:43:14,NH,5765-20**-****-9596,49017499,승인,7273,727,8000,00
2025-02-14 22:59:31,KB국민,9420-68**-****-8949,76167803,승인,36364,3636,40000,00
2025-02-15 10:41:30,현대,6011-48**-****-8974,93013580,승인,72727,7273,80000,00
2025-02-15 13:23:21,삼성,9430-41**-****-1107,73574016,승인,45455,4545,50000,00
2025-02-15 13:57:09,하나,4568-35**-****-4975,49571601,승인,72727,7273,80000,00
2025-02-15 14:03:01,NH,9470-74**-****-3862,14290941,승인,59091,5909,65000,00
2025-02-15 14:11:53,삼성,5765-50**-****-5876,88813775,승인,63636,6364,70000,00
2025-02-15 15:14:53,삼성,5765-50**-****-5876,88813775,취소,63636,6364,70000,00
2025-02-15 15:32:22,삼성,5765-67**-****-3043,49991663,승인,6364,636,7000,00
2025-02-15 16:25:49,KB국민,5370-83**-****-3473,17759103,승인,45455,4545,50000,00
2025-02-15 16:32:10,신한,5563-56**-****-7799,94482060,승인,40909,4091,45000,00
2025-02-15 16:46:46,KB국민,9420-37**-****-5651,22458031,승인,7273,727,8000,00
2025-02-15 17:32:14,NH,5765-26**-****-8675,49378681,승인,59091,5909,65000,00
2025-02-15 17:40:54,삼성,9410-64**-****-8765,12928205,승인,50000,5000,55000,00
2025-02-15 18:15:53,롯데,4280-17**-****-2809,60060376,승인,10909,1091,12000,00
2025-02-15 18:19:33,롯데,9450-13**-****-1383,82468532,승인,13636,1364,15000,00
2025-02-15 18:27:36,KB국민,9420-70**-****-7834,25695520,승인,59091,5909,65000,00
2025-02-15 18:41:22,현대,6011-70**-****-4149,56150415,승인,72727,7273,80000,06
2025-02-15 18:53:25,신한,9411-63**-****-8074,76532158,승인,36364,3636,40000,00
2025-02-15 19:06:45,NH,4547-24**-****-8489,24212564,승인,36364,3636,40000,00
2025-02-15 19:08:11,삼성,9430-48**-****-9089,41503438,승인,50000,5000,55000,00
2025-02-15 19:09:48,롯데,5284-62**-****-7773,71572793,승인,63636,6364,70000,00
2025-02-15 19:24:26,롯데,9450-46**-****-4394,21568480,승인,59091,5909,65000,00
2025-02-15 19:55:13,삼성,9430-73**-****-9288,23327047,승인,59091,5909,65000,00
2025-02-15 20:21:27,현대,9440-72**-****-4671,44604301,승인,40909,4091,45000,00
2025-02-15 20:38:16,KB국민,5370-60**-****-1095,25660291,승인,40909,4091,45000,00
2025-02-15 20:38:46,삼성,5765-39**-****-8993,18147644,승인,54545,5455,60000,00
2025-02-15 20:39:23,BC,9460-34**-****-1227,25020641,승인,63636,6364,70000,00
2025-02-15 20:39:50,BC,9460-23**-****-9311,32420574,승인,40909,4091,45000,00
2025-02-15 20:44:12,신한,5563-93**-****-3378,42451191,승인,36364,3636,40000,00
2025-02-15 20:46:47,NH,9470-77**-****-5583,91926643,승인,13636,1364,15000,00
2025-02-15 20:48:42,현대,9440-33**-****-4458,20498581,승인,72727,7273,80000,00
2025-02-15 21:44:25,현대,6011-99**-****-8244,56338752,승인,18182,1818,20000,00
2025-02-15 21:50:41,롯데,5284-14**-****-2380,82133102,승인,16364,1636,18000,00
2025-02-15 22:33:50,하나,9480-18**-****-9476,21378739,승인,59091,5909,65000,00
2025-02-15 22:45:51,하나,4568-97**-****-7586,84304333,승인,22727,2273,25000,00
2025-02-15 22:50:22,롯데,4280-29**-****-5382,79174131,승인,36364,3636,40000,00
2025-02-16 10:35:22,BC,4556-83**-****-8883,51567482,승인,40909,4091,45000,00
2025-02-16 11:09:09,삼성,9430-33**-****-4532,75604774,승인,63636,6364,70000,00
2025-02-16 12:03:27,KB국민,4569-61**-****-9622,88952163,승인,45455,4545,50000,00
2025-02-16 12:40:14,신한,5563-41**-****-2663,84451573,승인,4545,455,5000,00
2025-02-16 13:08:31,삼성,5765-98**-****-2934,38540398,승인,72727,7273,80000,00
2025-02-16 13:16:49,삼성,9430-17**-****-3772,92473495,승인,40909,4091,45000,00
2025-02-16 14:01:17,신한,5563-20**-****-8278,81611045,승인,50000,5000,55000,00
2025-02-16 16:18:02,삼성,9430-47**-****-5968,75219822,승인,45455,4545,50000,00
2025-02-16 17:02:47,하나,9480-24**-****-7694,26222417,승인,45455,4545,50000,00
2025-02-16 17:10:50,KB국민,4569-15**-****-8401,10134359,승인,9091,909,10000,00
2025-02-16 17:55:33,KB국민,5370-31**-****-9876,48299260,승인,59091,5909,65000,00
2025-02-16 18:48:03,롯데,9450-94**-****-2970,81384965,승인,50000,5000,55000,00
2025-02-16 18:49:25,KB국민,4569-63**-****-9020,31856387,승인,54545,5455,60000,00
2025-02-16 18:57:21,KB국민,9420-27**-****-3175,77748258,승인,63636,6364,70000,00
2025-02-16 19:08:19,KB국민,5370-36**-****-9199,29108179,승인,27273,2727,30000,00
2025-02-16 19:25:37,KB국민,5370-65**-****-6569,34227374,승인,36364,3636,40000,00
2025-02-16 19:48:28,삼성,9410-59**-****-7711,41248877,승인,72727,7273,80000,00
2025-02-16 20:06:20,BC,9460-64**-****-3401,65304811,승인,50000,5000,55000,00
2025-02-16 20:24:07,삼성,9430-18**-****-7669,74984400,승인,10909,1091,12000,00
2025-02-16 20:37:36,신한,5563-58**-****-3293,79748476,승인,50000,5000,55000,00
2025-02-16 20:53:39,현대,9440-17**-****-1008,74717944,승인,10909,1091,12000,00
2025-02-16 21:16:24,삼성,9410-73**-****-4874,78265991,승인,40909,4091,45000,00
2025-02-16 21:21:34,하나,4568-92**-****-5544,21882280,승인,36364,3636,40000,00
2025-02-16 21:45:01,KB국민,9420-34**-****-2395,93041052,승인,54545,5455,60000,00
2025-02-16 22:11:01,신한,9411-28**-****-6243,65408139,승인,36364,3636,40000,00
2025-02-17 11:31:57,신한,5563-24**-****-7489,47224958,승인,45455,4545,50000,00
2025-02-17 12:56:41,KB국민,9420-96**-****-8293,26564560,승인,27273,2727,30000,00
2025-02-17 13:04:08,NH,9470-45**-****-9570,35749878,승인,36364,3636,40000,00
2025-02-17 14:52:39,BC,9460-73**-****-4838,58720925,승인,36364,3636,40000,00
2025-02-17 16:12:28,신한,9411-97**-****-5606,58025924,승인,27273,2727,30000,00
2025-02-17 16:52:24,신한,5563-25**-****-1138,72101540,승인,45455,4545,50000,00
2025-02-17 18:20:00,신한,9411-38**-****-1415,66884191,승인,16364,1636,18000,00
2025-02-17 18:23:33,NH,9470-45**-****-1769,66379776,승인,4545,455,5000,00
2025-02-17 18:31:10,신한,5563-18**-****-3875,88942114,승인,54545,5455,60000,00
2025-02-17 19:00:38,삼성,9430-60**-****-9011,82226781,승인,50000,5000,55000,03
2025-02-17 19:20:21,KB국민,9420-12**-****-6381,27948365,승인,40909,4091,45000,00
2025-02-17 19:41:03,KB국민,4569-25**-****-5489,79564413,승인,13636,1364,15000,00
2025-02-17 19:51:20,현대,6011-44**-****-8417,43007935,승인,45455,4545,50000,00
2025-02-17 20:01:44,현대,6011-10**-****-8437,67326334,승인,22727,2273,25000,00
2025-02-17 20:36:04,삼성,9410-65**-****-5578,38299831,승인,45455,4545,50000,00
2025-02-17 22:53:40,KB국민,9420-15**-****-5609,31664929,승인,40909,4091,45000,00
2025-02-18 12:03:58,신한,5563-26**-****-2065,18321798,승인,27273,2727,30000,00
2025-02-18 14:19:04,삼성,9430-85**-****-1393,94060174,승인,27273,2727,30000,00
2025-02-18 16:21:18,하나,5320-17**-****-3369,41861591,승인,13636,1364,15000,00
2025-02-18 16:24:25,현대,4214-86**-****-4819,98546660,승인,27273,2727,30000,00
2025-02-18 17:46:39,신한,9411-26**-****-1991,51831217,승인,50000,5000,55000,00
2025-02-18 18:15:04,현대,6011-84**-****-8314,26753912,승인,54545,5455,60000,00
2025-02-18 18:32:41,신한,5563-28**-****-3385,73018412,승인,13636,1364,15000,00
2025-02-18 19:29:24,롯데,4280-53**-****-2659,97365194,승인,50000,5000,55000,00
2025-02-18 19:37:50,NH,9470-42**-****-9337,57699801,승인,40909,4091,45000,00
2025-02-18 21:28:03,현대,9440-81**-****-1914,17006587,승인,45455,4545,50000,00
2025-02-18 21:50:01,KB국민,5370-11**-****-2682,89883050,승인,50000,5000,55000,00
2025-02-18 21:53:16,삼성,9410-16**-****-6583,54773484,승인,40909,4091,45000,00
2025-02-19 13:59:08,신한,4563-50**-****-7131,90470126,승인,31818,3182,35000,00
2025-02-19 14:00:23,삼성,9410-28**-****-2887,49000479,승인,27273,2727,30000,00
2025-02-19 14:29:56,KB국민,5370-98**-****-4654,40906854,승인,27273,2727,30000,00
2025-02-19 14:53:23,KB국민,5370-47**-****-2376,69660493,승인,10909,1091,12000,00
2025-02-19 16:23:42,하나,5320-18**-****-8106,25903904,승인,31818,3182,35000,00
2025-02-19 17:12:12,롯데,5284-95**-****-4102,73850736,승인,40909,4091,45000,00
2025-02-19 17:40:15,롯데,4280-78**-****-4098,49484539,승인,36364,3636,40000,00
2025-02-19 17:40:37,삼성,9430-38**-****-3853,45164890,승인,45455,4545,50000,03
2025-02-19 17:56:41,신한,9411-57**-****-6272,80528150,승인,54545,5455,60000,00
2025-02-19 18:13:15,롯데,5284-36**-****-7158,63729043,승인,50000,5000,55000,00
2025-02-19 19:21:54,신한,9411-22**-****-5289,12817734,승인,54545,5455,60000,00
2025-02-19 19:29:38,BC,4556-63**-****-5909,54106502,승인,45455,4545,50000,00
2025-02-19 19:45:31,신한,5563-36**-****-1599,39464318,승인,50000,5000,55000,00
2025-02-19 20:08:24,신한,9411-68**-****-5998,42232378,승인,36364,3636,40000,00
2025-02-19 20:20:15,현대,4214-75**-****-3071,88394188,승인,36364,3636,40000,00
2025-02-19 21:13:46,롯데,4280-31**-****-2062,78264989,승인,36364,3636,40000,00
2025-02-19 21:28:55,KB국민,4569-58**-****-7963,86688035,승인,40909,4091,45000,00
2025-02-20 11:32:39,KB국민,4569-62**-****-8086,59326617,승인,36364,3636,40000,00
2025-02-20 13:35:11,BC,6243-13**-****-9005,35057390,승인,4545,455,5000,00
2025-02-20 14:38:08,NH,4547-61**-****-6679,64459981,승인,45455,4545,50000,06
2025-02-20 15:32:32,현대,9440-25**-****-2612,19576257,승인,45455,4545,50000,00
2025-02-20 15:47:13,신한,5563-69**-****-8679,55722553,승인,40909,4091,45000,00
2025-02-20 15:58:24,신한,4563-18**-****-9591,71023927,승인,10909,1091,12000,00
2025-02-20 16:34:12,신한,4563-48**-****-5096,46838009,승인,36364,3636,40000,00
2025-02-20 17:35:01,삼성,9430-73**-****-1158,98429098,승인,45455,4545,50000,00
2025-02-20 18:12:30,신한,4563-21**-****-5991,33008094,승인,6364,636,7000,00
2025-02-20 18:36:50,NH,9470-82**-****-6410,94535600,승인,4545,455,5000,00
2025-02-20 20:20:17,삼성,9430-55**-****-2243,21062025,승인,50000,5000,55000,00
2025-02-20 20:20:54,KB국민,9420-36**-****-7843,68878740,승인,40909,4091,45000,00
2025-02-20 20:21:14,KB국민,9420-48**-****-9808,53765651,승인,50000,5000,55000,00
2025-02-20 20:48:41,KB국민,9420-60**-****-3445,40545068,승인,36364,3636,40000,00
2025-02-20 20:58:38,BC,4556-60**-****-4345,18550910,승인,27273,2727,30000,00
2025-02-21 10:01:00,BC,9460-22**-****-4613,99135168,승인,59091,5909,65000,00
2025-02-21 10:41:20,KB국민,4569-18**-****-4606,98310124,승인,36364,3636,40000,00
2025-02-21 11:05:18,신한,4563-88**-****-7407,33505052,승인,72727,7273,80000,00
2025-02-21 12:58:37,KB국민,9420-74**-****-4808,88848693,승인,18182,1818,20000,00
2025-02-21 14:02:57,KB국민,4569-66**-****-6051,17035056,승인,50000,5000,55000,03
2025-02-21 14:10:02,KB국민,4569-89**-****-4105,37799083,승인,63636,6364,70000,00
2025-02-21 14:55:58,KB국민,5370-63**-****-9789,74189781,승인,63636,6364,70000,00
2025-02-21 15:55:10,NH,5765-99**-****-2093,39159454,승인,54545,5455,60000,00
2025-02-21 16:40:48,하나,5320-18**-****-8899,54977061,승인,13636,1364,15000,00
2025-02-21 17:10:16,KB국민,5370-58**-****-8567,56124957,승인,50000,5000,55000,00
2025-02-21 17:11:57,KB국민,5370-60**-****-2565,15860545,승인,63636,6364,70000,00
2025-02-21 17:52:25,KB국민,4569-69**-****-8539,87327229,승인,50000,5000,55000,00
2025-02-21 18:17:53,삼성,9410-25**-****-5819,81760022,승인,45455,4545,50000,03
2025-02-21 18:19:37,KB국민,4569-10**-****-4304,29151794,승인,50000,5000,55000,00
2025-02-21 19:00:14,현대,9440-40**-****-6060,67512010,승인,4545,455,5000,00
2025-02-21 19:03:49,롯데,5284-35**-****-4908,22265679,승인,63636,6364,70000,00
2025-02-21 20:10:04,현대,9440-55**-****-8219,33882733,승인,36364,3636,40000,00
2025-02-21 20:24:57,삼성,9430-30**-****-8778,91028510,승인,50000,5000,55000,00
2025-02-21 20:31:29,삼성,5765-66**-****-4969,28824809,승인,40909,4091,45000,00
2025-02-21 20:41:39,삼성,9430-86**-****-5940,77051958,승인,59091,5909,65000,00
2025-02-21 20:54:12,삼성,5765-51**-****-3236,99965548,승인,63636,6364,70000,00
2025-02-21 20:56:39,삼성,9430-86**-****-5940,77051958,취소,59091,5909,65000,00
2025-02-21 21:25:27,신한,9411-51**-****-6842,33303091,승인,40909,4091,45000,00
2025-02-21 21:26:48,하나,9480-74**-****-2723,53756742,승인,40909,4091,45000,00
2025-02-21 22:06:45,신한,4563-96**-****-7366,27841755,승인,45455,4545,50000,00
2025-02-22 12:52:23,현대,6011-43**-****-3422,91260195,승인,4545,455,5000,00
2025-02-22 13:12:00,BC,6243-72**-****-7131,64298487,승인,36364,3636,40000,00
2025-02-22 15:41:50,KB국민,4569-13**-****-5726,40737204,승인,36364,3636,40000,00
2025-02-22 16:18:12,신한,9411-52**-****-8270,28021013,승인,45455,4545,50000,00
2025-02-22 17:29:18,KB국민,4569-70**-****-3238,36268523,승인,63636,6364,70000,00
2025-02-22 17:29:19,롯데,9450-48**-****-5079,48299416,승인,45455,4545,50000,00
2025-02-22 17:43:09,신한,5563-11**-****-3644,25667321,승인,10909,1091,12000,00
2025-02-22 18:11:28,삼성,9430-34**-****-2146,16993664,승인,36364,3636,40000,00
2025-02-22 18:27:32,롯데,5284-58**-****-1324,67364292,승인,63636,6364,70000,00
2025-02-22 18:40:12,BC,4556-58**-****-7524,32517176,승인,54545,5455,60000,00
2025-02-22 19:09:13,삼성,9410-74**-****-4871,20491063,승인,45455,4545,50000,00
2025-02-22 19:23:44,현대,4214-41**-****-5043,74119239,승인,36364,3636,40000,00
2025-02-22 20:21:21,신한,5563-87**-****-4644,61202173,승인,50000,5000,55000,03
2025-02-22 20:41:45,KB국민,9420-76**-****-2316,35343427,승인,16364,1636,18000,00
2025-02-22 21:10:53,신한,4563-78**-****-9202,98380502,승인,16364,1636,18000,00
2025-02-22 21:25:47,KB국민,9420-62**-****-2167,15211257,승인,59091,5909,65000,00
2025-02-22 21:37:19,롯데,4280-23**-****-2456,95386667,승인,16364,1636,18000,00
2025-02-22 21:48:58,KB국민,9420-42**-****-3878,61063166,승인,54545,5455,60000,00
2025-02-22 22:07:24,신한,4563-75**-****-6711,75581713,승인,45455,4545,50000,00
2025-02-23 10:55:44,롯데,9450-87**-****-1420,26494625,승인,63636,6364,70000,00
2025-02-23 11:11:51,신한,4563-90**-****-8220,93808429,승인,50000,5000,55000,00
2025-02-23 13:05:07,신한,5563-24**-****-4082,86885150,승인,40909,4091,45000,00
2025-02-23 13:40:10,신한,4563-45**-****-3042,18625158,승인,40909,4091,45000,00
2025-02-23 13:47:13,현대,4214-22**-****-1025,19373966,승인,63636,6364,70000,03
2025-02-23 14:08:28,신한,9411-37**-****-4436,36260378,승인,18182,1818,20000,00
2025-02-23 14:38:13,현대,4214-22**-****-1025,19373966,취소,63636,6364,70000,03
2025-02-23 14:42:44,삼성,5765-30**-****-1478,53822194,승인,40909,4091,45000,00
2025-02-23 14:48:50,BC,9460-68**-****-5981,97863486,승인,27273,2727,30000,00
2025-02-23 15:31:25,신한,4563-59**-****-2645,49441620,승인,40909,4091,45000,00
2025-02-23 16:37:15,KB국민,5370-44**-****-2000,10969945,승인,72727,7273,80000,00
2025-02-23 17:33:46,신한,9411-60**-****-9978,23062011,승인,10909,1091,12000,00
2025-02-23 17:45:47,현대,4214-38**-****-4823,44775001,승인,63636,6364,70000,00
2025-02-23 17:54:20,KB국민,5370-17**-****-6092,89196483,승인,16364,1636,18000,00
2025-02-23 18:14:06,삼성,9430-28**-****-6176,49838982,승인,16364,1636,18000,00
2025-02-23 18:19:32,신한,5563-90**-****-8836,38951443,승인,6364,636,7000,00
2025-02-23 18:45:24,하나,4568-36**-****-3501,40208616,승인,4545,455,5000,00
2025-02-23 18:54:24,신한,4563-76**-****-3069,99086047,승인,16364,1636,18000,00
2025-02-23 19:00:40,삼성,9410-96**-****-6333,69633763,승인,59091,5909,65000,00
2025-02-23 19:03:59,BC,6243-48**-****-7419,98483078,승인,7273,727,8000,00
2025-02-23 19:12:31,KB국민,9420-33**-****-4482,36969824,승인,45455,4545,50000,00
2025-02-23 19:45:09,삼성,9410-96**-****-5937,83651529,승인,36364,3636,40000,00
2025-02-23 19:50:02,신한,9411-87**-****-7154,79803166,승인,40909,4091,45000,00
2025-02-23 20:26:33,현대,9440-57**-****-3890,35018189,승인,63636,6364,70000,00
2025-02-23 20:31:43,삼성,9430-95**-****-3389,14609555,승인,18182,1818,20000,00
2025-02-23 21:10:01,KB국민,4569-54**-****-8756,62527814,승인,22727,2273,25000,00
2025-02-23 21:17:44,신한,5563-75**-****-8785,65448912,승인,50000,5000,55000,00
2025-02-23 21:40:46,삼성,9410-92**-****-2059,56066984,승인,72727,7273,80000,00
2025-02-23 21:49:17,현대,6011-95**-****-3016,28220919,승인,50000,5000,55000,00
2025-02-23 22:29:10,하나,5320-41**-****-4946,38405950,승인,72727,7273,80000,00
2025-02-23 22:48:17,KB국민,4569-57**-****-6514,56047075,승인,72727,7273,80000,00
2025-02-23 22:52:15,현대,9440-52**-****-6833,23445578,승인,59091,5909,65000,00
2025-02-24 12:29:55,신한,5563-57**-****-8292,11557250,승인,40909,4091,45000,00
2025-02-24 13:05:07,현대,6011-12**-****-4685,88765739,승인,40909,4091,45000,00
2025-02-24 13:25:31,현대,9440-98**-****-7150,98384904,승인,36364,3636,40000,00
2025-02-24 17:27:43,NH,9470-70**-****-6825,34109916,승인,40909,4091,45000,00
2025-02-24 18:36:30,현대,6011-59**-****-3967,74987079,승인,45455,4545,50000,00
2025-02-24 19:00:35,BC,9460-26**-****-1641,87186069,승인,18182,1818,20000,00
2025-02-24 20:01:25,BC,6243-18**-****-9004,79645728,승인,54545,5455,60000,00
2025-02-24 20:34:45,롯데,9450-33**-****-2922,90410190,승인,6364,636,7000,00
2025-02-24 21:07:32,KB국민,9420-41**-****-7619,14562440,승인,45455,4545,50000,00
2025-02-24 22:44:27,KB국민,5370-33**-****-9806,64402540,승인,45455,4545,50000,00
2025-02-25 10:38:15,신한,5563-97**-****-2802,83600812,승인,27273,2727,30000,00
2025-02-25 12:16:16,현대,9440-68**-****-7554,21174172,승인,40909,4091,45000,00
2025-02-25 14:23:36,현대,9440-65**-****-6183,60860721,승인,45455,4545,50000,00
2025-02-25 17:21:40,신한,4563-28**-****-5476,40301728,승인,6364,636,7000,00
2025-02-25 18:08:36,현대,4214-75**-****-9818,38164181,승인,50000,5000,55000,00
2025-02-25 18:54:48,삼성,9410-48**-****-9292,58796148,승인,36364,3636,40000,00
2025-02-25 19:42:52,신한,9411-48**-****-3321,38885391,승인,36364,3636,40000,00
2025-02-25 21:43:27,KB국민,5370-91**-****-5413,96647103,승인,40909,4091,45000,00
2025-02-25 22:10:27,신한,9411-47**-****-9510,98470632,승인,36364,3636,40000,00
2025-02-25 22:38:35,KB국민,4569-89**-****-3105,66641896,승인,40909,4091,45000,00
2025-02-26 13:18:35,BC,9460-96**-****-7946,78274190,승인,18182,1818,20000,00
2025-02-26 13:24:36,삼성,5765-41**-****-7064,91698732,승인,36364,3636,40000,00
2025-02-26 17:29:11,하나,5320-45**-****-5699,67413657,승인,50000,5000,55000,00
2025-02-26 17:39:12,현대,6011-54**-****-9754,42779491,승인,4545,455,5000,00
2025-02-26 18:45:56,신한,9411-62**-****-6007,51974837,승인,40909,4091,45000,00
2025-02-26 18:51:31,KB국민,9420-80**-****-5620,46380247,승인,36364,3636,40000,00
2025-02-26 18:56:54,KB국민,5370-29**-****-9414,98256603,승인,50000,5000,55000,00
2025-02-26 19:57:03,신한,4563-54**-****-3960,81361168,승인,40909,4091,45000,00
2025-02-26 20:40:05,롯데,9450-83**-****-3705,17705644,승인,36364,3636,40000,00
2025-02-26 21:08:30,KB국민,9420-99**-****-9722,26735821,승인,18182,1818,20000,00
2025-02-26 22:14:24,롯데,9450-77**-****-3879,51144384,승인,36364,3636,40000,00
2025-02-26 22:42:58,현대,9440-31**-****-8350,80265183,승인,22727,2273,25000,00
2025-02-27 13:28:42,삼성,9430-10**-****-8110,58215939,승인,40909,4091,45000,00
2025-02-27 14:33:32,KB국민,4569-29**-****-1113,98131849,승인,31818,3182,35000,00
2025-02-27 15:13:00,KB국민,9420-14**-****-9446,72150455,승인,45455,4545,50000,00
2025-02-27 15:30:25,신한,4563-78**-****-3984,46169218,승인,36364,3636,40000,00
2025-02-27 16:00:22,KB국민,5370-65**-****-2660,76041312,승인,31818,3182,35000,00
2025-02-27 16:07:21,BC,9460-48**-****-5752,74843897,승인,31818,3182,35000,00
2025-02-27 16:08:32,하나,4568-58**-****-9118,32881970,승인,36364,3636,40000,00
2025-02-27 19:57:02,현대,4214-25**-****-5354,66518457,승인,7273,727,8000,00
2025-02-27 21:45:12,신한,9411-60**-****-3190,66513148,승인,36364,3636,40000,00
2025-02-27 21:54:31,신한,5563-52**-****-8542,50043946,승인,36364,3636,40000,00
2025-02-28 13:26:35,NH,5765-56**-****-6690,70194264,승인,54545,5455,60000,00
2025-02-28 13:47:38,삼성,5765-34**-****-4120,69830209,승인,40909,4091,45000,00
2025-02-28 14:02:34,신한,5563-45**-****-3427,27847118,승인,9091,909,10000,00
2025-02-28 14:54:37,신한,9411-34**-****-5486,29623857,승인,45455,4545,50000,00
2025-02-28 15:08:18,하나,9480-60**-****-4116,76441251,승인,36364,3636,40000,00
2025-02-28 15:17:22,신한,9411-10**-****-1669,16996855,승인,63636,6364,70000,00
2025-02-28 15:40:51,삼성,9410-57**-****-8109,29909077,승인,16364,1636,18000,00
2025-02-28 15:50:03,하나,9480-24**-****-9758,10187899,승인,9091,909,10000,00
2025-02-28 17:17:13,삼성,5765-75**-****-1145,71128254,승인,45455,4545,50000,00
2025-02-28 17:38:47,KB국민,4569-72**-****-5623,21088383,승인,36364,3636,40000,00
2025-02-28 17:39:12,BC,4556-77**-****-7673,51130478,승인,40909,4091,45000,00
2025-02-28 17:39:18,하나,5320-55**-****-1170,39431208,승인,13636,1364,15000,00
2025-02-28 18:46:33,신한,5563-80**-****-5399,25985787,승인,54545,5455,60000,00
2025-02-28 19:07:58,삼성,5765-31**-****-1358,90417043,승인,63636,6364,70000,00
2025-02-28 19:14:14,KB국민,9420-48**-****-1846,24771325,승인,59091,5909,65000,06
2025-02-28 19:17:11,하나,5320-98**-****-2743,61268618,승인,10909,1091,12000,00
2025-02-28 19:20:13,KB국민,5370-33**-****-8059,43858172,승인,54545,5455,60000,00
2025-02-28 19:20:48,KB국민,4569-24**-****-3153,24479352,승인,63636,6364,70000,00
2025-02-28 19:27:12,현대,6011-88**-****-9230,34318675,승인,72727,7273,80000,00
2025-02-28 19:40:38,신한,5563-43**-****-9999,27933045,승인,13636,1364,15000,00
2025-02-28 19:55:32,삼성,5765-81**-****-7293,62378052,승인,40909,4091,45000,00
2025-02-28 20:08:09,KB국민,5370-96**-****-1852,55921387,승인,59091,5909,65000,00
2025-02-28 20:15:39,롯데,5284-43**-****-2884,43199341,승인,45455,4545,50000,00
2025-02-28 20:23:47,신한,5563-21**-****-7292,24276138,승인,59091,5909,65000,00
2025-02-28 21:04:34,신한,9411-29**-****-9741,15880227,승인,59091,5909,65000,00
2025-02-28 21:05:31,KB국민,5370-82**-****-4094,75836262,승인,7273,727,8000,00
2025-02-28 21:11:41,삼성,9410-60**-****-3911,91580498,승인,10909,1091,12000,00
2025-02-28 21:16:55,KB국민,4569-51**-****-4614,46076853,승인,27273,2727,30000,00
2025-02-28 22:23:21,삼성,5765-52**-****-3134,58394712,승인,54545,5455,60000,00
2025-03-01 12:56:53,삼성,9410-64**-****-4713,61725238,승인,63636,6364,70000,00
2025-03-01 13:41:18,NH,5765-72**-****-2841,32757831,승인,50000,5000,55000,00
2025-03-01 16:06:17,현대,6011-10**-****-2251,29950518,승인,72727,7273,80000,00
2025-03-01 17:01:07,롯데,4280-26**-****-1716,43332025,승인,36364,3636,40000,00
2025-03-01 17:29:58,삼성,5765-87**-****-1193,23385526,승인,63636,6364,70000,00
2025-03-01 17:46:17,삼성,9410-55**-****-7308,52857838,승인,45455,4545,50000,00
2025-03-01 17:54:55,신한,9411-41**-****-7898,38284690,승인,7273,727,8000,00
2025-03-01 18:15:03,현대,9440-79**-****-2684,49827566,승인,54545,5455,60000,00
2025-03-01 18:30:44,현대,9440-59**-****-5028,66191544,승인,63636,6364,70000,00
2025-03-01 18:34:34,KB국민,4569-84**-****-2369,66618508,승인,72727,7273,80000,00
2025-03-01 18:49:44,현대,9440-10**-****-6926,37283734,승인,9091,909,10000,00
2025-03-01 19:11:27,KB국민,5370-89**-****-5940,48521233,승인,59091,5909,65000,00
2025-03-01 20:03:47,삼성,5765-58**-****-3344,13536218,승인,7273,727,8000,00
2025-03-01 20:09:20,KB국민,4569-24**-****-2102,87556758,승인,45455,4545,50000,00
2025-03-01 20:17:09,롯데,9450-79**-****-2742,55417925,승인,36364,3636,40000,00
2025-03-01 21:05:12,KB국민,4569-49**-****-3672,54527579,승인,45455,4545,50000,00
2025-03-01 22:01:23,KB국민,5370-17**-****-2804,56888632,승인,22727,2273,25000,00
2025-03-01 22:14:06,신한,9411-20**-****-6906,15817913,승인,54545,5455,60000,00
2025-03-02 11:06:42,KB국민,9420-13**-****-3591,29714795,승인,40909,4091,45000,00
2025-03-02 11:25:11,BC,4556-50**-****-8821,97603904,승인,40909,4091,45000,00
2025-03-02 11:45:49,신한,5563-29**-****-2228,86088145,승인,63636,6364,70000,00
2025-03-02 12:20:10,삼성,9430-21**-****-6789,19547433,승인,54545,5455,60000,00
2025-03-02 12:23:38,삼성,5765-18**-****-2744,38442071,승인,59091,5909,65000,00
2025-03-02 13:29:05,하나,9480-97**-****-4533,97807942,승인,40909,4091,45000,00
2025-03-02 13:45:10,KB국민,4569-89**-****-6903,67834613,승인,59091,5909,65000,00
2025-03-02 13:50:15,삼성,9410-58**-****-5762,31234023,승인,22727,2273,25000,00
2025-03-02 13:56:41,현대,9440-30**-****-9245,11458621,승인,36364,3636,40000,00
2025-03-02 14:49:29,하나,4568-93**-****-8242,28850509,승인,10909,1091,12000,00
2025-03-02 16:05:15,삼성,9430-33**-****-3452,73050755,승인,40909,4091,45000,00
2025-03-02 17:10:17,KB국민,5370-61**-****-4471,93086647,승인,40909,4091,45000,00
2025-03-02 17:27:43,KB국민,9420-49**-****-9222,40509683,승인,72727,7273,80000,00
2025-03-02 18:54:04,KB국민,4569-54**-****-2531,72529032,승인,9091,909,10000,00
2025-03-02 19:31:06,삼성,9430-21**-****-9964,76962870,승인,36364,3636,40000,00
2025-03-02 19:32:28,BC,6243-89**-****-1699,96418337,승인,10909,1091,12000,00
2025-03-02 19:48:58,신한,9411-44**-****-4937,21413788,승인,54545,5455,60000,00
2025-03-02 19:52:24,삼성,9430-44**-****-4190,24549320,승인,45455,4545,50000,00
2025-03-02 20:47:33,KB국민,4569-46**-****-1216,24933959,승인,54545,5455,60000,00
2025-03-02 21:08:28,KB국민,9420-57**-****-6138,21205911,승인,13636,1364,15000,00
2025-03-02 21:32:06,삼성,9430-47**-****-1612,31638985,승인,45455,4545,50000,00
2025-03-02 21:36:31,신한,4563-62**-****-7568,93172511,승인,4545,455,5000,00
2025-03-02 22:32:12,롯데,9450-52**-****-2595,64665076,승인,59091,5909,65000,00
2025-03-02 22:36:02,삼성,9430-55**-****-1138,47903378,승인,72727,7273,80000,00
2025-03-03 11:09:30,현대,4214-86**-****-1513,61040965,승인,31818,3182,35000,00
2025-03-03 11:51:23,하나,9480-37**-****-1886,13079321,승인,40909,4091,45000,00
2025-03-03 12:13:47,KB국민,9420-86**-****-3721,60674785,승인,31818,3182,35000,00
2025-03-03 12:55:45,BC,6243-95**-****-4507,44822417,승인,40909,4091,45000,00
2025-03-03 13:11:46,NH,4547-35**-****-8096,63891165,승인,27273,2727,30000,00
2025-03-03 14:03:05,신한,4563-35**-****-3695,56879065,승인,40909,4091,45000,00
2025-03-03 14:13:12,하나,4568-48**-****-1265,51200201,승인,45455,4545,50000,00
2025-03-03 16:20:21,KB국민,4569-45**-****-2873,71012513,승인,45455,4545,50000,00
2025-03-03 17:00:35,신한,5563-51**-****-3369,99129018,승인,54545,5455,60000,00
2025-03-03 17:48:21,NH,4547-57**-****-8018,33742466,승인,6364,636,7000,00
2025-03-03 18:10:34,KB국민,9420-91**-****-8167,48016951,승인,16364,1636,18000,00
2025-03-03 18:55:07,현대,4214-55**-****-6762,82808690,승인,50000,5000,55000,00
2025-03-03 19:26:06,롯데,4280-22**-****-9924,95030306,승인,18182,1818,20000,00
2025-03-03 19:59:57,하나,9480-93**-****-2468,12204726,승인,6364,636,7000,00
2025-03-03 20:43:26,KB국민,5370-91**-****-8361,87628449,승인,45455,4545,50000,06
2025-03-03 21:30:30,현대,6011-55**-****-8156,86546634,승인,54545,5455,60000,00
2025-03-03 22:43:27,신한,9411-45**-****-2134,64367371,승인,45455,4545,50000,00
2025-03-03 22:46:47,삼성,9410-50**-****-9182,25248056,승인,45455,4545,50000,00
2025-03-04 15:25:12,현대,6011-26**-****-8030,95399182,승인,45455,4545,50000,00
2025-03-04 17:46:11,NH,4547-22**-****-4784,26955763,승인,50000,5000,55000,00
2025-03-04 17:52:41,삼성,9410-46**-****-9315,45917890,승인,50000,5000,55000,00
2025-03-04 18:40:36,BC,6243-80**-****-5263,31347754,승인,16364,1636,18000,00
2025-03-04 19:58:05,KB국민,9420-68**-****-3138,95156202,승인,27273,2727,30000,00
2025-03-04 20:53:52,BC,4556-83**-****-3792,67716265,승인,54545,5455,60000,00
2025-03-04 21:13:05,삼성,9410-13**-****-3507,92959929,승인,6364,636,7000,00
2025-03-04 21:13:14,KB국민,4569-54**-****-3038,72269929,승인,50000,5000,55000,00
2025-03-04 21:16:19,현대,9440-13**-****-1254,30585690,승인,50000,5000,55000,06
2025-03-05 11:05:59,현대,6011-24**-****-2694,71623079,승인,31818,3182,35000,00
2025-03-05 13:24:27,KB국민,4569-67**-****-2052,32447787,승인,9091,909,10000,00
2025-03-05 14:43:54,하나,9480-31**-****-6105,37626276,승인,36364,3636,40000,00
2025-03-05 15:57:14,신한,9411-43**-****-7194,98484070,승인,36364,3636,40000,00
2025-03-05 16:14:05,신한,4563-21**-****-4264,56782042,승인,31818,3182,35000,00
2025-03-05 18:40:04,현대,4214-91**-****-6137,70515891,승인,40909,4091,45000,00
2025-03-05 19:34:01,KB국민,4569-37**-****-2880,13959103,승인,54545,5455,60000,00
2025-03-05 19:41:18,롯데,4280-34**-****-7552,43566934,승인,50000,5000,55000,00
2025-03-05 20:11:19,NH,5765-25**-****-1515,56011239,승인,36364,3636,40000,00
2025-03-05 20:58:53,KB국민,4569-62**-****-1359,19875199,승인,40909,4091,45000,00
2025-03-05 21:07:06,신한,9411-19**-****-2520,76336447,승인,40909,4091,45000,00
2025-03-05 21:31:27,KB국민,9420-50**-****-5451,93605694,승인,18182,1818,20000,00
2025-03-05 22:30:39,KB국민,9420-25**-****-5169,35883252,승인,54545,5455,60000,00
2025-03-06 11:03:52,삼성,9430-38**-****-8138,32842710,승인,27273,2727,30000,00
2025-03-06 12:46:57,BC,6243-98**-****-1080,17045220,승인,36364,3636,40000,00
2025-03-06 13:25:02,NH,9470-22**-****-8698,65710942,승인,45455,4545,50000,03
2025-03-06 13:49:18,신한,9411-98**-****-4373,20471228,승인,6364,636,7000,00
2025-03-06 15:01:18,현대,6011-69**-****-1076,48166934,승인,27273,2727,30000,00
2025-03-06 15:13:42,신한,4563-11**-****-3003,52760310,승인,36364,3636,40000,00
2025-03-06 15:50:02,삼성,9430-43**-****-2229,54201786,승인,27273,2727,30000,00
2025-03-06 16:09:48,NH,4547-95**-****-8320,26424667,승인,27273,2727,30000,00
2025-03-06 17:38:13,신한,5563-83**-****-2225,96740906,승인,54545,5455,60000,00
2025-03-06 17:44:29,BC,9460-89**-****-7126,23790014,승인,50000,5000,55000,00
2025-03-06 17:48:27,BC,9460-73**-****-9092,16280294,승인,45455,4545,50000,00
2025-03-06 18:15:36,현대,4214-71**-****-6274,40310459,승인,18182,1818,20000,00
2025-03-06 18:18:38,신한,4563-33**-****-8035,58015656,승인,54545,5455,60000,03
2025-03-06 19:45:21,KB국민,4569-81**-****-4811,18889930,승인,40909,4091,45000,00
2025-03-06 19:50:51,신한,9411-25**-****-8548,26950183,승인,50000,5000,55000,00
2025-03-06 20:17:20,KB국민,4569-88**-****-9090,16318000,승인,45455,4545,50000,00
2025-03-06 22:26:07,KB국민,9420-85**-****-6355,61386266,승인,36364,3636,40000,00
2025-03-07 10:55:15,삼성,5765-39**-****-5762,80500436,승인,72727,7273,80000,00
2025-03-07 12:46:52,KB국민,5370-91**-****-6695,48653705,승인,54545,5455,60000,00
2025-03-07 13:32:27,삼성,9410-93**-****-1805,61341304,승인,59091,5909,65000,00
2025-03-07 14:17:27,현대,6011-28**-****-2672,71868214,승인,45455,4545,50000,00
2025-03-07 14:26:54,현대,9440-73**-****-6852,14147955,승인,9091,909,10000,00
2025-03-07 14:42:13,BC,9460-36**-****-6577,89258668,승인,72727,7273,80000,00
2025-03-07 14:43:04,신한,9411-95**-****-1208,73699826,승인,45455,4545,50000,00
2025-03-07 15:47:44,신한,5563-34**-****-2462,60704539,승인,16364,1636,18000,00
2025-03-07 17:01:11,NH,9470-70**-****-6769,88270257,승인,54545,5455,60000,00
2025-03-07 18:06:43,현대,9440-24**-****-4597,17132030,승인,36364,3636,40000,00
2025-03-07 18:22:16,NH,9470-65**-****-6806,38463020,승인,40909,4091,45000,00
2025-03-07 18:48:09,삼성,5765-67**-****-6499,75855518,승인,40909,4091,45000,00
2025-03-07 19:18:46,삼성,5765-49**-****-8811,42026965,승인,36364,3636,40000,00
2025-03-07 20:27:12,신한,4563-87**-****-9676,76252048,승인,54545,5455,60000,00
2025-03-07 20:32:54,롯데,5284-74**-****-3523,24181508,승인,59091,5909,65000,00
2025-03-07 20:34:16,신한,4563-52**-****-5933,79502107,승인,72727,7273,80000,00
2025-03-07 20:54:55,KB국민,4569-91**-****-9508,12781968,승인,27273,2727,30000,00
2025-03-07 21:14:58,KB국민,9420-35**-****-9412,63714593,승인,59091,5909,65000,00
2025-03-07 21:36:17,삼성,9410-60**-****-7628,62732189,승인,50000,5000,55000,00
2025-03-07 21:47:07,삼성,9430-70**-****-1468,98836768,승인,50000,5000,55000,00
2025-03-08 11:19:00,신한,9411-27**-****-5119,57005495,승인,63636,6364,70000,00
2025-03-08 12:18:36,현대,9440-16**-****-9369,37523284,승인,72727,7273,80000,00
2025-03-08 14:09:40,신한,5563-31**-****-4943,78654380,승인,4545,455,5000,00
2025-03-08 14:18:29,KB국민,5370-14**-****-5960,96585062,승인,6364,636,7000,00
2025-03-08 14:56:07,삼성,9410-70**-****-2697,13309323,승인,22727,2273,25000,00
2025-03-08 15:33:40,신한,5563-31**-****-4943,78654380,취소,4545,455,5000,00
2025-03-08 15:51:18,KB국민,5370-85**-****-5636,26567268,승인,36364,3636,40000,00
2025-03-08 16:05:19,KB국민,4569-27**-****-2573,80675216,승인,72727,7273,80000,00
2025-03-08 16:39:34,삼성,9410-95**-****-7601,10798977,승인,54545,5455,60000,00
2025-03-08 16:59:00,현대,9440-18**-****-2879,10004793,승인,18182,1818,20000,00
2025-03-08 17:17:25,현대,9440-63**-****-8601,67020114,승인,16364,1636,18000,00
2025-03-08 17:20:32,KB국민,4569-69**-****-7721,13714198,승인,59091,5909,65000,00
2025-03-08 17:25:57,NH,4547-32**-****-6091,85686398,승인,40909,4091,45000,00
2025-03-08 17:48:55,BC,4556-52**-****-2753,89770922,승인,72727,7273,80000,00
2025-03-08 17:56:20,현대,9440-80**-****-7820,36779547,승인,45455,4545,50000,00
2025-03-08 18:35:47,삼성,5765-48**-****-3535,94320873,승인,18182,1818,20000,00
2025-03-08 19:34:12,KB국민,4569-85**-****-2638,76164526,승인,18182,1818,20000,00
2025-03-08 19:53:39,KB국민,4569-46**-****-6685,24789528,승인,40909,4091,45000,00
2025-03-08 19:57:58,하나,9480-96**-****-5346,56821190,승인,72727,7273,80000,00
2025-03-08 20:28:25,NH,4547-71**-****-7628,34701959,승인,4545,455,5000,00
2025-03-08 20:53:54,신한,5563-94**-****-8194,92833614,승인,22727,2273,25000,00
2025-03-08 21:01:49,삼성,9430-84**-****-4975,78747232,승인,63636,6364,70000,00
2025-03-08 21:18:14,KB국민,4569-96**-****-5075,95502685,승인,36364,3636,40000,00
2025-03-08 21:25:37,하나,9480-84**-****-1673,79803651,승인,63636,6364,70000,00
2025-03-08 21:50:54,하나,9480-65**-****-4223,88547547,승인,45455,4545,50000,00
2025-03-08 22:31:59,KB국민,4569-48**-****-3664,75340518,승인,45455,4545,50000,00
2025-03-09 11:55:10,삼성,5765-49**-****-9192,63582355,승인,54545,5455,60000,00
2025-03-09 12:50:51,KB국민,4569-80**-****-1296,74716210,승인,9091,909,10000,00
2025-03-09 12:59:43,신한,5563-23**-****-4876,33353610,승인,72727,7273,80000,00
2025-03-09 13:14:03,삼성,9430-59**-****-5118,58037222,승인,59091,5909,65000,00
2025-03-09 13:41:46,KB국민,5370-94**-****-5560,50658560,승인,59091,5909,65000,00
2025-03-09 13:49:24,KB국민,4569-24**-****-3257,68781037,승인,7273,727,8000,00
2025-03-09 15:04:51,신한,9411-86**-****-7819,92199318,승인,36364,3636,40000,00
2025-03-09 16:26:36,신한,5563-73**-****-9653,35519742,승인,40909,4091,45000,00
2025-03-09 17:12:21,삼성,5765-94**-****-6400,18365590,승인,36364,3636,40000,00
2025-03-09 17:24:55,KB국민,5370-48**-****-9474,23544314,승인,40909,4091,45000,00
2025-03-09 17:40:36,신한,5563-38**-****-5687,37003632,승인,50000,5000,55000,00
2025-03-09 18:14:41,KB국민,4569-12**-****-4731,17429830,승인,13636,1364,15000,00
2025-03-09 19:34:44,KB국민,4569-14**-****-1491,55371664,승인,40909,4091,45000,00
2025-03-09 20:04:02,BC,9460-22**-****-4796,99289816,승인,36364,3636,40000,00
2025-03-09 20:24:48,NH,9470-19**-****-1613,69260945,승인,63636,6364,70000,06
2025-03-09 20:27:52,삼성,9410-27**-****-1544,10702802,승인,50000,5000,55000,03
2025-03-09 20:33:16,현대,6011-84**-****-6703,92876094,승인,45455,4545,50000,00
2025-03-09 20:36:52,KB국민,9420-18**-****-3258,68905216,승인,72727,7273,80000,00
2025-03-09 20:38:40,NH,4547-99**-****-2763,70332161,승인,36364,3636,40000,00
2025-03-09 21:04:58,신한,5563-83**-****-3955,78045733,승인,72727,7273,80000,00
2025-03-09 21:22:08,NH,9470-55**-****-3593,77194545,승인,72727,7273,80000,00
2025-03-09 21:32:13,NH,5765-32**-****-2028,98035991,승인,59091,5909,65000,00
2025-03-09 21:56:35,하나,4568-23**-****-1683,14778162,승인,18182,1818,20000,00
2025-03-10 11:28:11,삼성,9430-47**-****-5001,27410219,승인,36364,3636,40000,00
2025-03-10 11:54:39,KB국민,4569-66**-****-7302,15961354,승인,40909,4091,45000,00
2025-03-10 14:23:46,삼성,9410-93**-****-8213,70903036,승인,31818,3182,35000,00
2025-03-10 14:27:58,신한,9411-39**-****-1164,65440710,승인,27273,2727,30000,00
2025-03-10 15:24:11,KB국민,9420-14**-****-5999,82685498,승인,40909,4091,45000,00
2025-03-10 15:41:15,NH,5765-23**-****-9248,17247426,승인,45455,4545,50000,00
2025-03-10 16:26:45,KB국민,9420-49**-****-4777,84217795,승인,45455,4545,50000,03
2025-03-10 17:46:59,BC,6243-64**-****-8594,86853413,승인,10909,1091,12000,00
2025-03-10 18:47:52,NH,4547-56**-****-5959,84008439,승인,45455,4545,50000,00
2025-03-10 19:30:42,현대,9440-79**-****-5099,37630190,승인,36364,3636,40000,00
2025-03-10 20:21:46,KB국민,4569-23**-****-1935,84261885,승인,27273,2727,30000,00
2025-03-10 20:56:51,KB국민,5370-17**-****-5094,20282645,승인,54545,5455,60000,00
2025-03-10 20:59:01,롯데,5284-85**-****-5301,39064063,승인,27273,2727,30000,00
2025-03-10 22:01:31,신한,5563-48**-****-7294,21340498,승인,36364,3636,40000,00
2025-03-11 10:38:13,KB국민,9420-84**-****-9326,56177977,승인,36364,3636,40000,00
2025-03-11 10:54:54,KB국민,5370-54**-****-4845,24651674,승인,36364,3636,40000,00
2025-03-11 11:27:56,삼성,9430-52**-****-6902,64779294,승인,36364,3636,40000,00
2025-03-11 12:15:49,신한,9411-56**-****-5493,46070658,승인,45455,4545,50000,00
2025-03-11 12:28:07,삼성,5765-97**-****-7084,65830504,승인,45455,4545,50000,00
2025-03-11 14:03:37,신한,5563-18**-****-6145,69114791,승인,27273,2727,30000,00
2025-03-11 14:24:29,삼성,9410-97**-****-5598,46828381,승인,31818,3182,35000,00
2025-03-11 14:49:50,신한,4563-39**-****-3084,94602558,승인,36364,3636,40000,00
2025-03-11 14:55:39,신한,5563-33**-****-1630,78010697,승인,27273,2727,30000,00
2025-03-11 17:01:28,KB국민,4569-91**-****-8867,84706716,승인,36364,3636,40000,00
2025-03-11 18:36:40,롯데,4280-77**-****-2986,16903019,승인,22727,2273,25000,00
2025-03-11 19:42:33,KB국민,4569-83**-****-4195,49334559,승인,22727,2273,25000,00
2025-03-11 19:50:41,삼성,5765-43**-****-6259,33996035,승인,54545,5455,60000,00
2025-03-11 21:21:15,신한,4563-98**-****-2890,42352710,승인,13636,1364,15000,00
2025-03-11 21:23:30,현대,9440-29**-****-5765,89353203,승인,45455,4545,50000,00
2025-03-11 21:24:53,삼성,9430-19**-****-2285,40142752,승인,54545,5455,60000,00
2025-03-11 21:37:20,KB국민,5370-43**-****-1996,44553693,승인,36364,3636,40000,00
2025-03-12 12:35:32,NH,5765-87**-****-8932,40917031,승인,27273,2727,30000,00
2025-03-12 15:18:07,NH,4547-15**-****-2765,19898898,승인,36364,3636,40000,00
2025-03-12 16:06:13,BC,9460-86**-****-1448,15334488,승인,22727,2273,25000,00
2025-03-12 16:21:03,KB국민,9420-46**-****-7990,53325492,승인,45455,4545,50000,00
2025-03-12 16:28:14,신한,4563-39**-****-2738,99447205,승인,7273,727,8000,00
2025-03-12 16:56:39,삼성,9430-25**-****-3713,48633655,승인,13636,1364,15000,00
2025-03-12 17:26:14,BC,6243-62**-****-5013,88484532,승인,54545,5455,60000,00
2025-03-12 17:48:11,삼성,5765-65**-****-4451,79677116,승인,40909,4091,45000,00
2025-03-12 17:48:35,롯데,9450-13**-****-8068,32405721,승인,50000,5000,55000,00
2025-03-12 18:40:56,NH,4547-31**-****-1254,26212004,승인,40909,4091,45000,00
2025-03-12 19:38:16,신한,4563-74**-****-7898,29917719,승인,45455,4545,50000,00
2025-03-12 19:43:41,신한,5563-22**-****-5576,41173885,승인,50000,5000,55000,00
2025-03-12 20:22:28,현대,4214-71**-****-5739,28066449,승인,50000,5000,55000,00
2025-03-12 20:46:49,NH,9470-10**-****-3494,89665373,승인,54545,5455,60000,00
2025-03-12 22:08:32,NH,4547-61**-****-3088,84751326,승인,54545,5455,60000,00
2025-03-13 11:35:39,현대,9440-98**-****-7851,45309169,승인,31818,3182,35000,00
2025-03-13 12:17:32,NH,4547-81**-****-1996,53378098,승인,9091,909,10000,00
2025-03-13 13:29:18,현대,9440-65**-****-8281,76203639,승인,27273,2727,30000,00
2025-03-13 15:12:40,하나,5320-10**-****-4509,68293280,승인,27273,2727,30000,00
2025-03-13 15:20:26,BC,4556-43**-****-7531,17332766,승인,16364,1636,18000,00
2025-03-13 15:27:07,KB국민,4569-54**-****-2860,63430642,승인,31818,3182,35000,00
2025-03-13 15:46:14,현대,9440-67**-****-6054,65003974,승인,13636,1364,15000,00
2025-03-13 15:55:08,롯데,9450-20**-****-6795,39855629,승인,36364,3636,40000,00
2025-03-13 15:56:10,신한,5563-88**-****-2807,91973665,승인,22727,2273,25000,00
2025-03-13 16:09:10,신한,5563-88**-****-2807,91973665,취소,22727,2273,25000,00
2025-03-13 16:38:34,하나,9480-21**-****-7212,54733168,승인,4545,455,5000,00
2025-03-13 18:18:06,삼성,9430-67**-****-7874,53674052,승인,40909,4091,45000,00
2025-03-13 18:55:14,신한,9411-33**-****-8938,76669489,승인,40909,4091,45000,00
2025-03-13 19:20:57,KB국민,9420-50**-****-9540,35554877,승인,36364,3636,40000,00
2025-03-13 19:40:37,현대,4214-94**-****-9691,34167825,승인,40909,4091,45000,00
2025-03-13 19:49:56,BC,6243-97**-****-7750,41522381,승인,50000,5000,55000,00
2025-03-13 20:00:31,신한,4563-66**-****-7987,79913195,승인,36364,3636,40000,00
2025-03-13 20:20:10,신한,5563-96**-****-9402,19943990,승인,54545,5455,60000,00
2025-03-13 20:42:53,하나,5320-41**-****-1130,28371007,승인,36364,3636,40000,00
2025-03-13 21:53:14,현대,6011-86**-****-7425,57932891,승인,45455,4545,50000,00
2025-03-14 11:47:07,현대,6011-20**-****-5423,20271291,승인,63636,6364,70000,00
2025-03-14 12:25:50,삼성,9410-90**-****-4768,43193217,승인,72727,7273,80000,00
2025-03-14 12:46:45,삼성,5765-22**-****-3487,88946302,승인,63636,6364,70000,00
2025-03-14 14:34:12,BC,6243-47**-****-4757,31663301,승인,45455,4545,50000,00
2025-03-14 14:47:07,신한,9411-64**-****-1639,76462542,승인,7273,727,8000,00
2025-03-14 14:51:33,삼성,5765-61**-****-7850,11242658,승인,18182,1818,20000,00
2025-03-14 15:31:37,삼성,9430-76**-****-8758,86053026,승인,9091,909,10000,00
2025-03-14 16:36:38,BC,4556-81**-****-4427,75595812,승인,16364,1636,18000,00
2025-03-14 17:06:16,신한,9411-81**-****-7657,47387408,승인,72727,7273,80000,00
2025-03-14 18:20:41,신한,5563-75**-****-8913,84464967,승인,9091,909,10000,00
2025-03-14 18:41:19,삼성,9410-81**-****-2562,32717117,승인,59091,5909,65000,00
2025-03-14 18:58:44,KB국민,9420-57**-****-7449,83360915,승인,50000,5000,55000,00
2025-03-14 19:28:14,KB국민,5370-57**-****-8325,73995860,승인,36364,3636,40000,00
2025-03-14 20:03:49,신한,4563-29**-****-6535,14900250,승인,18182,1818,20000,00
2025-03-14 20:12:53,롯데,4280-48**-****-1383,46782333,승인,54545,5455,60000,00
2025-03-14 20:46:05,KB국민,5370-26**-****-7155,11828652,승인,6364,636,7000,00
2025-03-14 21:21:26,KB국민,5370-12**-****-1591,80673067,승인,50000,5000,55000,00
2025-03-15 11:36:52,BC,4556-72**-****-8446,33323144,승인,36364,3636,40000,00
2025-03-15 13:30:55,신한,9411-75**-****-3244,69014061,승인,36364,3636,40000,00
2025-03-15 13:40:45,신한,5563-34**-****-5546,97926734,승인,4545,455,5000,00
2025-03-15 14:02:17,신한,5563-32**-****-7705,95268483,승인,27273,2727,30000,00
2025-03-15 14:45:53,삼성,9410-18**-****-8708,10751945,승인,72727,7273,80000,00
2025-03-15 15:06:08,신한,5563-88**-****-5542,99724136,승인,63636,6364,70000,00
2025-03-15 15:41:17,KB국민,9420-45**-****-5145,93922374,승인,72727,7273,80000,00
2025-03-15 15:58:55,KB국민,9420-42**-****-7607,85311217,승인,63636,6364,70000,00
2025-03-15 16:12:12,KB국민,4569-17**-****-2551,93882424,승인,40909,4091,45000,00
2025-03-15 17:30:20,KB국민,9420-58**-****-7442,61744941,승인,54545,5455,60000,00
2025-03-15 18:00:37,신한,4563-11**-****-9237,91439883,승인,54545,5455,60000,00
2025-03-15 18:10:04,현대,4214-34**-****-1231,46853586,승인,59091,5909,65000,00
2025-03-15 18:13:51,KB국민,4569-52**-****-4450,28164926,승인,59091,5909,65000,00
2025-03-15 18:42:12,KB국민,5370-45**-****-4546,33934411,승인,40909,4091,45000,00
2025-03-15 18:55:41,BC,9460-13**-****-7054,92264795,승인,22727,2273,25000,00
2025-03-15 18:58:12,신한,9411-66**-****-4208,58451442,승인,63636,6364,70000,00
2025-03-15 19:01:21,NH,9470-76**-****-7000,11902027,승인,13636,1364,15000,00
2025-03-15 19:11:01,BC,4556-37**-****-7948,92808874,승인,59091,5909,65000,00
2025-03-15 19:22:19,KB국민,5370-91**-****-3721,47277197,승인,59091,5909,65000,00
2025-03-15 19:53:27,KB국민,9420-81**-****-2970,68440193,승인,72727,7273,80000,00
2025-03-15 19:56:43,KB국민,4569-28**-****-3718,48949552,승인,54545,5455,60000,00
2025-03-15 20:40:43,KB국민,4569-28**-****-3718,48949552,취소,54545,5455,60000,00
2025-03-15 21:09:45,BC,9460-63**-****-2356,26029189,승인,7273,727,8000,00
2025-03-15 21:13:10,롯데,9450-88**-****-2496,29661777,승인,36364,3636,40000,00
2025-03-15 21:25:26,삼성,5765-44**-****-3416,21270088,승인,4545,455,5000,00
2025-03-16 11:07:33,KB국민,4569-82**-****-7099,60722242,승인,45455,4545,50000,00
2025-03-16 13:21:50,하나,4568-54**-****-3317,71567486,승인,36364,3636,40000,00
2025-03-16 14:05:11,KB국민,5370-37**-****-1171,95623611,승인,59091,5909,65000,00
2025-03-16 14:10:59,NH,5765-82**-****-4251,28729977,승인,54545,5455,60000,00
2025-03-16 14:15:23,신한,9411-19**-****-7523,96647914,승인,13636,1364,15000,00
2025-03-16 14:18:16,신한,5563-54**-****-6957,96144415,승인,72727,7273,80000,00
2025-03-16 14:44:27,현대,4214-53**-****-4398,77614227,승인,59091,5909,65000,00
2025-03-16 14:48:59,KB국민,4569-96**-****-5639,66987832,승인,7273,727,8000,00
2025-03-16 14:54:13,삼성,9410-97**-****-3525,84537577,승인,16364,1636,18000,00
2025-03-16 15:31:12,신한,4563-53**-****-2521,61548537,승인,4545,455,5000,00
2025-03-16 16:05:56,신한,9411-49**-****-3174,17158543,승인,50000,5000,55000,00
2025-03-16 16:21:29,KB국민,4569-24**-****-2444,22154988,승인,40909,4091,45000,00
2025-03-16 16:41:57,신한,4563-30**-****-6018,72658369,승인,40909,4091,45000,00
2025-03-16 17:18:11,삼성,9410-44**-****-4084,36739479,승인,54545,5455,60000,00
2025-03-16 17:29:00,신한,9411-49**-****-5936,20787786,승인,7273,727,8000,00
2025-03-16 18:34:04,KB국민,9420-38**-****-1440,91674485,승인,13636,1364,15000,00
2025-03-16 18:47:50,삼성,9430-69**-****-4575,45010146,승인,54545,5455,60000,00
2025-03-16 18:48:01,BC,6243-61**-****-8126,73561767,승인,72727,7273,80000,00
2025-03-16 18:53:40,삼성,9430-78**-****-3551,86331139,승인,45455,4545,50000,00
2025-03-16 19:57:02,현대,9440-63**-****-3600,73819982,승인,59091,5909,65000,00
2025-03-16 19:58:30,BC,6243-22**-****-4977,62019290,승인,16364,1636,18000,00
2025-03-16 20:16:46,현대,4214-15**-****-5918,41447622,승인,59091,5909,65000,00
2025-03-16 20:23:00,삼성,9410-80**-****-8713,62888132,승인,18182,1818,20000,00
2025-03-16 20:57:59,KB국민,4569-85**-****-7565,13832610,승인,40909,4091,45000,00
2025-03-16 21:21:59,KB국민,4569-85**-****-7565,13832610,취소,40909,4091,45000,00
2025-03-17 12:38:46,KB국민,9420-53**-****-2290,95461939,승인,6364,636,7000,00
2025-03-17 15:18:22,삼성,9430-91**-****-5877,14780174,승인,40909,4091,45000,00
2025-03-17 16:56:38,신한,4563-13**-****-5852,82846470,승인,36364,3636,40000,00
2025-03-17 17:52:30,신한,4563-30**-****-3941,63447665,승인,36364,3636,40000,00
2025-03-17 18:08:46,현대,4214-54**-****-5500,71475863,승인,7273,727,8000,00
2025-03-17 18:49:30,BC,9460-64**-****-3930,81365126,승인,45455,4545,50000,00
2025-03-17 19:15:58,KB국민,5370-51**-****-2253,60035742,승인,22727,2273,25000,00
2025-03-17 19:22:46,KB국민,4569-32**-****-5073,21280578,승인,36364,3636,40000,00
2025-03-17 19:42:25,롯데,5284-87**-****-2899,70434208,승인,50000,5000,55000,00
2025-03-17 19:53:06,BC,6243-93**-****-2661,64287520,승인,50000,5000,55000,00
2025-03-17 20:00:10,삼성,5765-11**-****-8449,75248523,승인,45455,4545,50000,00
2025-03-17 20:46:55,KB국민,5370-72**-****-2991,71773805,승인,50000,5000,55000,00
2025-03-17 20:55:43,삼성,9430-35**-****-5224,79108209,승인,36364,3636,40000,00
2025-03-18 10:47:16,BC,4556-34**-****-2907,86624246,승인,27273,2727,30000,00
2025-03-18 11:18:46,BC,6243-79**-****-6386,62215999,승인,45455,4545,50000,00
2025-03-18 14:10:49,KB국민,4569-63**-****-4567,90429777,승인,16364,1636,18000,00
2025-03-18 14:44:10,신한,9411-90**-****-2287,75302094,승인,40909,4091,45000,00
2025-03-18 15:19:39,KB국민,9420-57**-****-1800,86951857,승인,45455,4545,50000,00
2025-03-18 15:29:38,삼성,9410-51**-****-1296,39669864,승인,36364,3636,40000,00
2025-03-18 16:49:23,현대,6011-74**-****-6206,81890645,승인,6364,636,7000,00
2025-03-18 17:48:01,KB국민,5370-78**-****-7148,27676124,승인,45455,4545,50000,00
2025-03-18 17:54:07,KB국민,5370-83**-****-2812,48835762,승인,36364,3636,40000,00
2025-03-18 18:14:54,KB국민,4569-67**-****-5690,31067861,승인,16364,1636,18000,00
2025-03-18 18:22:05,롯데,4280-48**-****-7048,49167825,승인,40909,4091,45000,00
2025-03-18 18:35:00,신한,4563-69**-****-3486,76971243,승인,45455,4545,50000,00
2025-03-18 18:48:59,신한,9411-74**-****-5535,16139411,승인,50000,5000,55000,00
2025-03-18 19:58:11,신한,9411-94**-****-7788,27417024,승인,45455,4545,50000,00
2025-03-18 20:28:43,삼성,9410-82**-****-6761,67919082,승인,50000,5000,55000,00
2025-03-18 21:11:25,삼성,9430-93**-****-8602,33121777,승인,10909,1091,12000,00
2025-03-19 15:57:01,KB국민,4569-97**-****-5014,90966708,승인,31818,3182,35000,00
2025-03-19 17:15:50,하나,5320-87**-****-2821,54460861,승인,40909,4091,45000,00
2025-03-19 17:46:55,삼성,5765-51**-****-4273,27803989,승인,40909,4091,45000,00
2025-03-19 17:50:07,삼성,9430-31**-****-2831,59186033,승인,6364,636,7000,00
2025-03-19 18:26:01,현대,6011-97**-****-8731,22209308,승인,45455,4545,50000,00
2025-03-19 18:26:26,신한,9411-20**-****-9247,90472677,승인,50000,5000,55000,03
2025-03-19 19:38:41,현대,4214-17**-****-8877,49320837,승인,22727,2273,25000,00
2025-03-19 20:30:55,삼성,9430-78**-****-5260,26237925,승인,16364,1636,18000,00
2025-03-19 20:53:52,신한,5563-90**-****-9381,97191836,승인,4545,455,5000,00
2025-03-19 21:58:10,KB국민,5370-14**-****-1112,64538931,승인,40909,4091,45000,00
2025-03-19 22:01:47,NH,5765-34**-****-9377,31659959,승인,54545,5455,60000,00
2025-03-20 13:21:32,신한,5563-20**-****-9810,17512810,승인,6364,636,7000,00
2025-03-20 13:51:44,삼성,9430-42**-****-7295,95464793,승인,31818,3182,35000,00
2025-03-20 15:49:46,현대,4214-68**-****-9172,86424646,승인,27273,2727,30000,00
2025-03-20 15:54:13,신한,4563-75**-****-6966,79366132,승인,45455,4545,50000,00
2025-03-20 16:18:19,KB국민,4569-66**-****-8787,49578072,승인,31818,3182,35000,00
2025-03-20 16:23:24,현대,6011-32**-****-8897,74961168,승인,40909,4091,45000,00
2025-03-20 17:33:15,신한,5563-98**-****-3993,97349865,승인,9091,909,10000,00
2025-03-20 17:39:57,하나,5320-85**-****-3553,77255871,승인,40909,4091,45000,00
2025-03-20 19:48:08,KB국민,5370-57**-****-4621,85636982,승인,40909,4091,45000,00
2025-03-20 20:48:16,신한,4563-82**-****-5225,46950003,승인,45455,4545,50000,00
2025-03-20 21:00:42,신한,4563-38**-****-4382,30144540,승인,36364,3636,40000,00
2025-03-20 21:50:30,신한,4563-68**-****-2213,75978338,승인,40909,4091,45000,00
2025-03-20 21:58:00,NH,4547-61**-****-1538,94074257,승인,54545,5455,60000,00
2025-03-21 13:21:46,BC,4556-82**-****-7968,62820340,승인,59091,5909,65000,00
2025-03-21 14:32:30,하나,5320-53**-****-5079,46948576,승인,54545,5455,60000,00
2025-03-21 14:46:30,KB국민,5370-98**-****-7390,75369583,승인,27273,2727,30000,00
2025-03-21 15:38:37,삼성,9410-45**-****-6614,82195140,승인,16364,1636,18000,00
2025-03-21 16:12:49,롯데,4280-51**-****-3574,79318932,승인,63636,6364,70000,00
2025-03-21 16:13:14,KB국민,4569-78**-****-2610,16856217,승인,50000,5000,55000,00
2025-03-21 16:23:01,KB국민,4569-81**-****-6336,85158204,승인,13636,1364,15000,00
2025-03-21 16:40:04,KB국민,4569-22**-****-4234,82795512,승인,50000,5000,55000,00
2025-03-21 16:43:34,신한,9411-49**-****-4493,77347727,승인,45455,4545,50000,00
2025-03-21 16:49:33,삼성,5765-83**-****-4445,30749745,승인,72727,7273,80000,00
2025-03-21 17:59:18,KB국민,9420-51**-****-2212,65536259,승인,6364,636,7000,00
2025-03-21 18:40:39,하나,4568-73**-****-5435,94708592,승인,72727,7273,80000,00
2025-03-21 19:11:02,KB국민,5370-26**-****-2043,80136507,승인,54545,5455,60000,00
2025-03-21 19:32:19,삼성,9410-10**-****-8988,52843311,승인,72727,7273,80000,00
2025-03-21 19:38:31,KB국민,5370-92**-****-8252,36145447,승인,54545,5455,60000,00
2025-03-21 19:51:13,KB국민,4569-19**-****-2750,42633405,승인,27273,2727,30000,00
2025-03-21 20:00:48,삼성,9430-92**-****-6793,28781124,승인,16364,1636,18000,00
2025-03-21 20:55:09,신한,9411-66**-****-2441,42913766,승인,27273,2727,30000,00
2025-03-21 21:32:30,삼성,5765-22**-****-5991,69485073,승인,72727,7273,80000,06
2025-03-21 22:41:38,롯데,5284-48**-****-8732,59766743,승인,63636,6364,70000,00
2025-03-21 22:49:17,BC,9460-94**-****-4417,44350253,승인,4545,455,5000,00
2025-03-22 12:55:09,삼성,9430-31**-****-9604,31229564,승인,16364,1636,18000,00
2025-03-22 13:22:57,삼성,9410-70**-****-2841,72335184,승인,9091,909,10000,00
2025-03-22 13:31:47,롯데,9450-21**-****-4446,78036333,승인,59091,5909,65000,00
2025-03-22 14:11:06,KB국민,5370-79**-****-3086,56777508,승인,36364,3636,40000,00
2025-03-22 14:52:36,NH,5765-34**-****-3500,29902315,승인,59091,5909,65000,00
2025-03-22 15:05:47,현대,4214-41**-****-2724,40363191,승인,6364,636,7000,00
2025-03-22 15:44:05,BC,6243-15**-****-6296,28889241,승인,63636,6364,70000,06
2025-03-22 15:47:59,삼성,5765-64**-****-7730,63191556,승인,36364,3636,40000,00
2025-03-22 16:16:32,하나,9480-58**-****-1118,66373318,승인,40909,4091,45000,00
2025-03-22 17:02:32,롯데,4280-91**-****-6468,19007281,승인,59091,5909,65000,00
2025-03-22 17:10:26,삼성,5765-95**-****-3480,34375911,승인,7273,727,8000,00
2025-03-22 17:16:54,KB국민,9420-93**-****-8499,99308727,승인,50000,5000,55000,00
2025-03-22 17:53:16,신한,9411-13**-****-6432,73149753,승인,27273,2727,30000,00
2025-03-22 17:54:06,신한,9411-93**-****-8113,50358524,승인,59091,5909,65000,00
2025-03-22 17:59:07,삼성,9410-61**-****-6014,93928021,승인,7273,727,8000,00
2025-03-22 18:57:16,신한,5563-88**-****-6989,99715417,승인,7273,727,8000,00
2025-03-22 19:07:05,KB국민,9420-30**-****-2993,38137132,승인,45455,4545,50000,00
2025-03-22 19:12:48,롯데,5284-69**-****-5536,70570928,승인,40909,4091,45000,00
2025-03-22 19:30:31,신한,9411-26**-****-9433,29138848,승인,27273,2727,30000,00
2025-03-22 19:35:33,현대,9440-56**-****-6143,69839681,승인,54545,5455,60000,00
2025-03-22 20:03:38,BC,6243-57**-****-5801,92886833,승인,9091,909,10000,00
2025-03-22 20:11:36,삼성,9410-98**-****-3297,73057193,승인,36364,3636,40000,00
2025-03-22 20:13:11,KB국민,4569-96**-****-4260,44765857,승인,59091,5909,65000,00
2025-03-22 20:36:05,KB국민,9420-83**-****-2437,72873864,승인,40909,4091,45000,00
2025-03-22 20:51:03,NH,5765-12**-****-7119,85928927,승인,36364,3636,40000,00
2025-03-22 21:25:36,삼성,9410-38**-****-1139,53269689,승인,54545,5455,60000,00
2025-03-22 21:47:09,삼성,9430-77**-****-8439,68035365,승인,59091,5909,65000,00
2025-03-22 21:54:47,KB국민,4569-36**-****-4254,61070501,승인,50000,5000,55000,00
2025-03-22 22:14:59,롯데,9450-13**-****-7145,69586290,승인,50000,5000,55000,06
2025-03-22 22:20:55,NH,9470-30**-****-5963,66946385,승인,59091,5909,65000,00
2025-03-22 22:54:57,KB국민,9420-49**-****-1011,73920316,승인,22727,2273,25000,00
2025-03-23 10:40:02,삼성,5765-71**-****-8877,56157714,승인,50000,5000,55000,00
2025-03-23 12:46:38,신한,4563-63**-****-8085,17603772,승인,59091,5909,65000,00
2025-03-23 13:17:41,신한,4563-72**-****-6586,83672216,승인,59091,5909,65000,00
2025-03-23 13:52:10,KB국민,4569-85**-****-7406,35953856,승인,50000,5000,55000,00
2025-03-23 13:53:50,KB국민,5370-56**-****-4909,87862664,승인,6364,636,7000,00
2025-03-23 13:56:48,BC,9460-42**-****-7250,25144802,승인,59091,5909,65000,00
2025-03-23 14:01:50,KB국민,5370-56**-****-4909,87862664,취소,6364,636,7000,00
2025-03-23 14:09:43,롯데,4280-77**-****-6098,23772377,승인,54545,5455,60000,03
2025-03-23 14:10:06,현대,9440-79**-****-3491,91827925,승인,45455,4545,50000,00
2025-03-23 14:53:43,롯데,4280-77**-****-6798,90656304,승인,50000,5000,55000,00
2025-03-23 14:55:52,KB국민,9420-79**-****-5305,69037412,승인,63636,6364,70000,00
2025-03-23 15:22:04,하나,4568-84**-****-3022,30380452,승인,50000,5000,55000,00
2025-03-23 16:27:35,하나,5320-60**-****-3991,78572457,승인,40909,4091,45000,00
2025-03-23 16:29:42,롯데,5284-94**-****-7140,29491232,승인,54545,5455,60000,00
2025-03-23 17:06:42,롯데,5284-92**-****-7988,13411007,승인,59091,5909,65000,00
2025-03-23 17:12:17,하나,4568-59**-****-5857,80027906,승인,36364,3636,40000,00
2025-03-23 18:37:27,삼성,5765-81**-****-8993,91421925,승인,10909,1091,12000,00
2025-03-23 18:59:54,롯데,5284-35**-****-1786,34450775,승인,36364,3636,40000,00
2025-03-23 19:01:13,신한,5563-22**-****-6389,49228733,승인,27273,2727,30000,00
2025-03-23 19:16:22,삼성,5765-41**-****-8955,88622613,승인,40909,4091,45000,00
2025-03-23 19:27:37,BC,4556-38**-****-5769,80174304,승인,45455,4545,50000,00
2025-03-23 19:42:19,NH,9470-62**-****-1970,28831186,승인,50000,5000,55000,00
2025-03-23 19:55:49,BC,4556-52**-****-9320,66323846,승인,54545,5455,60000,00
2025-03-23 19:57:38,BC,6243-54**-****-1653,96850744,승인,16364,1636,18000,00
2025-03-23 20:24:38,BC,6243-15**-****-7268,90753748,승인,22727,2273,25000,00
2025-03-23 20:36:55,BC,4556-39**-****-9838,81252175,승인,36364,3636,40000,00
2025-03-23 20:38:30,현대,9440-88**-****-9867,70984164,승인,50000,5000,55000,00
2025-03-23 20:54:29,BC,9460-90**-****-7532,67954859,승인,27273,2727,30000,00
2025-03-23 22:08:06,하나,9480-26**-****-5844,56657336,승인,50000,5000,55000,00
2025-03-23 22:57:30,신한,4563-19**-****-1005,43732839,승인,72727,7273,80000,00
2025-03-24 14:19:58,현대,6011-32**-****-9818,63414794,승인,45455,4545,50000,00
2025-03-24 15:44:14,BC,4556-28**-****-4538,11666763,승인,31818,3182,35000,00
2025-03-24 16:01:54,KB국민,9420-62**-****-4149,34972287,승인,45455,4545,50000,00
2025-03-24 16:28:57,롯데,9450-12**-****-6288,24962673,승인,36364,3636,40000,00
2025-03-24 16:43:22,하나,9480-67**-****-5532,16415488,승인,36364,3636,40000,00
2025-03-24 16:44:40,롯데,9450-81**-****-4430,83454371,승인,36364,3636,40000,00
2025-03-24 16:52:44,롯데,4280-22**-****-3109,78109300,승인,9091,909,10000,00
2025-03-24 17:23:57,신한,4563-98**-****-2262,28051318,승인,9091,909,10000,00
2025-03-24 17:39:31,롯데,9450-72**-****-5336,57055917,승인,40909,4091,45000,00
2025-03-24 19:04:12,삼성,5765-43**-****-7629,29564306,승인,36364,3636,40000,00
2025-03-24 19:34:20,BC,6243-54**-****-4732,96565865,승인,6364,636,7000,00
2025-03-24 19:34:22,삼성,5765-88**-****-5815,86518436,승인,50000,5000,55000,00
2025-03-24 19:47:25,롯데,5284-52**-****-2456,57218427,승인,45455,4545,50000,00
2025-03-24 19:47:51,신한,4563-21**-****-2659,95825759,승인,40909,4091,45000,00
2025-03-24 20:37:25,NH,5765-56**-****-5284,45374067,승인,54545,5455,60000,00
2025-03-24 22:20:14,BC,9460-13**-****-5485,76369717,승인,50000,5000,55000,00
2025-03-25 10:28:35,NH,4547-18**-****-3422,57568410,승인,27273,2727,30000,00
2025-03-25 11:46:17,신한,9411-65**-****-9041,27898844,승인,45455,4545,50000,00
2025-03-25 11:48:22,삼성,5765-77**-****-2042,65527409,승인,45455,4545,50000,00
2025-03-25 13:00:33,삼성,9430-13**-****-6017,86246226,승인,4545,455,5000,00
2025-03-25 13:16:25,신한,5563-53**-****-2336,70629837,승인,9091,909,10000,00
2025-03-25 15:53:03,현대,4214-18**-****-8146,32997024,승인,40909,4091,45000,00
2025-03-25 18:54:04,신한,5563-33**-****-9162,81835206,승인,7273,727,8000,00
2025-03-25 19:08:54,신한,9411-42**-****-8051,77066159,승인,45455,4545,50000,00
2025-03-25 20:32:26,롯데,4280-10**-****-6152,91818380,승인,40909,4091,45000,00
2025-03-25 20:33:16,BC,9460-97**-****-1969,60082940,승인,4545,455,5000,00
2025-03-25 20:46:12,하나,9480-13**-****-3969,97161933,승인,40909,4091,45000,00
2025-03-25 21:46:07,삼성,5765-62**-****-7347,61175972,승인,45455,4545,50000,00
2025-03-25 22:13:42,신한,4563-39**-****-6415,86484960,승인,50000,5000,55000,00
2025-03-26 11:19:24,신한,5563-97**-****-1859,68224195,승인,31818,3182,35000,00
2025-03-26 14:05:19,롯데,9450-16**-****-6138,81711476,승인,45455,4545,50000,00
2025-03-26 16:11:37,삼성,9410-88**-****-3543,55284617,승인,45455,4545,50000,00
2025-03-26 16:15:52,신한,4563-55**-****-1681,17868404,승인,40909,4091,45000,00
2025-03-26 16:30:39,신한,4563-77**-****-1903,15587825,승인,40909,4091,45000,00
2025-03-26 18:34:33,롯데,5284-27**-****-6248,70116733,승인,50000,5000,55000,00
2025-03-26 19:33:54,KB국민,9420-37**-****-1732,23240677,승인,7273,727,8000,00
2025-03-26 20:18:40,KB국민,4569-72**-****-1390,24001392,승인,50000,5000,55000,00
2025-03-26 20:28:01,삼성,9410-47**-****-6106,24465305,승인,54545,5455,60000,00
2025-03-26 21:58:09,신한,4563-74**-****-3908,29978275,승인,54545,5455,60000,00
2025-03-26 21:58:30,삼성,5765-77**-****-6251,85564137,승인,54545,5455,60000,00
2025-03-26 21:59:42,BC,9460-53**-****-2072,43047380,승인,54545,5455,60000,00
2025-03-27 14:44:07,삼성,9410-32**-****-6419,62333608,승인,36364,3636,40000,00
2025-03-27 15:18:18,신한,4563-21**-****-4311,84457282,승인,45455,4545,50000,00
2025-03-27 15:53:24,삼성,5765-40**-****-2104,68512034,승인,7273,727,8000,00
2025-03-27 17:26:24,BC,4556-86**-****-5152,11399851,승인,45455,4545,50000,00
2025-03-27 19:04:45,KB국민,9420-15**-****-1255,61202550,승인,40909,4091,45000,00
2025-03-27 19:25:02,삼성,9410-24**-****-2874,31330395,승인,50000,5000,55000,00
2025-03-27 19:57:40,신한,5563-62**-****-5466,11372698,승인,45455,4545,50000,00
2025-03-27 20:12:08,하나,4568-23**-****-8844,24952744,승인,22727,2273,25000,00
2025-03-27 20:23:58,삼성,9410-64**-****-5230,86576546,승인,50000,5000,55000,00
2025-03-27 21:31:04,KB국민,5370-97**-****-5202,63446108,승인,40909,4091,45000,00
2025-03-28 10:03:52,롯데,9450-82**-****-1576,83226848,승인,63636,6364,70000,00
2025-03-28 10:46:10,신한,9411-10**-****-4828,61165595,승인,59091,5909,65000,00
2025-03-28 11:00:09,BC,9460-69**-****-6736,36930692,승인,59091,5909,65000,00
2025-03-28 12:41:52,NH,4547-67**-****-7336,41899399,승인,72727,7273,80000,00
2025-03-28 13:38:49,현대,6011-36**-****-4096,52670676,승인,36364,3636,40000,00
2025-03-28 13:40:22,하나,4568-67**-****-8546,69578294,승인,50000,5000,55000,00
2025-03-28 14:12:36,하나,5320-69**-****-6954,83578898,승인,50000,5000,55000,00
2025-03-28 14:35:20,삼성,9410-76**-****-7716,81709011,승인,36364,3636,40000,00
2025-03-28 14:42:46,삼성,9410-46**-****-9659,84739562,승인,72727,7273,80000,00
2025-03-28 14:58:39,삼성,5765-99**-****-8693,47746670,승인,16364,1636,18000,00
2025-03-28 18:40:56,현대,9440-12**-****-2404,11163490,승인,4545,455,5000,00
2025-03-28 18:55:47,롯데,5284-88**-****-6180,92184856,승인,7273,727,8000,00
2025-03-28 19:18:19,BC,9460-30**-****-3490,65725304,승인,6364,636,7000,00
2025-03-28 19:19:57,삼성,5765-94**-****-3567,61578597,승인,63636,6364,70000,00
2025-03-28 19:39:16,하나,4568-68**-****-3509,82001727,승인,59091,5909,65000,00
2025-03-28 19:57:15,현대,9440-22**-****-8289,15285272,승인,6364,636,7000,00
2025-03-28 20:27:51,삼성,5765-39**-****-9871,63986524,승인,54545,5455,60000,00
2025-03-28 20:41:25,롯데,9450-62**-****-3468,52478661,승인,27273,2727,30000,00
2025-03-28 21:03:25,삼성,9410-33**-****-4690,94183188,승인,63636,6364,70000,00
2025-03-28 21:14:09,현대,4214-30**-****-5214,59402605,승인,54545,5455,60000,00
2025-03-28 21:19:53,신한,4563-70**-****-8317,55448910,승인,6364,636,7000,00
2025-03-28 21:27:11,삼성,5765-44**-****-3823,85613436,승인,72727,7273,80000,00
2025-03-28 21:50:26,현대,9440-23**-****-8704,82857235,승인,59091,5909,65000,00
2025-03-28 21:55:03,BC,4556-35**-****-6844,30213583,승인,13636,1364,15000,00
2025-03-28 22:29:23,신한,5563-36**-****-9682,43018516,승인,59091,5909,65000,00
2025-03-29 10:08:51,신한,9411-18**-****-7117,30670352,승인,40909,4091,45000,00
2025-03-29 11:08:12,신한,5563-10**-****-2500,68112164,승인,40909,4091,45000,00
2025-03-29 11:37:40,현대,6011-88**-****-2733,26371663,승인,72727,7273,80000,00
2025-03-29 12:47:43,신한,4563-82**-****-2079,45223738,승인,6364,636,7000,00
2025-03-29 13:04:31,NH,9470-20**-****-8046,69851981,승인,13636,1364,15000,00
2025-03-29 14:39:19,NH,5765-91**-****-4229,53043435,승인,63636,6364,70000,00
2025-03-29 14:52:12,현대,4214-66**-****-2003,34820595,승인,72727,7273,80000,00
2025-03-29 14:57:01,하나,4568-57**-****-2392,19246258,승인,72727,7273,80000,00
2025-03-29 15:50:50,신한,4563-89**-****-1261,89231776,승인,40909,4091,45000,00
2025-03-29 17:10:23,신한,5563-72**-****-1384,52757412,승인,54545,5455,60000,00
2025-03-29 17:10:49,KB국민,4569-84**-****-8224,86760494,승인,36364,3636,40000,00
2025-03-29 17:56:29,NH,4547-69**-****-8596,70690090,승인,13636,1364,15000,00
2025-03-29 18:05:11,신한,5563-99**-****-4102,26644381,승인,50000,5000,55000,00
2025-03-29 18:15:49,BC,9460-53**-****-1220,92874168,승인,40909,4091,45000,00
2025-03-29 18:17:05,NH,5765-75**-****-6220,25237104,승인,72727,7273,80000,00
2025-03-29 19:04:12,BC,9460-60**-****-3661,95268109,승인,45455,4545,50000,00
2025-03-29 19:20:28,롯데,5284-73**-****-7069,50298493,승인,13636,1364,15000,00
2025-03-29 19:21:23,KB국민,4569-80**-****-5285,35891060,승인,63636,6364,70000,00
2025-03-29 20:01:19,신한,4563-98**-****-1589,46276862,승인,63636,6364,70000,00
2025-03-29 20:14:13,현대,4214-90**-****-6249,81045937,승인,36364,3636,40000,00
2025-03-29 20:18:38,KB국민,4569-64**-****-4575,43681911,승인,16364,1636,18000,00
2025-03-29 20:20:34,신한,9411-98**-****-1699,57364760,승인,9091,909,10000,00
2025-03-29 20:47:15,삼성,5765-46**-****-5123,31644510,승인,22727,2273,25000,00
2025-03-29 20:48:42,현대,9440-89**-****-3140,11433160,승인,72727,7273,80000,00
2025-03-29 21:03:41,현대,4214-15**-****-6529,46619501,승인,50000,5000,55000,00
2025-03-30 11:20:45,현대,6011-37**-****-9097,65880935,승인,72727,7273,80000,00
2025-03-30 11:28:23,신한,5563-50**-****-4824,95076782,승인,63636,6364,70000,00
2025-03-30 12:34:23,신한,5563-50**-****-4824,95076782,취소,63636,6364,70000,00
2025-03-30 13:26:41,현대,6011-36**-****-2465,70196402,승인,16364,1636,18000,00
2025-03-30 13:46:03,KB국민,5370-64**-****-7160,11464854,승인,50000,5000,55000,00
2025-03-30 14:48:58,신한,9411-16**-****-1396,96288920,승인,10909,1091,12000,00
2025-03-30 15:45:38,신한,4563-25**-****-1277,17036160,승인,72727,7273,80000,00
2025-03-30 16:13:09,삼성,9430-57**-****-2289,72403120,승인,54545,5455,60000,00
2025-03-30 16:48:36,NH,9470-73**-****-3160,18573546,승인,4545,455,5000,00
2025-03-30 17:52:42,삼성,9410-12**-****-2553,62518275,승인,45455,4545,50000,00
2025-03-30 18:17:21,삼성,9430-39**-****-5549,35494128,승인,50000,5000,55000,00
2025-03-30 18:19:40,신한,5563-88**-****-8028,26354079,승인,45455,4545,50000,00
2025-03-30 18:38:57,삼성,9410-28**-****-5525,58826054,승인,54545,5455,60000,00
2025-03-30 18:46:31,KB국민,4569-55**-****-1979,24228623,승인,63636,6364,70000,00
2025-03-30 19:33:18,롯데,9450-82**-****-7054,73555187,승인,59091,5909,65000,00
2025-03-30 19:41:20,삼성,5765-92**-****-1565,47971392,승인,16364,1636,18000,00
2025-03-30 20:03:30,신한,5563-81**-****-8906,29611920,승인,50000,5000,55000,06
2025-03-30 20:09:28,KB국민,4569-45**-****-2765,71195665,승인,63636,6364,70000,00
2025-03-30 20:20:31,현대,6011-86**-****-4083,91212652,승인,59091,5909,65000,00
2025-03-30 20:35:30,삼성,5765-80**-****-7144,13417889,승인,13636,1364,15000,00
2025-03-30 20:36:58,현대,9440-82**-****-9005,73049118,승인,50000,5000,55000,00
2025-03-30 21:08:09,KB국민,9420-21**-****-4850,58360919,승인,6364,636,7000,00
2025-03-30 21:20:32,KB국민,5370-20**-****-6269,81032794,승인,40909,4091,45000,00
2025-03-30 21:30:50,KB국민,4569-26**-****-4184,53195660,승인,54545,5455,60000,00
2025-03-30 22:21:05,신한,9411-61**-****-9068,83163611,승인,16364,1636,18000,00
2025-03-30 22:55:08,KB국민,5370-56**-****-7544,11872359,승인,59091,5909,65000,00
2025-03-31 11:37:02,신한,4563-54**-****-1117,20821631,승인,31818,3182,35000,00
2025-03-31 14:14:09,KB국민,4569-91**-****-7349,99961177,승인,31818,3182,35000,00
2025-03-31 16:16:25,현대,4214-67**-****-1472,90982662,승인,27273,2727,30000,00
2025-03-31 17:32:48,KB국민,9420-80**-****-7798,19121643,승인,45455,4545,50000,00
2025-03-31 18:23:32,KB국민,5370-10**-****-9785,94245755,승인,40909,4091,45000,00
2025-03-31 20:18:17,신한,9411-52**-****-5198,36276131,승인,54545,5455,60000,00
2025-03-31 22:42:32,신한,9411-59**-****-1682,24325007,승인,16364,1636,18000,00
2025-04-01 10:05:46,KB국민,9420-44**-****-5475,13027810,승인,31818,3182,35000,00
2025-04-01 10:53:11,신한,5563-51**-****-7366,71456194,승인,36364,3636,40000,00
2025-04-01 11:40:14,NH,9470-13**-****-9373,51594284,승인,45455,4545,50000,00
2025-04-01 12:06:56,BC,6243-11**-****-1819,46806704,승인,27273,2727,30000,00
2025-04-01 16:16:29,삼성,5765-70**-****-1497,33431904,승인,31818,3182,35000,00
2025-04-01 18:53:29,삼성,9410-94**-****-1721,18457091,승인,16364,1636,18000,00
2025-04-01 19:27:47,삼성,9410-14**-****-5873,26116397,승인,45455,4545,50000,00
2025-04-01 19:30:04,신한,4563-13**-****-7183,14987687,승인,7273,727,8000,00
2025-04-01 20:47:47,BC,6243-56**-****-5970,72247467,승인,45455,4545,50000,00
2025-04-01 21:19:28,롯데,9450-57**-****-1877,38898236,승인,50000,5000,55000,00
2025-04-01 22:38:48,NH,4547-95**-****-5675,43355581,승인,40909,4091,45000,00
2025-04-02 12:26:56,하나,5320-76**-****-1687,23933855,승인,27273,2727,30000,00
2025-04-02 15:05:38,KB국민,4569-30**-****-9922,60099110,승인,36364,3636,40000,00
2025-04-02 15:22:47,현대,9440-91**-****-4699,96423099,승인,16364,1636,18000,00
2025-04-02 16:53:51,KB국민,4569-94**-****-9570,62720687,승인,13636,1364,15000,00
2025-04-02 17:27:05,신한,4563-67**-****-8644,82371781,승인,54545,5455,60000,00
2025-04-02 17:53:44,현대,6011-73**-****-2766,29375073,승인,9091,909,10000,00
2025-04-02 18:16:59,현대,9440-72**-****-6486,25692917,승인,54545,5455,60000,00
2025-04-02 18:23:29,롯데,4280-96**-****-9102,82782058,승인,45455,4545,50000,00
2025-04-02 18:53:47,BC,6243-36**-****-3285,63197220,승인,40909,4091,45000,00
2025-04-02 19:12:51,삼성,9410-98**-****-4847,70128082,승인,45455,4545,50000,00
2025-04-02 19:23:46,KB국민,9420-62**-****-6681,33348882,승인,54545,5455,60000,00
2025-04-02 20:41:02,BC,6243-39**-****-9004,16347764,승인,54545,5455,60000,00
2025-04-02 21:10:56,신한,5563-86**-****-3376,55855470,승인,36364,3636,40000,00
2025-04-03 11:07:13,BC,6243-18**-****-2168,44015322,승인,31818,3182,35000,00
2025-04-03 11:11:29,현대,4214-93**-****-9776,16538400,승인,36364,3636,40000,00
2025-04-03 15:07:44,KB국민,4569-30**-****-5806,15344079,승인,22727,2273,25000,00
2025-04-03 16:21:27,현대,9440-71**-****-4262,75263028,승인,6364,636,7000,00
2025-04-03 16:39:37,현대,6011-96**-****-1686,75945661,승인,40909,4091,45000,00
2025-04-03 17:00:43,KB국민,9420-74**-****-1462,69650381,승인,40909,4091,45000,00
2025-04-03 17:07:27,현대,4214-57**-****-7352,37977471,승인,45455,4545,50000,06
2025-04-03 19:39:56,하나,9480-14**-****-7225,75424216,승인,45455,4545,50000,00
2025-04-03 20:05:30,KB국민,9420-68**-****-2540,60982753,승인,45455,4545,50000,00
2025-04-03 20:15:38,삼성,5765-37**-****-8392,92371735,승인,50000,5000,55000,00
2025-04-03 20:19:52,KB국민,5370-13**-****-4129,12177011,승인,40909,4091,45000,00
2025-04-03 22:31:20,삼성,9430-22**-****-9831,66734057,승인,45455,4545,50000,00
2025-04-04 10:03:32,삼성,5765-84**-****-5356,81205095,승인,36364,3636,40000,00
2025-04-04 10:56:51,신한,4563-34**-****-4498,99125450,승인,45455,4545,50000,00
2025-04-04 12:11:42,KB국민,4569-71**-****-5309,18968278,승인,50000,5000,55000,00
2025-04-04 12:30:02,KB국민,5370-21**-****-2067,45269140,승인,54545,5455,60000,00
2025-04-04 13:31:21,KB국민,9420-42**-****-2031,94439241,승인,22727,2273,25000,00
2025-04-04 13:38:33,KB국민,4569-81**-****-2086,21387389,승인,54545,5455,60000,03
2025-04-04 15:17:55,KB국민,5370-51**-****-6129,42133709,승인,10909,1091,12000,00
2025-04-04 16:44:27,현대,6011-91**-****-7034,82945272,승인,36364,3636,40000,00
2025-04-04 18:22:19,BC,6243-45**-****-7742,45421420,승인,9091,909,10000,00
2025-04-04 18:24:48,현대,6011-70**-****-3248,55241475,승인,27273,2727,30000,00
2025-04-04 18:30:13,삼성,5765-19**-****-9870,29610873,승인,40909,4091,45000,00
2025-04-04 18:42:42,롯데,9450-34**-****-5833,58517955,승인,9091,909,10000,00
2025-04-04 19:35:20,롯데,4280-32**-****-9521,25731762,승인,9091,909,10000,00
2025-04-04 19:49:09,신한,4563-69**-****-5601,97263918,승인,36364,3636,40000,00
2025-04-04 19:54:32,BC,6243-41**-****-3698,94146588,승인,45455,4545,50000,03
2025-04-04 19:55:14,KB국민,9420-92**-****-7660,95274489,승인,45455,4545,50000,00
2025-04-04 19:56:18,신한,5563-33**-****-6527,96902936,승인,9091,909,10000,00
2025-04-04 20:53:40,NH,4547-65**-****-1977,15759135,승인,59091,5909,65000,00
2025-04-04 20:57:11,삼성,9430-39**-****-9083,69682115,승인,63636,6364,70000,00
2025-04-04 20:58:07,삼성,9410-66**-****-1387,76591543,승인,40909,4091,45000,00
2025-04-04 20:58:21,BC,6243-49**-****-6359,73070505,승인,10909,1091,12000,00
2025-04-04 21:29:40,NH,4547-65**-****-1977,15759135,취소,59091,5909,65000,00
2025-04-04 21:42:22,KB국민,5370-13**-****-2982,31742644,승인,72727,7273,80000,00
2025-04-04 21:49:25,신한,5563-60**-****-7122,70374937,승인,36364,3636,40000,00
2025-04-04 22:42:11,삼성,9410-27**-****-5920,62440176,승인,63636,6364,70000,03
2025-04-05 12:12:38,삼성,9410-32**-****-5408,81666002,승인,6364,636,7000,00
2025-04-05 13:56:24,삼성,9410-65**-****-9053,80321416,승인,63636,6364,70000,00
2025-04-05 14:29:35,롯데,9450-33**-****-9743,42970120,승인,13636,1364,15000,00
2025-04-05 14:37:41,BC,4556-39**-****-1786,22075904,승인,50000,5000,55000,00
2025-04-05 15:14:39,NH,9470-12**-****-3485,84317731,승인,54545,5455,60000,00
2025-04-05 15:18:57,신한,9411-92**-****-4998,18683210,승인,50000,5000,55000,00
2025-04-05 16:01:31,BC,4556-19**-****-3367,90658619,승인,63636,6364,70000,00
2025-04-05 16:23:31,BC,4556-19**-****-3367,90658619,취소,63636,6364,70000,00
2025-04-05 17:10:33,신한,9411-83**-****-1854,97861865,승인,6364,636,7000,00
2025-04-05 17:10:57,NH,9470-95**-****-4912,51405395,승인,45455,4545,50000,00
2025-04-05 17:51:01,KB국민,5370-65**-****-9043,69770852,승인,63636,6364,70000,00
2025-04-05 17:55:38,KB국민,5370-66**-****-7693,69395043,승인,63636,6364,70000,00
2025-04-05 18:17:32,신한,5563-86**-****-9020,24506141,승인,63636,6364,70000,06
2025-04-05 18:24:20,삼성,9410-16**-****-6920,15507572,승인,40909,4091,45000,00
2025-04-05 18:48:14,BC,9460-88**-****-9875,12340833,승인,45455,4545,50000,00
2025-04-05 19:10:05,현대,9440-20**-****-5102,80498380,승인,27273,2727,30000,00
2025-04-05 19:59:36,KB국민,9420-42**-****-2180,26700614,승인,72727,7273,80000,00
2025-04-05 20:17:06,삼성,5765-36**-****-7934,15360304,승인,54545,5455,60000,00
2025-04-05 20:20:54,롯데,4280-74**-****-1339,77714151,승인,7273,727,8000,00
2025-04-05 20:43:24,롯데,5284-61**-****-6787,46794685,승인,45455,4545,50000,00
2025-04-05 20:55:55,신한,4563-31**-****-7934,41708297,승인,7273,727,8000,00
2025-04-05 21:05:27,신한,4563-30**-****-8840,32621278,승인,54545,5455,60000,00
2025-04-05 21:28:09,삼성,9430-33**-****-5563,40747760,승인,10909,1091,12000,00
2025-04-05 21:36:03,삼성,5765-46**-****-5541,67687134,승인,36364,3636,40000,00
2025-04-05 22:05:36,BC,9460-38**-****-7658,42483979,승인,54545,5455,60000,00
2025-04-05 22:52:35,삼성,9430-68**-****-9110,83906211,승인,63636,6364,70000,00
2025-04-06 10:29:33,현대,6011-77**-****-7617,72628704,승인,72727,7273,80000,00
2025-04-06 11:29:58,NH,9470-55**-****-5816,78794840,승인,63636,6364,70000,00
2025-04-06 12:19:00,신한,5563-63**-****-4172,30353642,승인,7273,727,8000,00
2025-04-06 13:02:13,KB국민,4569-24**-****-5889,91120624,승인,40909,4091,45000,00
2025-04-06 13:09:59,신한,5563-91**-****-8206,45850340,승인,16364,1636,18000,00
2025-04-06 13:28:48,KB국민,9420-82**-****-9978,77907156,승인,72727,7273,80000,00
2025-04-06 14:48:58,삼성,9430-60**-****-5518,39559783,승인,9091,909,10000,00
2025-04-06 17:09:01,NH,4547-69**-****-8640,59870894,승인,50000,5000,55000,00
2025-04-06 17:21:51,신한,4563-76**-****-1834,88600742,승인,72727,7273,80000,00
2025-04-06 17:36:16,삼성,9410-14**-****-3677,45635838,승인,9091,909,10000,00
2025-04-06 17:45:07,삼성,9410-58**-****-2098,28240760,승인,50000,5000,55000,00
2025-04-06 18:02:59,삼성,9430-31**-****-9302,11483935,승인,72727,7273,80000,00
2025-04-06 18:54:08,BC,6243-69**-****-5575,42989230,승인,50000,5000,55000,00
2025-04-06 20:48:09,BC,6243-93**-****-3291,50530014,승인,72727,7273,80000,00
2025-04-06 21:24:24,신한,9411-37**-****-1262,68456858,승인,54545,5455,60000,00
2025-04-06 21:29:08,하나,9480-47**-****-2659,60202214,승인,63636,6364,70000,00
2025-04-06 22:09:47,삼성,5765-57**-****-9537,13239995,승인,54545,5455,60000,00
2025-04-06 22:33:22,롯데,5284-74**-****-3734,77072182,승인,63636,6364,70000,00
2025-04-07 14:30:01,NH,9470-40**-****-6046,75299603,승인,13636,1364,15000,00
2025-04-07 15:39:30,롯데,9450-61**-****-8137,68004568,승인,27273,2727,30000,00
2025-04-07 16:32:19,하나,4568-85**-****-1840,50311286,승인,40909,4091,45000,00
2025-04-07 18:10:59,삼성,9430-70**-****-7096,44639362,승인,50000,5000,55000,00
2025-04-07 18:35:56,현대,9440-97**-****-9520,47441996,승인,45455,4545,50000,00
2025-04-07 20:16:06,KB국민,5370-69**-****-5075,30569974,승인,40909,4091,45000,00
2025-04-07 20:49:57,신한,9411-71**-****-8108,46532526,승인,40909,4091,45000,00
2025-04-07 21:31:59,KB국민,4569-40**-****-8046,48449029,승인,16364,1636,18000,00
2025-04-07 21:44:34,신한,4563-48**-****-6426,20888977,승인,54545,5455,60000,00
2025-04-08 10:59:12,NH,4547-44**-****-2761,89640794,승인,31818,3182,35000,00
2025-04-08 12:10:57,신한,9411-15**-****-2349,92458452,승인,36364,3636,40000,00
2025-04-08 13:20:37,BC,9460-20**-****-2345,11139490,승인,40909,4091,45000,00
2025-04-08 13:27:31,NH,5765-16**-****-3488,10280147,승인,27273,2727,30000,00
2025-04-08 15:53:33,BC,4556-18**-****-3271,72053763,승인,27273,2727,30000,00
2025-04-08 18:02:08,하나,5320-95**-****-6853,86772172,승인,45455,4545,50000,00
2025-04-08 18:45:09,삼성,5765-28**-****-2928,24451825,승인,4545,455,5000,00
2025-04-08 19:16:10,삼성,5765-14**-****-5648,62800378,승인,54545,5455,60000,00
2025-04-08 19:25:26,롯데,5284-36**-****-6351,42303694,승인,9091,909,10000,00
2025-04-08 21:42:10,BC,6243-47**-****-6020,97709864,승인,50000,5000,55000,00
2025-04-08 22:08:09,신한,4563-84**-****-6242,42112135,승인,6364,636,7000,00
2025-04-09 10:37:40,KB국민,4569-87**-****-8594,86758803,승인,27273,2727,30000,00
2025-04-09 11:10:25,신한,9411-42**-****-1514,62285733,승인,31818,3182,35000,00
2025-04-09 12:03:04,KB국민,9420-12**-****-7828,77343991,승인,10909,1091,12000,00
2025-04-09 13:41:42,롯데,4280-70**-****-4436,98071212,승인,45455,4545,50000,00
2025-04-09 14:31:29,롯데,5284-27**-****-8366,53876873,승인,40909,4091,45000,00
2025-04-09 14:41:12,현대,9440-92**-****-6386,42963378,승인,4545,455,5000,00
2025-04-09 15:20:53,신한,5563-39**-****-1634,99715454,승인,45455,4545,50000,00
2025-04-09 15:42:35,롯데,9450-81**-****-7373,54102252,승인,10909,1091,12000,00
2025-04-09 16:21:51,신한,5563-37**-****-4304,29838164,승인,45455,4545,50000,06
2025-04-09 16:42:54,신한,5563-65**-****-4222,15291565,승인,45455,4545,50000,00
2025-04-09 17:46:37,신한,4563-46**-****-1729,54641542,승인,54545,5455,60000,00
2025-04-09 19:17:58,롯데,5284-11**-****-1629,94763590,승인,40909,4091,45000,00
2025-04-09 20:45:27,하나,5320-10**-****-4014,32035748,승인,45455,4545,50000,00
2025-04-09 20:46:50,롯데,4280-73**-****-1838,87869937,승인,10909,1091,12000,00
2025-04-09 21:16:25,삼성,9410-40**-****-8360,63281778,승인,45455,4545,50000,00
2025-04-09 22:26:05,BC,9460-40**-****-3299,78824758,승인,50000,5000,55000,00
2025-04-10 13:47:46,삼성,9430-63**-****-5212,31724678,승인,36364,3636,40000,00
2025-04-10 14:10:33,신한,5563-13**-****-6757,55658290,승인,22727,2273,25000,00
2025-04-10 18:39:17,신한,9411-32**-****-6787,62060463,승인,36364,3636,40000,00
2025-04-10 19:04:09,BC,9460-18**-****-4924,46245645,승인,36364,3636,40000,00
2025-04-10 20:34:16,NH,5765-18**-****-2415,31782481,승인,36364,3636,40000,00
2025-04-10 21:13:46,신한,4563-79**-****-6070,83642672,승인,40909,4091,45000,00
2025-04-10 22:07:48,신한,5563-75**-****-8623,26387650,승인,50000,5000,55000,00
2025-04-11 11:12:00,삼성,9430-63**-****-6549,10998284,승인,59091,5909,65000,00
2025-04-11 11:51:23,KB국민,9420-20**-****-5056,54837154,승인,63636,6364,70000,00
2025-04-11 14:41:58,현대,9440-37**-****-8705,27000208,승인,40909,4091,45000,00
2025-04-11 14:52:55,하나,5320-73**-****-4072,83492765,승인,50000,5000,55000,06
2025-04-11 15:27:13,신한,4563-61**-****-3231,89291824,승인,63636,6364,70000,00
2025-04-11 17:37:18,신한,9411-42**-****-7884,97018401,승인,10909,1091,12000,00
2025-04-11 18:27:18,BC,9460-95**-****-5918,28377021,승인,36364,3636,40000,00
2025-04-11 18:47:19,삼성,9430-21**-****-4027,28444834,승인,63636,6364,70000,00
2025-04-11 18:52:41,삼성,5765-26**-****-5076,15396384,승인,27273,2727,30000,00
2025-04-11 19:00:07,KB국민,9420-98**-****-5144,27205509,승인,16364,1636,18000,00
2025-04-11 19:30:31,삼성,5765-41**-****-6194,51883739,승인,59091,5909,65000,00
2025-04-11 19:52:24,신한,9411-56**-****-9699,20081316,승인,45455,4545,50000,00
2025-04-11 20:49:51,신한,5563-85**-****-8920,18979241,승인,63636,6364,70000,00
2025-04-11 21:05:51,NH,9470-15**-****-7613,51861461,승인,54545,5455,60000,00
2025-04-11 21:11:36,KB국민,4569-80**-****-6103,82652905,승인,50000,5000,55000,03
2025-04-11 21:26:05,신한,9411-23**-****-1065,74018781,승인,59091,5909,65000,03
2025-04-11 21:38:38,신한,9411-52**-****-5328,52723076,승인,40909,4091,45000,00
2025-04-11 22:47:14,KB국민,4569-35**-****-7043,15632397,승인,72727,7273,80000,00
2025-04-11 22:55:29,삼성,9410-81**-****-9528,25635545,승인,40909,4091,45000,00
2025-04-12 11:04:43,삼성,9410-93**-****-1046,38213232,승인,63636,6364,70000,00
2025-04-12 12:44:17,삼성,5765-72**-****-1104,39039152,승인,22727,2273,25000,00
2025-04-12 12:44:22,롯데,4280-13**-****-3691,23087728,승인,13636,1364,15000,00
2025-04-12 13:14:28,삼성,9430-38**-****-7300,84054169,승인,45455,4545,50000,00
2025-04-12 13:18:09,신한,9411-77**-****-8753,18763750,승인,54545,5455,60000,00
2025-04-12 13:41:50,BC,4556-58**-****-7735,98519306,승인,40909,4091,45000,00
2025-04-12 15:42:33,롯데,9450-42**-****-5633,42788611,승인,54545,5455,60000,03
2025-04-12 15:51:17,현대,6011-22**-****-6847,60992202,승인,50000,5000,55000,00
2025-04-12 15:55:02,KB국민,9420-23**-****-2189,83627558,승인,9091,909,10000,00
2025-04-12 16:14:27,삼성,9410-82**-****-2690,28387256,승인,22727,2273,25000,00
2025-04-12 17:03:50,롯데,4280-36**-****-5736,65486192,승인,36364,3636,40000,00
2025-04-12 17:08:14,신한,9411-42**-****-1599,11570055,승인,9091,909,10000,00
2025-04-12 18:12:56,신한,4563-40**-****-8723,81469059,승인,50000,5000,55000,00
2025-04-12 18:17:28,BC,4556-34**-****-6786,99369812,승인,50000,5000,55000,00
2025-04-12 18:22:19,KB국민,4569-59**-****-8812,46190400,승인,50000,5000,55000,00
2025-04-12 18:59:09,신한,4563-42**-****-9552,23265355,승인,40909,4091,45000,00
2025-04-12 19:53:44,KB국민,4569-67**-****-4380,29378852,승인,36364,3636,40000,00
2025-04-12 20:42:59,현대,9440-12**-****-3442,53939753,승인,45455,4545,50000,00
2025-04-12 20:49:35,KB국민,5370-49**-****-2777,67022224,승인,63636,6364,70000,03
2025-04-12 20:56:21,삼성,5765-83**-****-4757,47268231,승인,6364,636,7000,00
2025-04-12 21:26:07,현대,4214-21**-****-4425,55743318,승인,10909,1091,12000,00
2025-04-12 21:39:07,BC,6243-90**-****-9796,42374658,승인,6364,636,7000,00
2025-04-12 21:42:15,KB국민,5370-10**-****-5130,68155654,승인,72727,7273,80000,00
2025-04-12 22:36:01,신한,9411-15**-****-4837,34077528,승인,10909,1091,12000,00
2025-04-13 12:27:29,삼성,9410-94**-****-1045,45069118,승인,4545,455,5000,00
2025-04-13 13:14:44,신한,5563-85**-****-9697,88600648,승인,45455,4545,50000,00
2025-04-13 13:29:03,신한,9411-56**-****-4345,94172039,승인,72727,7273,80000,00
2025-04-13 14:47:51,삼성,9410-22**-****-8877,68918771,승인,40909,4091,45000,00
2025-04-13 14:52:48,KB국민,5370-58**-****-6146,72931255,승인,10909,1091,12000,00
2025-04-13 14:53:50,신한,9411-35**-****-1328,64467723,승인,72727,7273,80000,00
2025-04-13 14:56:14,신한,9411-80**-****-9831,21216291,승인,45455,4545,50000,03
2025-04-13 16:34:05,신한,9411-64**-****-1721,75834916,승인,54545,5455,60000,00
2025-04-13 16:34:11,삼성,9410-29**-****-2199,65707449,승인,63636,6364,70000,00
2025-04-13 16:43:07,현대,4214-30**-****-5273,21413934,승인,22727,2273,25000,00
2025-04-13 16:49:34,NH,9470-16**-****-3077,40834888,승인,72727,7273,80000,00
2025-04-13 18:09:38,KB국민,4569-76**-****-9046,20281598,승인,27273,2727,30000,00
2025-04-13 19:34:05,KB국민,4569-14**-****-1490,11547478,승인,59091,5909,65000,00
2025-04-13 20:34:41,삼성,5765-29**-****-1423,57424065,승인,59091,5909,65000,00
2025-04-13 20:34:54,KB국민,4569-16**-****-3215,79518667,승인,40909,4091,45000,00
2025-04-13 20:48:19,삼성,9430-10**-****-7194,33001583,승인,63636,6364,70000,03
2025-04-13 20:49:42,BC,6243-20**-****-1497,53284762,승인,36364,3636,40000,00
2025-04-13 21:13:08,현대,9440-19**-****-8247,66656310,승인,50000,5000,55000,00
2025-04-13 21:24:22,삼성,5765-45**-****-9452,81140123,승인,13636,1364,15000,00
2025-04-13 22:56:28,BC,6243-67**-****-4532,67027276,승인,45455,4545,50000,00
2025-04-14 11:17:15,현대,9440-89**-****-7554,49614511,승인,31818,3182,35000,00
2025-04-14 11:17:51,NH,4547-77**-****-5142,26678492,승인,27273,2727,30000,00
2025-04-14 12:24:19,롯데,5284-83**-****-9404,81183035,승인,40909,4091,45000,00
2025-04-14 13:26:09,KB국민,4569-94**-****-7054,16576388,승인,36364,3636,40000,00
2025-04-14 14:26:38,KB국민,5370-33**-****-9615,26880118,승인,45455,4545,50000,00
2025-04-14 16:52:10,신한,5563-16**-****-8696,64590632,승인,45455,4545,50000,03
2025-04-14 17:14:46,신한,4563-12**-****-4140,99746613,승인,45455,4545,50000,00
2025-04-14 18:30:31,KB국민,4569-77**-****-4075,96938535,승인,40909,4091,45000,00
2025-04-14 18:53:17,롯데,9450-88**-****-8629,18258427,승인,13636,1364,15000,00
2025-04-14 18:58:01,롯데,5284-81**-****-4955,77239032,승인,9091,909,10000,00
2025-04-14 19:21:02,현대,9440-40**-****-5773,37466298,승인,10909,1091,12000,00
2025-04-14 19:54:33,신한,4563-69**-****-2346,15473245,승인,50000,5000,55000,00
2025-04-14 20:18:40,삼성,9430-15**-****-5761,35043563,승인,50000,5000,55000,00
2025-04-14 20:33:36,KB국민,5370-26**-****-7877,59426552,승인,45455,4545,50000,00
2025-04-14 21:07:25,BC,9460-22**-****-2475,90511200,승인,9091,909,10000,00
2025-04-14 21:13:48,신한,5563-85**-****-5222,52288490,승인,13636,1364,15000,00
2025-04-14 21:58:33,신한,5563-92**-****-5237,33816274,승인,36364,3636,40000,00
2025-04-15 12:49:26,KB국민,9420-11**-****-9583,42800911,승인,27273,2727,30000,00
2025-04-15 13:41:20,삼성,9430-19**-****-1569,21256208,승인,31818,3182,35000,00
2025-04-15 14:46:10,현대,6011-19**-****-3422,42231365,승인,31818,3182,35000,00
2025-04-15 15:33:30,BC,6243-62**-****-3282,36132987,승인,36364,3636,40000,00
2025-04-15 17:21:21,삼성,9410-26**-****-5816,79750301,승인,50000,5000,55000,00
2025-04-15 17:50:47,KB국민,5370-26**-****-2908,67246006,승인,36364,3636,40000,00
2025-04-15 18:38:12,KB국민,9420-73**-****-4243,39096022,승인,40909,4091,45000,00
2025-04-15 18:47:02,현대,4214-73**-****-4893,63082648,승인,45455,4545,50000,00
2025-04-15 19:21:30,신한,5563-63**-****-2961,10412599,승인,50000,5000,55000,00
2025-04-15 19:51:07,현대,9440-47**-****-9834,40312280,승인,54545,5455,60000,00
2025-04-15 20:01:02,BC,9460-36**-****-9523,58495831,승인,9091,909,10000,00
2025-04-15 21:39:48,KB국민,4569-69**-****-2561,77200602,승인,54545,5455,60000,00
2025-04-15 21:43:13,신한,9411-19**-****-1949,51772295,승인,50000,5000,55000,00
2025-04-15 21:49:35,NH,9470-13**-****-1435,88663706,승인,54545,5455,60000,03
2025-04-16 11:14:41,현대,9440-23**-****-1874,99526680,승인,36364,3636,40000,00
2025-04-16 13:40:54,KB국민,9420-89**-****-3336,38300963,승인,40909,4091,45000,00
2025-04-16 16:44:44,현대,9440-57**-****-9313,85760777,승인,27273,2727,30000,00
2025-04-16 17:43:29,신한,5563-22**-****-4487,33556305,승인,36364,3636,40000,00
2025-04-16 18:04:51,신한,9411-67**-****-1258,44258271,승인,10909,1091,12000,00
2025-04-16 20:16:57,신한,5563-65**-****-4004,86778111,승인,45455,4545,50000,00
2025-04-16 20:21:19,KB국민,9420-27**-****-9660,64687986,승인,40909,4091,45000,00
2025-04-16 22:53:16,롯데,5284-77**-****-1081,70053039,승인,45455,4545,50000,03
2025-04-17 12:01:49,NH,9470-34**-****-3869,24543144,승인,45455,4545,50000,00
2025-04-17 13:48:26,현대,9440-49**-****-4537,85384682,승인,27273,2727,30000,00
2025-04-17 13:50:23,KB국민,5370-52**-****-3407,85878633,승인,45455,4545,50000,00
2025-04-17 14:49:51,신한,9411-61**-****-8043,85687408,승인,31818,3182,35000,00
2025-04-17 17:24:22,현대,9440-81**-****-1244,74683425,승인,16364,1636,18000,00
2025-04-17 17:48:22,현대,4214-21**-****-5358,83902153,승인,22727,2273,25000,00
2025-04-17 18:03:26,현대,4214-60**-****-3539,95931487,승인,54545,5455,60000,00
2025-04-17 20:41:38,롯데,5284-76**-****-2468,49667716,승인,54545,5455,60000,00
2025-04-17 20:45:36,하나,5320-94**-****-7158,49783700,승인,54545,5455,60000,00
2025-04-17 21:07:09,현대,4214-80**-****-1490,29762536,승인,27273,2727,30000,00
2025-04-17 21:33:08,롯데,5284-54**-****-1050,64689989,승인,22727,2273,25000,00
2025-04-17 21:46:14,현대,6011-93**-****-6927,42743997,승인,54545,5455,60000,00
2025-04-18 11:23:14,신한,4563-86**-****-8253,47782418,승인,54545,5455,60000,00
2025-04-18 12:42:12,BC,9460-18**-****-1785,60357342,승인,59091,5909,65000,00
2025-04-18 14:24:07,롯데,9450-95**-****-9409,52648480,승인,9091,909,10000,00
2025-04-18 14:31:34,하나,4568-34**-****-2986,39293518,승인,27273,2727,30000,00
2025-04-18 16:03:15,신한,4563-60**-****-2664,73135754,승인,18182,1818,20000,00
2025-04-18 16:09:55,신한,9411-65**-****-2548,46962459,승인,16364,1636,18000,00
2025-04-18 16:35:51,롯데,5284-59**-****-8768,16401529,승인,40909,4091,45000,00
2025-04-18 17:03:45,NH,4547-86**-****-3130,28413747,승인,72727,7273,80000,00
2025-04-18 17:11:55,BC,6243-90**-****-7736,29280124,승인,50000,5000,55000,00
2025-04-18 17:56:24,하나,9480-74**-****-7343,37119856,승인,40909,4091,45000,00
2025-04-18 17:57:42,신한,4563-31**-****-1805,87686096,승인,22727,2273,25000,00
2025-04-18 18:39:41,삼성,9410-16**-****-6265,70819005,승인,54545,5455,60000,00
2025-04-18 19:16:04,신한,4563-21**-****-4802,27806084,승인,9091,909,10000,00
2025-04-18 20:25:34,신한,4563-44**-****-9339,94025838,승인,45455,4545,50000,00
2025-04-18 20:56:09,BC,4556-42**-****-2969,35775293,승인,50000,5000,55000,00
2025-04-18 21:20:22,신한,4563-69**-****-2781,83106438,승인,7273,727,8000,00
2025-04-18 21:29:00,BC,9460-20**-****-2665,90923515,승인,9091,909,10000,00
2025-04-18 21:54:01,KB국민,5370-65**-****-9419,90583309,승인,45455,4545,50000,00
2025-04-18 22:36:44,롯데,5284-60**-****-1372,80327598,승인,40909,4091,45000,00
2025-04-19 12:41:11,신한,5563-13**-****-5412,99062872,승인,9091,909,10000,00
2025-04-19 14:39:36,KB국민,9420-26**-****-3521,52965279,승인,16364,1636,18000,00
2025-04-19 15:28:40,하나,9480-21**-****-8231,57907389,승인,72727,7273,80000,00
2025-04-19 16:25:29,KB국민,9420-40**-****-5399,67708398,승인,36364,3636,40000,00
2025-04-19 16:53:31,신한,9411-41**-****-9836,25433087,승인,72727,7273,80000,00
2025-04-19 17:09:46,KB국민,5370-83**-****-2191,28621916,승인,40909,4091,45000,00
2025-04-19 17:31:15,KB국민,5370-10**-****-6981,60481546,승인,63636,6364,70000,00
2025-04-19 18:05:42,신한,4563-21**-****-3608,62795451,승인,45455,4545,50000,00
2025-04-19 18:11:06,신한,4563-83**-****-3811,83299666,승인,50000,5000,55000,00
2025-04-19 18:12:31,롯데,4280-97**-****-6214,80382000,승인,4545,455,5000,00
2025-04-19 19:19:56,BC,6243-92**-****-2081,21276185,승인,59091,5909,65000,00
2025-04-19 19:34:18,하나,9480-52**-****-1619,14551461,승인,36364,3636,40000,00
2025-04-19 19:42:23,롯데,4280-23**-****-8328,45555431,승인,36364,3636,40000,00
2025-04-19 20:11:34,KB국민,9420-12**-****-8366,76145997,승인,59091,5909,65000,00
2025-04-19 20:31:42,NH,5765-72**-****-2511,89053312,승인,45455,4545,50000,03
2025-04-19 20:37:34,KB국민,5370-71**-****-8431,18199219,승인,63636,6364,70000,00
2025-04-19 20:42:11,NH,4547-58**-****-5503,20467889,승인,4545,455,5000,00
2025-04-19 21:15:57,KB국민,4569-35**-****-8825,82379607,승인,22727,2273,25000,00
2025-04-19 21:23:48,KB국민,9420-97**-****-6437,71288572,승인,16364,1636,18000,00
2025-04-19 22:04:46,KB국민,9420-59**-****-9068,82742892,승인,18182,1818,20000,00
2025-04-19 22:44:46,현대,6011-74**-****-5108,49173807,승인,50000,5000,55000,00
2025-04-20 10:19:40,BC,6243-24**-****-2220,74587898,승인,40909,4091,45000,00
2025-04-20 12:23:13,신한,4563-51**-****-2761,53992027,승인,63636,6364,70000,00
2025-04-20 12:45:25,신한,4563-43**-****-9502,61845501,승인,59091,5909,65000,00
2025-04-20 13:17:57,롯데,5284-42**-****-5396,34502256,승인,45455,4545,50000,00
2025-04-20 14:08:19,NH,9470-52**-****-8014,13408559,승인,27273,2727,30000,00
2025-04-20 14:13:46,신한,4563-77**-****-8796,23069839,승인,45455,4545,50000,00
2025-04-20 14:44:14,KB국민,4569-38**-****-2674,77710326,승인,59091,5909,65000,00
2025-04-20 15:08:43,롯데,9450-79**-****-4187,86852328,승인,54545,5455,60000,00
2025-04-20 15:27:28,삼성,5765-29**-****-5354,96343880,승인,13636,1364,15000,00
2025-04-20 16:10:08,현대,6011-95**-****-6526,47529122,승인,18182,1818,20000,00
2025-04-20 17:56:08,KB국민,4569-17**-****-7817,53547635,승인,13636,1364,15000,00
2025-04-20 18:21:46,KB국민,4569-88**-****-6199,48659084,승인,27273,2727,30000,00
2025-04-20 19:07:44,KB국민,9420-87**-****-1985,27667669,승인,27273,2727,30000,00
2025-04-20 19:10:03,KB국민,9420-44**-****-4866,15058739,승인,50000,5000,55000,00
2025-04-20 19:59:30,NH,9470-61**-****-3815,89070916,승인,45455,4545,50000,00
2025-04-20 20:00:17,삼성,5765-81**-****-9630,56750216,승인,13636,1364,15000,00
2025-04-20 20:18:49,삼성,9430-68**-****-3905,61396315,승인,6364,636,7000,00
2025-04-20 20:37:32,롯데,5284-66**-****-9829,47518966,승인,16364,1636,18000,00
2025-04-20 21:21:25,신한,4563-78**-****-4057,55350551,승인,45455,4545,50000,00
2025-04-20 21:25:29,신한,5563-33**-****-5819,95671339,승인,63636,6364,70000,00
2025-04-20 22:35:20,현대,4214-43**-****-5707,40092515,승인,36364,3636,40000,00
2025-04-21 11:51:19,현대,6011-19**-****-4802,41731923,승인,36364,3636,40000,00
2025-04-21 13:56:52,롯데,5284-36**-****-2134,10747553,승인,27273,2727,30000,00
2025-04-21 15:04:33,BC,9460-23**-****-9902,27948371,승인,9091,909,10000,00
2025-04-21 15:18:54,KB국민,9420-28**-****-9038,77053091,승인,45455,4545,50000,00
2025-04-21 16:30:02,신한,5563-97**-****-3984,23471350,승인,45455,4545,50000,00
2025-04-21 17:47:00,신한,5563-57**-****-3747,48643064,승인,40909,4091,45000,00
2025-04-21 22:44:59,KB국민,9420-47**-****-8226,96321540,승인,40909,4091,45000,00
2025-04-22 11:55:11,하나,5320-32**-****-8680,18498926,승인,40909,4091,45000,00
2025-04-22 12:52:49,KB국민,9420-23**-****-4950,62679863,승인,40909,4091,45000,00
2025-04-22 14:09:56,현대,6011-17**-****-2517,60621065,승인,27273,2727,30000,00
2025-04-22 14:11:57,KB국민,4569-56**-****-5265,85435906,승인,36364,3636,40000,00
2025-04-22 16:34:10,KB국민,9420-95**-****-2426,71206971,승인,40909,4091,45000,00
2025-04-22 17:13:12,롯데,4280-82**-****-4559,97965773,승인,18182,1818,20000,00
2025-04-22 18:11:53,신한,9411-83**-****-3542,86084622,승인,4545,455,5000,00
2025-04-22 19:30:08,삼성,9410-28**-****-6331,93028632,승인,50000,5000,55000,00
2025-04-22 20:56:05,신한,9411-80**-****-4341,72167784,승인,54545,5455,60000,00
2025-04-23 11:15:42,KB국민,4569-37**-****-2843,75810642,승인,45455,4545,50000,00
2025-04-23 12:19:15,현대,6011-24**-****-6254,71768981,승인,16364,1636,18000,00
2025-04-23 13:51:43,삼성,9430-16**-****-7506,83548560,승인,27273,2727,30000,00
2025-04-23 15:02:56,신한,5563-87**-****-9010,72492044,승인,4545,455,5000,00
2025-04-23 15:35:09,NH,4547-99**-****-6958,42819076,승인,31818,3182,35000,00
2025-04-23 16:55:16,BC,6243-33**-****-2908,69972067,승인,45455,4545,50000,00
2025-04-23 18:32:55,KB국민,9420-98**-****-4450,59954883,승인,27273,2727,30000,00
2025-04-23 18:41:29,신한,4563-12**-****-5049,86644190,승인,50000,5000,55000,00
2025-04-23 19:22:11,현대,4214-15**-****-1997,37111336,승인,9091,909,10000,00
2025-04-23 19:52:20,KB국민,9420-41**-****-9502,27538006,승인,40909,4091,45000,00
2025-04-23 19:54:55,KB국민,5370-18**-****-8211,31755294,승인,54545,5455,60000,00
2025-04-23 20:54:57,신한,4563-63**-****-5370,26395574,승인,54545,5455,60000,00
2025-04-23 21:06:46,롯데,4280-91**-****-2234,50694620,승인,50000,5000,55000,00
2025-04-24 14:07:55,KB국민,9420-16**-****-3287,25457307,승인,40909,4091,45000,00
2025-04-24 18:27:24,신한,9411-68**-****-3930,97325613,승인,13636,1364,15000,00
2025-04-24 18:38:07,KB국민,9420-29**-****-3472,25510146,승인,40909,4091,45000,00
2025-04-24 19:05:19,KB국민,9420-34**-****-9378,17608620,승인,40909,4091,45000,00
2025-04-24 19:12:58,KB국민,4569-36**-****-2354,89656203,승인,36364,3636,40000,00
2025-04-24 19:47:43,삼성,9430-23**-****-7597,27381528,승인,36364,3636,40000,00
2025-04-24 20:59:15,NH,5765-14**-****-4507,49407965,승인,40909,4091,45000,00
2025-04-24 21:02:07,롯데,4280-94**-****-6618,81022010,승인,54545,5455,60000,00
2025-04-24 21:36:57,삼성,9410-85**-****-3743,56740994,승인,36364,3636,40000,00
2025-04-24 21:51:19,삼성,9430-22**-****-3885,22093079,승인,22727,2273,25000,00
2025-04-25 10:58:47,KB국민,4569-21**-****-5524,75630349,승인,63636,6364,70000,00
2025-04-25 10:59:13,삼성,9430-22**-****-1279,40717503,승인,59091,5909,65000,00
2025-04-25 11:01:39,NH,4547-57**-****-8396,66799483,승인,59091,5909,65000,00
2025-04-25 12:27:11,KB국민,9420-67**-****-6821,67164456,승인,13636,1364,15000,00
2025-04-25 13:01:55,하나,5320-69**-****-1996,21332672,승인,40909,4091,45000,00
2025-04-25 13:35:03,롯데,4280-14**-****-3009,37812524,승인,40909,4091,45000,00
2025-04-25 14:02:26,삼성,9430-16**-****-2305,48617836,승인,72727,7273,80000,03
2025-04-25 14:33:02,KB국민,9420-67**-****-7000,24415273,승인,36364,3636,40000,00
2025-04-25 15:08:01,현대,4214-18**-****-7234,97933602,승인,50000,5000,55000,00
2025-04-25 15:10:38,KB국민,9420-65**-****-2398,67203444,승인,36364,3636,40000,00
2025-04-25 15:55:10,신한,5563-14**-****-5676,43513823,승인,36364,3636,40000,00
2025-04-25 16:33:17,신한,9411-35**-****-2871,13327277,승인,72727,7273,80000,00
2025-04-25 17:11:15,KB국민,4569-65**-****-8565,10366686,승인,54545,5455,60000,00
2025-04-25 17:19:21,삼성,9410-16**-****-2908,69986114,승인,27273,2727,30000,00
2025-04-25 17:33:08,BC,4556-29**-****-3205,90037153,승인,59091,5909,65000,00
2025-04-25 17:48:59,신한,5563-13**-****-3558,28904006,승인,45455,4545,50000,03
2025-04-25 18:34:49,삼성,5765-83**-****-5416,10406262,승인,22727,2273,25000,00
2025-04-25 18:42:29,NH,9470-93**-****-1321,45258217,승인,6364,636,7000,00
2025-04-25 19:38:16,삼성,9410-52**-****-1089,36704602,승인,18182,1818,20000,00
2025-04-25 20:44:54,삼성,9410-61**-****-5358,65674053,승인,18182,1818,20000,00
2025-04-25 21:01:26,삼성,5765-53**-****-2753,52873862,승인,50000,5000,55000,00
2025-04-25 21:19:39,신한,5563-57**-****-6702,48257905,승인,40909,4091,45000,00
2025-04-25 21:27:52,삼성,5765-77**-****-2049,42285783,승인,7273,727,8000,00
2025-04-25 22:07:09,신한,5563-79**-****-6351,59216380,승인,54545,5455,60000,00
2025-04-25 22:51:55,현대,9440-42**-****-8200,68716883,승인,9091,909,10000,00
2025-04-25 22:59:03,삼성,9430-81**-****-4781,76418594,승인,63636,6364,70000,00
2025-04-26 11:30:20,현대,9440-58**-****-4095,85622173,승인,72727,7273,80000,00
2025-04-26 11:50:11,신한,5563-14**-****-9222,89140910,승인,36364,3636,40000,00
2025-04-26 12:26:03,현대,6011-22**-****-5251,83249011,승인,45455,4545,50000,00
2025-04-26 12:38:25,롯데,4280-30**-****-2376,78571606,승인,40909,4091,45000,00
2025-04-26 13:28:00,KB국민,5370-55**-****-3618,87845932,승인,45455,4545,50000,00
2025-04-26 14:27:54,삼성,5765-79**-****-8548,33022123,승인,45455,4545,50000,00
2025-04-26 15:04:12,KB국민,4569-87**-****-7262,84697804,승인,72727,7273,80000,00
2025-04-26 15:25:34,신한,9411-27**-****-8141,44699521,승인,22727,2273,25000,00
2025-04-26 15:46:26,신한,9411-42**-****-1717,53113090,승인,4545,455,5000,00
2025-04-26 15:50:05,삼성,9430-32**-****-5065,75432053,승인,63636,6364,70000,00
2025-04-26 15:57:51,신한,9411-84**-****-8540,98399977,승인,50000,5000,55000,00
2025-04-26 16:08:10,KB국민,4569-75**-****-9551,41291228,승인,40909,4091,45000,00
2025-04-26 16:18:12,KB국민,4569-87**-****-7262,84697804,취소,72727,7273,80000,00
2025-04-26 16:53:38,NH,5765-73**-****-9670,95749236,승인,72727,7273,80000,00
2025-04-26 17:04:30,NH,5765-76**-****-2070,27015758,승인,18182,1818,20000,00
2025-04-26 17:09:48,KB국민,9420-64**-****-2116,12960149,승인,22727,2273,25000,00
2025-04-26 17:15:46,NH,4547-75**-****-8422,51928769,승인,54545,5455,60000,00
2025-04-26 17:41:02,현대,4214-82**-****-1462,65887036,승인,9091,909,10000,00
2025-04-26 18:06:25,롯데,4280-31**-****-1359,58360819,승인,13636,1364,15000,00
2025-04-26 18:17:15,BC,4556-36**-****-3998,79174221,승인,50000,5000,55000,00
2025-04-26 18:28:32,KB국민,5370-43**-****-1420,82490321,승인,59091,5909,65000,03
2025-04-26 18:37:18,BC,9460-61**-****-9955,44901404,승인,36364,3636,40000,00
2025-04-26 19:04:05,삼성,9410-55**-****-5067,98742229,승인,10909,1091,12000,00
2025-04-26 19:25:11,현대,4214-88**-****-5637,60508091,승인,54545,5455,60000,00
2025-04-26 19:38:18,하나,4568-18**-****-1240,45448743,승인,40909,4091,45000,00
2025-04-26 20:06:26,하나,4568-16**-****-5696,75098469,승인,63636,6364,70000,00
2025-04-26 20:25:37,현대,6011-39**-****-6810,25826147,승인,72727,7273,80000,03
2025-04-26 20:38:40,하나,9480-23**-****-7674,41225607,승인,7273,727,8000,00
2025-04-26 20:52:40,신한,9411-83**-****-9233,39796682,승인,63636,6364,70000,00
2025-04-26 21:17:48,KB국민,4569-88**-****-3040,23067632,승인,10909,1091,12000,00
2025-04-26 21:43:52,롯데,5284-29**-****-9268,72191000,승인,54545,5455,60000,00
2025-04-26 21:49:37,NH,9470-12**-****-8281,82142272,승인,72727,7273,80000,00
2025-04-26 21:51:05,신한,5563-86**-****-9404,77707040,승인,50000,5000,55000,00
2025-04-27 10:25:29,삼성,9430-23**-****-9470,40396847,승인,45455,4545,50000,06
2025-04-27 11:07:39,롯데,9450-56**-****-8827,43070778,승인,45455,4545,50000,00
2025-04-27 11:53:29,삼성,9430-23**-****-9470,40396847,취소,45455,4545,50000,06
2025-04-27 12:27:16,현대,4214-53**-****-8654,29547737,승인,10909,1091,12000,00
2025-04-27 12:55:53,KB국민,9420-19**-****-3780,73717559,승인,22727,2273,25000,00
2025-04-27 13:11:48,KB국민,9420-49**-****-8765,63852997,승인,72727,7273,80000,00
2025-04-27 13:20:39,KB국민,5370-32**-****-2295,47705867,승인,40909,4091,45000,00
2025-04-27 13:46:07,삼성,5765-39**-****-5116,74252953,승인,7273,727,8000,00
2025-04-27 14:42:35,KB국민,4569-44**-****-6931,16328242,승인,9091,909,10000,00
2025-04-27 16:27:22,롯데,4280-69**-****-1787,84371067,승인,27273,2727,30000,00
2025-04-27 16:52:40,신한,4563-32**-****-9422,51575679,승인,7273,727,8000,00
2025-04-27 17:03:00,삼성,5765-60**-****-9458,74585618,승인,36364,3636,40000,00
2025-04-27 17:19:44,신한,5563-50**-****-5279,98571165,승인,40909,4091,45000,00
2025-04-27 17:20:50,신한,4563-56**-****-7940,75770619,승인,63636,6364,70000,06
2025-04-27 18:20:23,신한,9411-13**-****-1805,89741086,승인,36364,3636,40000,00
2025-04-27 18:51:58,현대,6011-49**-****-8214,78011234,승인,50000,5000,55000,00
2025-04-27 19:03:14,신한,4563-22**-****-3060,79077540,승인,63636,6364,70000,00
2025-04-27 19:06:05,NH,4547-76**-****-9739,95821214,승인,59091,5909,65000,00
2025-04-27 19:24:56,신한,9411-20**-****-8773,66704595,승인,36364,3636,40000,00
2025-04-27 19:35:08,BC,6243-66**-****-6871,11828041,승인,50000,5000,55000,00
2025-04-27 19:36:19,신한,4563-16**-****-3931,49368389,승인,45455,4545,50000,00
2025-04-27 19:38:38,신한,9411-25**-****-4059,33475742,승인,59091,5909,65000,06
2025-04-27 20:21:34,KB국민,4569-38**-****-6225,35808393,승인,36364,3636,40000,00
2025-04-27 20:39:11,현대,6011-88**-****-7917,99008895,승인,63636,6364,70000,00
2025-04-27 20:39:48,현대,6011-67**-****-2390,68839489,승인,18182,1818,20000,00
2025-04-27 20:51:38,KB국민,5370-43**-****-7054,64282556,승인,36364,3636,40000,00
2025-04-27 20:54:56,삼성,9410-67**-****-3525,48314592,승인,6364,636,7000,00
2025-04-27 21:17:28,하나,4568-91**-****-3688,67040947,승인,45455,4545,50000,00
2025-04-27 21:24:43,롯데,4280-65**-****-8125,76773782,승인,54545,5455,60000,00
2025-04-27 21:25:48,신한,4563-72**-****-3725,32779572,승인,9091,909,10000,00
2025-04-27 21:50:08,롯데,5284-23**-****-1887,63216038,승인,45455,4545,50000,00
2025-04-28 11:38:50,신한,5563-28**-****-9241,45804636,승인,31818,3182,35000,00
2025-04-28 13:41:43,신한,5563-28**-****-3020,82025376,승인,36364,3636,40000,00
2025-04-28 14:00:01,현대,4214-65**-****-8558,60922531,승인,6364,636,7000,00
2025-04-28 14:15:15,롯데,9450-13**-****-9191,62599547,승인,45455,4545,50000,00
2025-04-28 17:32:32,BC,6243-85**-****-7972,80825861,승인,45455,4545,50000,00
2025-04-28 18:09:56,삼성,9430-84**-****-8884,27830140,승인,54545,5455,60000,00
2025-04-28 18:24:45,삼성,9410-85**-****-4709,70334957,승인,45455,4545,50000,00
2025-04-28 19:14:21,NH,9470-99**-****-1585,95143591,승인,40909,4091,45000,00
2025-04-28 20:04:38,하나,4568-91**-****-6389,36086815,승인,50000,5000,55000,00
2025-04-28 20:06:17,현대,9440-21**-****-1596,90291375,승인,50000,5000,55000,00
2025-04-28 20:13:52,BC,4556-67**-****-4562,84151411,승인,54545,5455,60000,00
2025-04-28 20:32:04,KB국민,9420-64**-****-2097,56350800,승인,50000,5000,55000,00
2025-04-28 21:10:09,삼성,9410-33**-****-1244,40872687,승인,36364,3636,40000,00
2025-04-28 21:10:56,신한,5563-83**-****-1808,84765427,승인,54545,5455,60000,00
2025-04-28 22:17:16,NH,4547-64**-****-5290,17178930,승인,45455,4545,50000,00
2025-04-29 13:00:57,NH,4547-21**-****-2417,40171534,승인,16364,1636,18000,00
2025-04-29 15:39:30,KB국민,5370-81**-****-7017,36125123,승인,4545,455,5000,00
2025-04-29 15:50:48,현대,4214-85**-****-7695,52465445,승인,45455,4545,50000,00
2025-04-29 16:57:44,KB국민,9420-64**-****-7388,46060619,승인,4545,455,5000,00
2025-04-29 17:35:12,KB국민,4569-82**-****-9753,85779559,승인,10909,1091,12000,00
2025-04-29 18:52:18,신한,9411-17**-****-5731,41572277,승인,40909,4091,45000,00
2025-04-29 20:38:42,NH,5765-25**-****-7328,11503786,승인,54545,5455,60000,00
2025-04-29 20:50:06,삼성,5765-68**-****-1276,64261234,승인,36364,3636,40000,00
2025-04-29 21:00:23,하나,5320-66**-****-7212,20003633,승인,45455,4545,50000,00
2025-04-29 21:18:59,현대,9440-16**-****-9361,74771844,승인,45455,4545,50000,00
2025-04-29 22:00:51,KB국민,5370-88**-****-7534,89387274,승인,18182,1818,20000,00
2025-04-30 13:33:43,롯데,9450-13**-****-6965,59794206,승인,40909,4091,45000,00
2025-04-30 14:09:38,신한,5563-67**-****-2219,17166497,승인,18182,1818,20000,00
2025-04-30 15:01:05,KB국민,9420-68**-****-6873,94699404,승인,31818,3182,35000,00
2025-04-30 16:07:29,KB국민,9420-95**-****-2478,28517985,승인,40909,4091,45000,00
2025-04-30 18:17:05,현대,4214-65**-****-3257,45738306,승인,27273,2727,30000,00
2025-04-30 18:24:38,롯데,9450-96**-****-9877,96567889,승인,40909,4091,45000,00
2025-04-30 18:35:53,KB국민,4569-80**-****-2288,10784416,승인,40909,4091,45000,00
2025-04-30 19:50:00,신한,5563-91**-****-9520,85934044,승인,54545,5455,60000,00
2025-04-30 20:22:43,신한,9411-65**-****-6225,77887006,승인,10909,1091,12000,00
2025-04-30 20:27:11,KB국민,4569-98**-****-1382,89819497,승인,45455,4545,50000,06
2025-04-30 20:56:58,롯데,5284-26**-****-5364,24124508,승인,10909,1091,12000,00
2025-04-30 20:57:36,NH,4547-52**-****-6918,78517715,승인,45455,4545,50000,00
2025-05-01 11:31:33,신한,5563-40**-****-8415,22091603,승인,45455,4545,50000,00
2025-05-01 11:50:22,현대,9440-24**-****-2498,87089421,승인,45455,4545,50000,00
2025-05-01 12:30:16,BC,6243-81**-****-6116,53919906,승인,6364,636,7000,00
2025-05-01 13:26:04,하나,5320-10**-****-7113,74621853,승인,40909,4091,45000,00
2025-05-01 14:02:02,삼성,9430-97**-****-6143,11973784,승인,18182,1818,20000,00
2025-05-01 15:55:30,KB국민,9420-45**-****-6375,10678721,승인,31818,3182,35000,00
2025-05-01 16:00:39,BC,9460-50**-****-2411,34955072,승인,31818,3182,35000,00
2025-05-01 17:47:56,롯데,9450-16**-****-8218,86438590,승인,36364,3636,40000,00
2025-05-01 17:59:45,KB국민,4569-37**-****-3812,28255279,승인,45455,4545,50000,00
2025-05-01 20:23:31,현대,9440-18**-****-1815,94841477,승인,36364,3636,40000,00
2025-05-02 12:43:01,신한,4563-16**-****-7374,33776348,승인,45455,4545,50000,00
2025-05-02 13:13:55,NH,4547-66**-****-5253,95055990,승인,7273,727,8000,00
2025-05-02 13:36:33,KB국민,5370-54**-****-7752,27650310,승인,72727,7273,80000,00
2025-05-02 14:01:25,신한,9411-44**-****-6163,21161254,승인,27273,2727,30000,00
2025-05-02 14:45:16,NH,5765-32**-****-5974,52670431,승인,54545,5455,60000,00
2025-05-02 15:19:49,신한,5563-10**-****-2941,47236581,승인,4545,455,5000,00
2025-05-02 16:09:22,신한,4563-37**-****-5862,58310738,승인,63636,6364,70000,00
2025-05-02 16:25:10,KB국민,5370-79**-****-1557,54735640,승인,50000,5000,55000,00
2025-05-02 17:03:00,BC,6243-20**-****-1831,52883576,승인,7273,727,8000,00
2025-05-02 17:28:59,현대,4214-55**-****-6497,20745689,승인,54545,5455,60000,00
2025-05-02 17:33:48,신한,4563-17**-****-9682,64442947,승인,50000,5000,55000,00
2025-05-02 19:00:57,현대,9440-50**-****-8171,85952511,승인,6364,636,7000,00
2025-05-02 19:17:30,KB국민,9420-89**-****-2443,79077891,승인,40909,4091,45000,00
2025-05-02 20:24:58,KB국민,5370-52**-****-6420,17123333,승인,54545,5455,60000,00
2025-05-02 20:29:38,삼성,9430-92**-****-6999,13764851,승인,22727,2273,25000,00
2025-05-02 21:20:06,KB국민,9420-13**-****-6070,99400067,승인,36364,3636,40000,00
2025-05-02 21:21:02,신한,4563-66**-****-2636,35670862,승인,18182,1818,20000,00
2025-05-02 21:30:12,BC,6243-14**-****-2158,44603602,승인,54545,5455,60000,00
2025-05-02 21:34:27,롯데,5284-85**-****-4174,83545099,승인,36364,3636,40000,00
2025-05-02 21:42:48,삼성,9430-96**-****-5716,93488889,승인,6364,636,7000,00
2025-05-02 22:06:56,삼성,9410-74**-****-8580,62063088,승인,50000,5000,55000,00
2025-05-03 11:44:57,하나,5320-37**-****-3053,98880638,승인,50000,5000,55000,00
2025-05-03 14:54:18,KB국민,4569-12**-****-4686,10373002,승인,54545,5455,60000,00
2025-05-03 15:09:56,삼성,9430-38**-****-8275,28264493,승인,40909,4091,45000,00
2025-05-03 15:37:03,현대,9440-38**-****-4585,51300844,승인,45455,4545,50000,00
2025-05-03 16:02:23,삼성,5765-92**-****-1213,12579877,승인,63636,6364,70000,06
2025-05-03 16:06:04,롯데,9450-92**-****-1652,66606976,승인,36364,3636,40000,00
2025-05-03 16:39:39,하나,9480-97**-****-7124,86112485,승인,45455,4545,50000,00
2025-05-03 17:27:58,삼성,9430-71**-****-8196,45268115,승인,36364,3636,40000,00
2025-05-03 17:29:24,신한,5563-11**-****-6700,19781591,승인,45455,4545,50000,03
2025-05-03 17:32:39,삼성,5765-38**-****-2536,97770504,승인,54545,5455,60000,00
2025-05-03 18:04:16,하나,9480-10**-****-3065,69715838,승인,18182,1818,20000,00
2025-05-03 18:24:20,삼성,9430-68**-****-2732,82106986,승인,54545,5455,60000,00
2025-05-03 19:00:18,하나,4568-82**-****-6473,84689957,승인,13636,1364,15000,00
2025-05-03 19:49:27,삼성,9410-40**-****-4783,66248001,승인,10909,1091,12000,00
2025-05-03 19:56:11,NH,9470-57**-****-8496,57475913,승인,4545,455,5000,00
2025-05-03 20:02:22,삼성,5765-75**-****-7783,43994245,승인,50000,5000,55000,00
2025-05-03 20:34:28,BC,9460-31**-****-2437,89647361,승인,13636,1364,15000,00
2025-05-04 12:34:14,롯데,4280-86**-****-3652,22033806,승인,45455,4545,50000,00
2025-05-04 13:55:14,롯데,4280-86**-****-3652,22033806,취소,45455,4545,50000,00
2025-05-04 14:44:06,KB국민,4569-71**-****-4872,81803531,승인,63636,6364,70000,03
2025-05-04 14:45:48,신한,4563-22**-****-3756,96843557,승인,36364,3636,40000,00
2025-05-04 14:48:30,삼성,9410-78**-****-5825,27107502,승인,45455,4545,50000,00
2025-05-04 15:50:26,NH,5765-93**-****-6628,84464701,승인,7273,727,8000,00
2025-05-04 15:54:10,삼성,9410-47**-****-2449,29710954,승인,16364,1636,18000,00
2025-05-04 16:50:38,NH,4547-60**-****-6830,88458610,승인,50000,5000,55000,00
2025-05-04 17:00:32,신한,5563-63**-****-7038,62781957,승인,4545,455,5000,00
2025-05-04 17:56:52,KB국민,4569-30**-****-1669,88120126,승인,40909,4091,45000,00
2025-05-04 18:11:51,신한,9411-75**-****-2572,28535751,승인,54545,5455,60000,00
2025-05-04 18:17:41,롯데,4280-18**-****-2797,66567427,승인,50000,5000,55000,00
2025-05-04 18:21:35,롯데,5284-98**-****-8598,73142083,승인,40909,4091,45000,00
2025-05-04 18:26:21,KB국민,4569-10**-****-4228,17709617,승인,36364,3636,40000,00
2025-05-04 18:48:56,KB국민,9420-29**-****-7455,21289411,승인,4545,455,5000,00
2025-05-04 18:51:25,신한,4563-42**-****-5701,50332842,승인,13636,1364,15000,00
2025-05-04 19:03:17,신한,5563-73**-****-8191,58207686,승인,45455,4545,50000,00
2025-05-04 19:17:43,삼성,5765-91**-****-9408,15273520,승인,7273,727,8000,00
2025-05-04 19:28:27,하나,5320-87**-****-6016,35308700,승인,16364,1636,18000,00
2025-05-04 19:33:13,하나,9480-41**-****-5319,82640278,승인,6364,636,7000,00
2025-05-04 19:36:26,삼성,5765-31**-****-7175,70883220,승인,13636,1364,15000,00
2025-05-04 19:53:14,현대,4214-45**-****-2452,47412468,승인,45455,4545,50000,00
2025-05-04 20:04:39,KB국민,5370-35**-****-2329,25906873,승인,16364,1636,18000,00
2025-05-04 20:44:38,삼성,5765-75**-****-3532,88099210,승인,50000,5000,55000,00
2025-05-04 20:46:42,삼성,5765-76**-****-3039,86886722,승인,45455,4545,50000,00
2025-05-04 21:08:44,신한,5563-15**-****-4177,27534576,승인,40909,4091,45000,00
2025-05-04 21:46:00,KB국민,5370-65**-****-9243,38378459,승인,59091,5909,65000,00
2025-05-04 22:23:36,현대,6011-26**-****-1213,14847364,승인,50000,5000,55000,00
2025-05-05 14:23:49,하나,4568-59**-****-3975,26447014,승인,27273,2727,30000,00
2025-05-05 16:23:01,현대,9440-89**-****-6440,51117533,승인,22727,2273,25000,00
2025-05-05 18:01:23,신한,5563-98**-****-7396,85660611,승인,45455,4545,50000,00
2025-05-05 18:24:16,신한,4563-27**-****-4922,47813626,승인,40909,4091,45000,00
2025-05-05 18:25:19,신한,9411-68**-****-1221,47068773,승인,18182,1818,20000,00
2025-05-05 18:52:21,롯데,4280-51**-****-3336,59823728,승인,7273,727,8000,00
2025-05-05 19:31:21,KB국민,9420-91**-****-5395,55030524,승인,50000,5000,55000,00
2025-05-05 20:24:51,KB국민,4569-20**-****-3072,33767704,승인,6364,636,7000,00
2025-05-05 21:09:40,롯데,4280-94**-****-2386,90636015,승인,40909,4091,45000,00
2025-05-05 22:11:56,현대,9440-41**-****-4684,44996204,승인,45455,4545,50000,00
2025-05-05 22:23:15,신한,4563-59**-****-7439,89812200,승인,50000,5000,55000,00
2025-05-05 22:52:02,삼성,5765-95**-****-6993,81001446,승인,40909,4091,45000,00
2025-05-06 14:00:07,NH,5765-90**-****-1764,57930481,승인,36364,3636,40000,00
2025-05-06 14:49:29,삼성,5765-13**-****-1296,81693460,승인,31818,3182,35000,00
2025-05-06 14:52:42,롯데,9450-74**-****-8093,71828022,승인,36364,3636,40000,00
2025-05-06 15:54:43,삼성,9430-92**-****-4178,31958106,승인,40909,4091,45000,00
2025-05-06 16:35:28,NH,5765-50**-****-5601,30994124,승인,27273,2727,30000,00
2025-05-06 19:46:07,하나,9480-25**-****-3327,20656998,승인,50000,5000,55000,00
2025-05-06 20:52:28,삼성,9430-93**-****-6332,79678327,승인,22727,2273,25000,00
2025-05-06 20:56:19,현대,9440-82**-****-8418,65384844,승인,40909,4091,45000,00
2025-05-06 21:29:28,KB국민,4569-62**-****-6307,35273235,승인,40909,4091,45000,00
2025-05-06 21:59:52,현대,4214-28**-****-6594,39872087,승인,36364,3636,40000,00
2025-05-06 22:16:41,KB국민,5370-24**-****-7806,50399190,승인,54545,5455,60000,00
2025-05-07 10:09:30,롯데,9450-33**-****-6065,52921300,승인,31818,3182,35000,00
2025-05-07 13:23:39,BC,6243-40**-****-4493,29912354,승인,36364,3636,40000,00
2025-05-07 14:40:44,신한,5563-76**-****-4114,90985600,승인,18182,1818,20000,00
2025-05-07 17:54:12,KB국민,9420-39**-****-5933,86995914,승인,36364,3636,40000,00
2025-05-07 19:07:49,롯데,4280-73**-****-2422,32075919,승인,40909,4091,45000,00
2025-05-07 20:11:58,현대,9440-41**-****-8940,56166791,승인,36364,3636,40000,00
2025-05-07 21:12:07,신한,4563-29**-****-6751,79537865,승인,40909,4091,45000,00
2025-05-08 11:00:31,삼성,9410-92**-****-6803,84305889,승인,27273,2727,30000,00
2025-05-08 11:11:24,KB국민,9420-35**-****-3595,61154803,승인,45455,4545,50000,00
2025-05-08 14:35:43,현대,9440-95**-****-9077,94592986,승인,45455,4545,50000,00
2025-05-08 16:30:44,롯데,9450-39**-****-3116,66804545,승인,31818,3182,35000,00
2025-05-08 17:16:08,신한,9411-28**-****-3502,31660837,승인,7273,727,8000,00
2025-05-08 17:32:22,KB국민,5370-80**-****-1802,71621333,승인,36364,3636,40000,00
2025-05-08 17:45:48,KB국민,4569-35**-****-8839,53528399,승인,45455,4545,50000,00
2025-05-08 18:42:54,삼성,5765-32**-****-4016,57478039,승인,27273,2727,30000,00
2025-05-08 21:32:01,롯데,5284-29**-****-5157,56453576,승인,6364,636,7000,00
2025-05-09 11:50:18,신한,4563-59**-****-6986,18490284,승인,63636,6364,70000,00
2025-05-09 12:26:35,KB국민,4569-95**-****-9925,68419398,승인,18182,1818,20000,00
2025-05-09 14:02:10,KB국민,4569-54**-****-1385,75268732,승인,6364,636,7000,00
2025-05-09 14:31:57,신한,9411-66**-****-3160,97514564,승인,72727,7273,80000,00
2025-05-09 15:36:59,KB국민,4569-85**-****-4465,53089333,승인,40909,4091,45000,00
2025-05-09 16:00:56,신한,4563-61**-****-3859,98731132,승인,40909,4091,45000,00
2025-05-09 16:17:50,삼성,5765-32**-****-2191,94048378,승인,72727,7273,80000,00
2025-05-09 17:10:42,삼성,5765-22**-****-9128,28247605,승인,36364,3636,40000,00
2025-05-09 17:31:22,삼성,9410-42**-****-1297,32646191,승인,45455,4545,50000,00
2025-05-09 17:36:41,KB국민,9420-37**-****-8775,19958063,승인,72727,7273,80000,00
2025-05-09 17:48:01,하나,5320-89**-****-9761,73774133,승인,72727,7273,80000,00
2025-05-09 18:19:36,KB국민,4569-63**-****-2458,37018872,승인,18182,1818,20000,00
2025-05-09 19:23:05,하나,9480-52**-****-6606,67480783,승인,63636,6364,70000,00
2025-05-09 19:26:22,BC,6243-35**-****-6058,25473711,승인,50000,5000,55000,00
2025-05-09 19:40:49,신한,5563-33**-****-6486,41296200,승인,63636,6364,70000,00
2025-05-09 20:00:31,신한,4563-93**-****-2999,85388033,승인,59091,5909,65000,00
2025-05-09 20:05:09,삼성,9410-89**-****-8045,64161372,승인,54545,5455,60000,00
2025-05-09 20:17:18,현대,4214-10**-****-8863,16703057,승인,27273,2727,30000,00
2025-05-09 20:39:21,신한,9411-41**-****-8844,18948174,승인,50000,5000,55000,06
2025-05-09 21:07:34,신한,5563-45**-****-9057,24031307,승인,36364,3636,40000,00
2025-05-10 10:48:43,삼성,5765-26**-****-7883,91260613,승인,45455,4545,50000,06
2025-05-10 12:10:06,하나,5320-26**-****-8299,18214653,승인,36364,3636,40000,00
2025-05-10 12:50:57,현대,9440-58**-****-5597,88190778,승인,13636,1364,15000,00
2025-05-10 12:56:40,삼성,9410-36**-****-6260,16649866,승인,59091,5909,65000,00
2025-05-10 14:26:43,KB국민,5370-88**-****-6144,48920575,승인,50000,5000,55000,00
2025-05-10 15:02:19,KB국민,4569-28**-****-2050,91998766,승인,54545,5455,60000,00
2025-05-10 15:03:52,삼성,5765-23**-****-6828,28301985,승인,36364,3636,40000,00
2025-05-10 15:21:48,BC,4556-49**-****-4627,44547356,승인,54545,5455,60000,00
2025-05-10 15:28:45,KB국민,9420-79**-****-7492,13760835,승인,27273,2727,30000,00
2025-05-10 15:29:18,신한,9411-12**-****-2765,50434140,승인,7273,727,8000,00
2025-05-10 15:37:21,하나,5320-20**-****-8049,86995890,승인,18182,1818,20000,00
2025-05-10 15:45:50,신한,5563-26**-****-3161,15005295,승인,63636,6364,70000,00
2025-05-10 16:11:12,삼성,5765-14**-****-3223,43374719,승인,16364,1636,18000,00
2025-05-10 16:24:43,KB국민,5370-88**-****-6144,48920575,취소,50000,5000,55000,00
2025-05-10 17:14:05,신한,5563-16**-****-7078,37474847,승인,6364,636,7000,00
2025-05-10 18:02:37,하나,5320-69**-****-4055,69240944,승인,63636,6364,70000,00
2025-05-10 19:02:16,삼성,9430-99**-****-6156,39607195,승인,59091,5909,65000,00
2025-05-10 19:04:16,KB국민,5370-99**-****-5249,53923567,승인,13636,1364,15000,00
2025-05-10 19:07:55,롯데,5284-54**-****-9496,35865956,승인,72727,7273,80000,00
2025-05-10 19:37:29,삼성,9430-30**-****-2804,81003352,승인,36364,3636,40000,00
2025-05-10 19:46:59,하나,5320-84**-****-9558,46186270,승인,50000,5000,55000,00
2025-05-10 20:13:46,신한,4563-86**-****-9663,62560511,승인,72727,7273,80000,00
2025-05-10 20:50:57,현대,6011-87**-****-5007,42542169,승인,54545,5455,60000,00
2025-05-10 20:54:16,KB국민,9420-62**-****-5417,45405879,승인,54545,5455,60000,00
2025-05-10 21:39:54,현대,4214-94**-****-7782,68334317,승인,59091,5909,65000,00
2025-05-11 11:14:34,하나,5320-64**-****-5592,62458119,승인,59091,5909,65000,00
2025-05-11 12:10:00,현대,4214-97**-****-9314,56890422,승인,13636,1364,15000,00
2025-05-11 12:45:10,현대,9440-17**-****-7116,68968103,승인,45455,4545,50000,00
2025-05-11 13:07:24,신한,4563-34**-****-7266,36212551,승인,45455,4545,50000,00
2025-05-11 13:49:55,신한,5563-73**-****-8343,44544778,승인,13636,1364,15000,00
2025-05-11 14:05:57,NH,5765-72**-****-5232,32901211,승인,45455,4545,50000,00
2025-05-11 14:20:47,KB국민,5370-28**-****-3875,76065990,승인,40909,4091,45000,00
2025-05-11 15:12:28,롯데,9450-20**-****-3129,21536372,승인,40909,4091,45000,00
2025-05-11 15:13:17,삼성,9430-84**-****-2115,12199227,승인,45455,4545,50000,00
2025-05-11 16:28:48,롯데,9450-35**-****-4259,27914921,승인,59091,5909,65000,00
2025-05-11 16:55:59,삼성,9430-84**-****-1657,56069176,승인,40909,4091,45000,00
2025-05-11 17:29:59,삼성,9430-84**-****-1657,56069176,취소,40909,4091,45000,00
2025-05-11 17:40:34,KB국민,5370-90**-****-8686,29909582,승인,50000,5000,55000,00
2025-05-11 17:48:34,현대,6011-41**-****-3415,75158383,승인,54545,5455,60000,00
2025-05-11 18:09:39,삼성,9430-37**-****-2766,37435603,승인,50000,5000,55000,06
2025-05-11 18:33:31,KB국민,4569-44**-****-1192,72360903,승인,22727,2273,25000,00
2025-05-11 19:22:48,신한,9411-92**-****-5554,59686746,승인,59091,5909,65000,00
2025-05-11 19:27:50,신한,4563-28**-****-7993,74208166,승인,72727,7273,80000,00
2025-05-11 19:31:20,KB국민,9420-43**-****-3996,16717119,승인,54545,5455,60000,00
2025-05-11 19:31:28,삼성,9410-36**-****-5949,52753307,승인,54545,5455,60000,00
2025-05-11 19:57:11,KB국민,9420-30**-****-4427,90226319,승인,16364,1636,18000,00
2025-05-11 19:57:57,KB국민,5370-47**-****-8941,14839040,승인,40909,4091,45000,00
2025-05-11 20:00:44,신한,4563-12**-****-8255,50900605,승인,50000,5000,55000,00
2025-05-11 20:46:26,현대,6011-70**-****-2664,96193700,승인,54545,5455,60000,00
2025-05-11 20:59:14,신한,5563-98**-****-5125,57641877,승인,45455,4545,50000,00
2025-05-11 21:14:01,신한,4563-98**-****-2109,26489417,승인,50000,5000,55000,00
2025-05-11 21:47:16,신한,9411-56**-****-1351,48824005,승인,50000,5000,55000,00
2025-05-11 22:07:33,하나,5320-88**-****-7814,16710432,승인,72727,7273,80000,06
2025-05-12 11:24:04,현대,6011-13**-****-9427,96745874,승인,36364,3636,40000,00
2025-05-12 12:25:22,삼성,9410-93**-****-1455,59510965,승인,45455,4545,50000,00
2025-05-12 12:54:09,하나,9480-57**-****-2249,49738181,승인,27273,2727,30000,00
2025-05-12 14:09:37,신한,5563-39**-****-7590,68504386,승인,36364,3636,40000,00
2025-05-12 15:34:03,신한,4563-96**-****-3188,10128848,승인,16364,1636,18000,00
2025-05-12 15:42:46,현대,9440-95**-****-5860,34143808,승인,31818,3182,35000,00
2025-05-12 17:31:25,NH,9470-77**-****-2797,53851162,승인,10909,1091,12000,00
2025-05-12 17:31:30,롯데,5284-12**-****-3516,66151444,승인,45455,4545,50000,00
2025-05-12 18:58:56,현대,6011-65**-****-3517,82939264,승인,36364,3636,40000,00
2025-05-12 18:59:10,KB국민,5370-51**-****-2168,65098084,승인,40909,4091,45000,00
2025-05-12 19:21:06,신한,9411-93**-****-4654,82250714,승인,40909,4091,45000,00
2025-05-12 20:02:02,KB국민,5370-18**-****-3572,96216933,승인,45455,4545,50000,00
2025-05-13 10:59:12,KB국민,5370-60**-****-9912,35307028,승인,31818,3182,35000,00
2025-05-13 12:10:32,삼성,5765-17**-****-1326,39439338,승인,31818,3182,35000,00
2025-05-13 12:11:01,현대,9440-30**-****-5658,92105579,승인,36364,3636,40000,00
2025-05-13 12:55:39,삼성,9430-83**-****-5549,80712066,승인,40909,4091,45000,00
2025-05-13 14:49:36,삼성,5765-30**-****-8081,71389663,승인,45455,4545,50000,00
2025-05-13 15:13:50,신한,4563-82**-****-9373,25021199,승인,27273,2727,30000,00
2025-05-13 17:08:13,현대,9440-28**-****-8145,34031104,승인,45455,4545,50000,00
2025-05-13 18:32:58,KB국민,5370-76**-****-6139,53928419,승인,50000,5000,55000,00
2025-05-13 20:24:40,신한,5563-25**-****-6092,89966028,승인,50000,5000,55000,00
2025-05-13 20:59:15,삼성,5765-74**-****-4388,91794133,승인,9091,909,10000,00
2025-05-13 21:00:20,신한,9411-41**-****-5426,81062939,승인,36364,3636,40000,00
2025-05-13 21:27:26,롯데,4280-10**-****-3754,18373570,승인,36364,3636,40000,00
2025-05-13 21:35:45,NH,5765-63**-****-3651,92670664,승인,36364,3636,40000,00
2025-05-13 21:43:50,신한,4563-20**-****-7676,77868292,승인,9091,909,10000,00
2025-05-14 10:57:59,KB국민,4569-19**-****-5052,93372014,승인,45455,4545,50000,00
2025-05-14 13:38:28,삼성,5765-55**-****-2813,89647594,승인,40909,4091,45000,00
2025-05-14 14:43:01,현대,4214-99**-****-7039,63586934,승인,7273,727,8000,00
2025-05-14 17:19:39,KB국민,5370-51**-****-6626,39999769,승인,22727,2273,25000,00
2025-05-14 17:54:34,KB국민,4569-94**-****-6733,76770443,승인,9091,909,10000,00
2025-05-14 18:06:41,KB국민,9420-84**-****-7065,32420823,승인,36364,3636,40000,00
2025-05-14 18:42:27,롯데,4280-27**-****-5880,87756567,승인,4545,455,5000,00
2025-05-14 18:48:10,BC,6243-27**-****-2543,53442625,승인,27273,2727,30000,00
2025-05-14 21:29:47,롯데,5284-61**-****-1324,74730322,승인,54545,5455,60000,06
2025-05-14 21:45:38,삼성,5765-38**-****-9324,56885958,승인,40909,4091,45000,00
2025-05-14 21:48:52,삼성,9410-80**-****-8111,50896516,승인,50000,5000,55000,00
2025-05-14 22:06:00,신한,5563-30**-****-9287,36994551,승인,36364,3636,40000,00
2025-05-15 11:18:20,롯데,9450-60**-****-9433,11330468,승인,27273,2727,30000,00
2025-05-15 15:22:43,BC,4556-75**-****-2233,35976666,승인,45455,4545,50000,00
2025-05-15 15:30:09,KB국민,4569-66**-****-2031,87053633,승인,45455,4545,50000,00
2025-05-15 15:42:51,신한,4563-80**-****-9861,41804392,승인,4545,455,5000,00
2025-05-15 16:10:07,삼성,9410-15**-****-8515,63245195,승인,4545,455,5000,00
2025-05-15 16:25:46,KB국민,4569-84**-****-5799,81632564,승인,45455,4545,50000,00
2025-05-15 17:35:38,삼성,5765-44**-****-3935,81758338,승인,4545,455,5000,00
2025-05-15 19:31:01,삼성,9430-97**-****-6029,76844525,승인,54545,5455,60000,00
2025-05-15 20:22:33,롯데,9450-83**-****-9841,84563921,승인,6364,636,7000,00
2025-05-15 20:51:32,삼성,9430-76**-****-8509,94545592,승인,45455,4545,50000,00
2025-05-16 11:17:58,신한,9411-60**-****-1708,74954396,승인,54545,5455,60000,00
2025-05-16 11:48:30,현대,6011-30**-****-8734,65625918,승인,36364,3636,40000,00
2025-05-16 13:29:31,KB국민,9420-41**-****-9938,92877501,승인,45455,4545,50000,00
2025-05-16 13:50:54,삼성,5765-99**-****-5919,86648532,승인,18182,1818,20000,00
2025-05-16 14:40:41,KB국민,4569-59**-****-8870,50745011,승인,54545,5455,60000,06
2025-05-16 14:54:20,KB국민,9420-72**-****-6368,59424791,승인,6364,636,7000,00
2025-05-16 15:21:27,BC,4556-58**-****-1632,29027158,승인,63636,6364,70000,00
2025-05-16 15:36:12,하나,4568-67**-****-8077,86434610,승인,72727,7273,80000,00
2025-05-16 16:20:45,KB국민,9420-31**-****-6001,56476289,승인,59091,5909,65000,00
2025-05-16 17:38:05,KB국민,4569-70**-****-5411,40913171,승인,10909,1091,12000,00
2025-05-16 17:42:11,NH,9470-40**-****-8738,95911762,승인,40909,4091,45000,00
2025-05-16 18:43:50,신한,4563-31**-****-6345,22937099,승인,59091,5909,65000,00
2025-05-16 19:28:04,신한,9411-91**-****-9668,16330192,승인,4545,455,5000,00
2025-05-16 20:08:07,NH,4547-27**-****-8826,52335811,승인,59091,5909,65000,00
2025-05-16 20:13:06,현대,6011-10**-****-1923,43438582,승인,45455,4545,50000,00
2025-05-16 20:40:13,롯데,5284-77**-****-8182,49701147,승인,13636,1364,15000,00
2025-05-16 20:47:06,KB국민,5370-67**-****-3447,59735453,승인,59091,5909,65000,00
2025-05-16 20:52:14,신한,9411-46**-****-3247,54696776,승인,50000,5000,55000,00
2025-05-16 21:03:00,삼성,9430-23**-****-7607,89480231,승인,50000,5000,55000,00
2025-05-16 21:49:11,NH,5765-52**-****-1129,41663551,승인,45455,4545,50000,00
2025-05-16 21:49:38,현대,4214-22**-****-5796,84887875,승인,59091,5909,65000,06
2025-05-16 21:51:02,삼성,9410-57**-****-8007,26492036,승인,36364,3636,40000,00
2025-05-17 11:50:11,KB국민,4569-33**-****-8123,52408734,승인,72727,7273,80000,00
2025-05-17 14:07:33,KB국민,5370-40**-****-4293,96477790,승인,50000,5000,55000,00
2025-05-17 14:20:46,KB국민,9420-22**-****-1819,78703915,승인,50000,5000,55000,00
2025-05-17 14:25:08,NH,4547-53**-****-5292,17067675,승인,54545,5455,60000,00
2025-05-17 17:35:58,BC,4556-76**-****-6710,26967591,승인,59091,5909,65000,00
2025-05-17 17:47:32,현대,6011-84**-****-8500,59756143,승인,54545,5455,60000,00
2025-05-17 18:06:22,현대,4214-73**-****-7250,21760471,승인,63636,6364,70000,00
2025-05-17 18:30:14,KB국민,5370-30**-****-6576,22777482,승인,36364,3636,40000,00
2025-05-17 18:38:11,NH,5765-32**-****-9764,84734631,승인,63636,6364,70000,00
2025-05-17 18:39:31,삼성,9430-12**-****-1186,92838528,승인,22727,2273,25000,00
2025-05-17 18:58:16,BC,4556-64**-****-4376,76617592,승인,13636,1364,15000,00
2025-05-17 19:13:33,신한,4563-24**-****-9787,20994583,승인,22727,2273,25000,00
2025-05-17 19:20:11,KB국민,4569-51**-****-7694,98703668,승인,40909,4091,45000,00
2025-05-17 19:34:38,현대,4214-93**-****-3788,49568600,승인,63636,6364,70000,00
2025-05-17 19:36:37,현대,9440-78**-****-1790,89937042,승인,36364,3636,40000,00
2025-05-17 19:55:53,현대,9440-66**-****-2726,72815282,승인,27273,2727,30000,00
2025-05-17 19:58:55,NH,4547-52**-****-1235,87926745,승인,18182,1818,20000,00
2025-05-17 20:10:33,하나,9480-33**-****-2359,39210851,승인,16364,1636,18000,00
2025-05-17 20:28:47,NH,4547-49**-****-2069,40129718,승인,63636,6364,70000,00
2025-05-17 20:38:13,신한,4563-78**-****-9364,14064806,승인,36364,3636,40000,00
2025-05-17 20:38:42,BC,4556-79**-****-9664,35170042,승인,40909,4091,45000,00
2025-05-17 21:47:07,삼성,9410-84**-****-8227,72110699,승인,36364,3636,40000,00
2025-05-18 12:21:55,BC,4556-55**-****-4046,56535615,승인,63636,6364,70000,00
2025-05-18 13:55:27,KB국민,4569-90**-****-2465,98180101,승인,63636,6364,70000,00
2025-05-18 14:34:48,NH,5765-44**-****-8443,52936392,승인,10909,1091,12000,00
2025-05-18 14:43:25,롯데,9450-83**-****-2996,42364070,승인,36364,3636,40000,00
2025-05-18 16:32:34,롯데,5284-95**-****-1194,52737194,승인,36364,3636,40000,00
2025-05-18 16:56:08,신한,4563-53**-****-2141,81260169,승인,54545,5455,60000,00
2025-05-18 17:15:13,신한,5563-90**-****-1116,54810387,승인,59091,5909,65000,00
2025-05-18 17:16:16,BC,6243-19**-****-7753,14692509,승인,40909,4091,45000,00
2025-05-18 17:27:08,BC,4556-96**-****-5246,46317732,승인,22727,2273,25000,00
2025-05-18 17:33:48,신한,4563-12**-****-4463,87221427,승인,27273,2727,30000,00
2025-05-18 17:51:02,KB국민,4569-82**-****-1058,33313673,승인,16364,1636,18000,00
2025-05-18 18:00:08,하나,9480-28**-****-5326,75311205,승인,18182,1818,20000,00
2025-05-18 18:24:48,삼성,9410-75**-****-6712,90474782,승인,63636,6364,70000,00
2025-05-18 18:55:48,삼성,9430-95**-****-8378,43059203,승인,63636,6364,70000,00
2025-05-18 19:20:22,신한,4563-83**-****-1692,17928349,승인,40909,4091,45000,00
2025-05-18 19:20:52,BC,6243-15**-****-3015,48038252,승인,40909,4091,45000,00
2025-05-18 20:05:00,하나,5320-49**-****-8771,28039011,승인,50000,5000,55000,00
2025-05-18 20:07:06,신한,5563-94**-****-1697,27988386,승인,63636,6364,70000,00
2025-05-18 20:22:07,BC,4556-68**-****-9808,28224724,승인,9091,909,10000,00
2025-05-18 20:58:15,KB국민,5370-86**-****-9924,66616286,승인,72727,7273,80000,00
2025-05-18 21:08:00,하나,5320-49**-****-8771,28039011,취소,50000,5000,55000,00
2025-05-18 21:26:53,삼성,9410-34**-****-1613,99829082,승인,54545,5455,60000,00
2025-05-18 21:39:44,하나,9480-78**-****-6484,95203223,승인,72727,7273,80000,00
2025-05-18 22:41:24,삼성,9430-76**-****-3901,21033610,승인,63636,6364,70000,00
2025-05-19 10:27:51,하나,9480-44**-****-7287,14713027,승인,45455,4545,50000,00
2025-05-19 13:17:48,삼성,9410-98**-****-9105,89398528,승인,36364,3636,40000,00
2025-05-19 14:13:37,롯데,4280-36**-****-9084,83601876,승인,45455,4545,50000,00
2025-05-19 17:11:11,삼성,9430-28**-****-5891,34900364,승인,13636,1364,15000,00
2025-05-19 17:22:16,하나,4568-93**-****-2111,32868779,승인,40909,4091,45000,00
2025-05-19 18:39:19,하나,9480-45**-****-3362,83012583,승인,36364,3636,40000,00
2025-05-19 18:41:47,하나,9480-61**-****-4513,48113094,승인,45455,4545,50000,00
2025-05-19 20:17:06,신한,9411-17**-****-2233,93400769,승인,54545,5455,60000,00
2025-05-19 20:28:00,삼성,5765-89**-****-1204,25128630,승인,45455,4545,50000,00
2025-05-19 21:01:37,KB국민,9420-42**-****-7386,87086107,승인,22727,2273,25000,00
2025-05-19 21:14:57,현대,6011-67**-****-6834,71985141,승인,36364,3636,40000,00
2025-05-19 21:22:12,BC,9460-79**-****-4052,27141790,승인,54545,5455,60000,00
2025-05-20 12:24:13,KB국민,5370-61**-****-9948,70216892,승인,27273,2727,30000,00
2025-05-20 12:48:49,현대,9440-21**-****-3625,24650815,승인,27273,2727,30000,00
2025-05-20 13:51:36,삼성,9430-88**-****-4542,71938680,승인,27273,2727,30000,00
2025-05-20 14:01:51,신한,5563-62**-****-5576,25015562,승인,36364,3636,40000,00
2025-05-20 14:06:06,BC,4556-77**-****-7268,67931211,승인,45455,4545,50000,03
2025-05-20 14:52:24,삼성,9410-73**-****-7387,29130730,승인,45455,4545,50000,00
2025-05-20 15:15:26,하나,9480-48**-****-4695,49344015,승인,4545,455,5000,00
2025-05-20 18:00:21,KB국민,5370-73**-****-2569,42667925,승인,50000,5000,55000,00
2025-05-20 19:10:03,롯데,9450-40**-****-6492,62468894,승인,40909,4091,45000,00
2025-05-20 20:59:57,신한,9411-92**-****-2521,63326235,승인,7273,727,8000,00
2025-05-20 21:26:46,삼성,9430-62**-****-4220,82974361,승인,40909,4091,45000,00
2025-05-20 22:07:36,KB국민,5370-10**-****-8765,71040634,승인,40909,4091,45000,00
2025-05-21 10:47:14,BC,6243-82**-****-2451,24701600,승인,40909,4091,45000,00
2025-05-21 14:12:50,하나,4568-44**-****-9852,78432453,승인,13636,1364,15000,00
2025-05-21 14:37:17,삼성,5765-84**-****-1278,46453156,승인,27273,2727,30000,00
2025-05-21 16:52:28,NH,4547-36**-****-1370,34512392,승인,40909,4091,45000,00
2025-05-21 17:03:58,KB국민,4569-68**-****-6111,44737951,승인,36364,3636,40000,00
2025-05-21 17:28:02,삼성,9410-62**-****-9647,52756551,승인,22727,2273,25000,00
2025-05-21 17:40:22,삼성,9430-20**-****-7700,97448980,승인,45455,4545,50000,00
2025-05-21 17:47:46,NH,9470-87**-****-7439,93930001,승인,54545,5455,60000,00
2025-05-21 18:22:07,삼성,5765-50**-****-2809,82078150,승인,50000,5000,55000,00
2025-05-21 18:31:18,BC,4556-15**-****-5927,16758118,승인,54545,5455,60000,00
2025-05-21 18:52:19,삼성,9410-54**-****-5429,58196283,승인,54545,5455,60000,00
2025-05-21 18:53:05,BC,6243-99**-****-7629,48323962,승인,40909,4091,45000,00
2025-05-21 20:51:34,신한,5563-26**-****-7902,38708354,승인,50000,5000,55000,00
2025-05-22 10:33:24,롯데,4280-68**-****-7607,42114637,승인,31818,3182,35000,00
2025-05-22 12:38:52,KB국민,9420-41**-****-4590,68325929,승인,27273,2727,30000,00
2025-05-22 13:15:08,신한,4563-83**-****-9715,71717488,승인,40909,4091,45000,00
2025-05-22 13:51:00,KB국민,5370-82**-****-7299,94258614,승인,27273,2727,30000,00
2025-05-22 14:06:46,하나,9480-76**-****-2574,21430379,승인,9091,909,10000,00
2025-05-22 19:00:10,하나,9480-97**-****-9055,29915816,승인,36364,3636,40000,00
2025-05-22 19:39:00,KB국민,9420-25**-****-2474,43839318,승인,36364,3636,40000,00
2025-05-22 20:39:02,삼성,9430-79**-****-5918,21032763,승인,50000,5000,55000,00
2025-05-22 21:22:57,삼성,9410-17**-****-1032,12767728,승인,45455,4545,50000,00
2025-05-22 21:55:58,KB국민,4569-15**-****-5013,16799765,승인,54545,5455,60000,00
2025-05-23 10:05:10,하나,5320-80**-****-3285,54562374,승인,40909,4091,45000,00
2025-05-23 10:31:46,하나,9480-40**-****-5251,56938936,승인,50000,5000,55000,00
2025-05-23 10:42:55,삼성,5765-38**-****-3832,17433165,승인,63636,6364,70000,06
2025-05-23 12:01:41,하나,9480-64**-****-9155,68415071,승인,54545,5455,60000,00
2025-05-23 13:07:43,NH,5765-54**-****-6363,85760648,승인,63636,6364,70000,00
2025-05-23 13:08:41,KB국민,4569-29**-****-1018,62490143,승인,50000,5000,55000,00
2025-05-23 13:15:41,KB국민,4569-29**-****-1018,62490143,취소,50000,5000,55000,00
2025-05-23 13:33:22,KB국민,9420-27**-****-6320,72756047,승인,40909,4091,45000,00
2025-05-23 13:46:26,KB국민,5370-21**-****-3470,55134525,승인,16364,1636,18000,00
2025-05-23 13:56:41,BC,6243-21**-****-9832,78047801,승인,36364,3636,40000,00
2025-05-23 15:26:01,삼성,5765-76**-****-4969,29236657,승인,36364,3636,40000,00
2025-05-23 15:58:22,KB국민,5370-68**-****-6643,12334965,승인,50000,5000,55000,00
2025-05-23 16:16:21,롯데,5284-12**-****-3458,35382259,승인,45455,4545,50000,00
2025-05-23 17:01:05,신한,5563-18**-****-7999,57089952,승인,45455,4545,50000,00
2025-05-23 17:01:28,신한,5563-46**-****-5102,88115343,승인,59091,5909,65000,00
2025-05-23 17:14:54,KB국민,5370-52**-****-2443,41755622,승인,54545,5455,60000,00
2025-05-23 18:26:05,하나,9480-22**-****-6207,26940639,승인,72727,7273,80000,00
2025-05-23 18:30:19,삼성,9430-36**-****-5454,51285310,승인,7273,727,8000,00
2025-05-23 18:40:13,삼성,9430-75**-****-2783,50709319,승인,13636,1364,15000,00
2025-05-23 19:24:59,NH,4547-26**-****-3500,47052406,승인,13636,1364,15000,00
2025-05-23 19:51:54,삼성,9410-40**-****-6307,47276838,승인,36364,3636,40000,00
2025-05-23 20:14:52,신한,4563-28**-****-3911,69029762,승인,54545,5455,60000,00
2025-05-23 20:17:50,신한,4563-94**-****-2319,31427013,승인,27273,2727,30000,00
2025-05-23 20:27:53,현대,4214-55**-****-3680,44464147,승인,10909,1091,12000,00
2025-05-23 20:42:11,KB국민,5370-60**-****-9345,66144019,승인,16364,1636,18000,00
2025-05-23 21:17:55,KB국민,5370-17**-****-2564,83891751,승인,63636,6364,70000,00
2025-05-23 22:59:39,NH,4547-66**-****-9942,78536500,승인,18182,1818,20000,00
2025-05-24 12:41:16,신한,9411-60**-****-4494,34994420,승인,10909,1091,12000,00
2025-05-24 13:07:53,NH,9470-19**-****-7363,10592144,승인,16364,1636,18000,00
2025-05-24 13:26:06,삼성,9410-29**-****-8700,27418572,승인,63636,6364,70000,00
2025-05-24 14:52:07,KB국민,4569-80**-****-7265,57299880,승인,16364,1636,18000,00
2025-05-24 15:40:29,BC,6243-19**-****-2973,37653284,승인,59091,5909,65000,00
2025-05-24 15:51:26,하나,4568-12**-****-5254,56616057,승인,36364,3636,40000,00
2025-05-24 16:13:44,현대,9440-46**-****-3243,82723098,승인,6364,636,7000,00
2025-05-24 16:14:02,BC,9460-33**-****-1114,48493103,승인,72727,7273,80000,00
2025-05-24 16:37:50,KB국민,5370-77**-****-2061,79366029,승인,54545,5455,60000,00
2025-05-24 16:59:30,신한,5563-22**-****-9132,89147389,승인,40909,4091,45000,00
2025-05-24 17:52:15,삼성,5765-59**-****-9277,17096276,승인,72727,7273,80000,00
2025-05-24 18:00:13,신한,5563-43**-****-9563,31010543,승인,9091,909,10000,00
2025-05-24 18:26:50,KB국민,5370-77**-****-2061,79366029,취소,54545,5455,60000,00
2025-05-24 18:33:09,신한,4563-49**-****-4825,40245603,승인,72727,7273,80000,00
2025-05-24 18:37:39,삼성,9430-11**-****-1531,38166476,승인,36364,3636,40000,00
2025-05-24 18:43:46,신한,4563-74**-****-8627,14224882,승인,22727,2273,25000,00
2025-05-24 18:55:53,KB국민,4569-39**-****-1921,72806952,승인,72727,7273,80000,03
2025-05-24 19:07:15,BC,4556-21**-****-3327,53198521,승인,27273,2727,30000,00
2025-05-24 19:17:05,신한,9411-88**-****-6094,80852543,승인,45455,4545,50000,06
2025-05-24 19:39:48,롯데,5284-84**-****-2614,96974990,승인,36364,3636,40000,00
2025-05-24 19:51:18,롯데,9450-35**-****-9078,83377097,승인,40909,4091,45000,00
2025-05-24 20:16:25,삼성,9430-18**-****-6841,68643840,승인,18182,1818,20000,00
2025-05-24 20:32:04,삼성,9430-64**-****-2755,90622846,승인,9091,909,10000,00
2025-05-24 20:48:41,삼성,5765-29**-****-7356,57617569,승인,63636,6364,70000,00
2025-05-24 20:52:06,신한,9411-49**-****-7079,36316515,승인,36364,3636,40000,00
2025-05-24 21:43:38,신한,9411-35**-****-9773,75117698,승인,63636,6364,70000,00
2025-05-24 22:12:10,하나,9480-86**-****-2720,69957986,승인,36364,3636,40000,00
2025-05-24 22:21:14,KB국민,5370-31**-****-8742,84908485,승인,59091,5909,65000,00
2025-05-25 15:00:28,현대,9440-18**-****-8835,37719615,승인,16364,1636,18000,00
2025-05-25 17:08:13,KB국민,9420-87**-****-8785,16995189,승인,22727,2273,25000,00
2025-05-25 17:10:36,신한,4563-61**-****-9652,29797191,승인,7273,727,8000,00
2025-05-25 17:14:46,삼성,9430-57**-****-8129,47605606,승인,63636,6364,70000,00
2025-05-25 17:29:29,삼성,9410-36**-****-8547,18206894,승인,45455,4545,50000,03
2025-05-25 17:42:44,롯데,4280-60**-****-9574,89365865,승인,4545,455,5000,00
2025-05-25 18:21:23,삼성,5765-95**-****-1747,90337084,승인,54545,5455,60000,00
2025-05-25 18:35:21,롯데,9450-79**-****-3241,20248868,승인,59091,5909,65000,00
2025-05-25 18:49:11,신한,5563-68**-****-6313,34302521,승인,72727,7273,80000,06
2025-05-25 20:29:07,KB국민,9420-78**-****-8875,96062734,승인,59091,5909,65000,00
2025-05-25 20:30:42,신한,4563-49**-****-6210,40638003,승인,36364,3636,40000,00
2025-05-25 20:45:35,현대,9440-95**-****-4786,92472027,승인,63636,6364,70000,00
2025-05-25 21:02:09,신한,9411-70**-****-7177,58953018,승인,40909,4091,45000,00
2025-05-25 21:11:35,BC,9460-63**-****-8351,67527165,승인,22727,2273,25000,00
2025-05-25 21:13:46,하나,4568-63**-****-8796,28570788,승인,22727,2273,25000,00
2025-05-25 21:14:19,삼성,9430-25**-****-1279,47062518,승인,40909,4091,45000,00
2025-05-25 21:26:16,KB국민,9420-25**-****-7954,52957363,승인,45455,4545,50000,00
2025-05-25 21:58:31,BC,6243-82**-****-7096,76806946,승인,59091,5909,65000,00
2025-05-26 11:30:32,NH,4547-42**-****-6640,31311791,승인,45455,4545,50000,00
2025-05-26 14:41:09,삼성,9410-57**-****-8615,97409137,승인,40909,4091,45000,00
2025-05-26 17:04:37,신한,5563-28**-****-5254,34283701,승인,36364,3636,40000,00
2025-05-26 18:55:25,KB국민,5370-17**-****-3953,33630872,승인,40909,4091,45000,00
2025-05-26 19:28:27,롯데,4280-62**-****-6270,70429095,승인,45455,4545,50000,00
2025-05-26 19:49:23,신한,4563-97**-****-1416,80440993,승인,40909,4091,45000,00
2025-05-26 20:10:39,신한,4563-80**-****-5394,64243868,승인,22727,2273,25000,00
2025-05-26 21:27:38,하나,9480-31**-****-7929,17678081,승인,36364,3636,40000,00
2025-05-26 21:38:49,KB국민,9420-20**-****-7850,53939110,승인,40909,4091,45000,00
2025-05-27 11:25:48,신한,9411-88**-****-6731,92241666,승인,36364,3636,40000,00
2025-05-27 14:25:17,BC,9460-79**-****-7919,13392122,승인,40909,4091,45000,00
2025-05-27 14:57:11,하나,5320-22**-****-1227,45720850,승인,40909,4091,45000,00
2025-05-27 16:06:53,하나,9480-84**-****-4396,34047950,승인,40909,4091,45000,00
2025-05-27 17:29:11,NH,9470-66**-****-2853,31462714,승인,45455,4545,50000,00
2025-05-27 18:50:28,하나,9480-38**-****-9846,85540642,승인,50000,5000,55000,00
2025-05-27 19:48:31,KB국민,5370-83**-****-3622,25820638,승인,7273,727,8000,00
2025-05-27 20:35:20,현대,9440-26**-****-4684,72010916,승인,36364,3636,40000,00
2025-05-27 21:02:56,현대,4214-36**-****-4248,34796678,승인,45455,4545,50000,00
2025-05-27 21:28:29,NH,9470-34**-****-7554,69813891,승인,36364,3636,40000,00
2025-05-28 14:00:10,신한,9411-57**-****-3522,97506740,승인,31818,3182,35000,00
2025-05-28 16:00:26,하나,4568-31**-****-1355,15985419,승인,40909,4091,45000,00
2025-05-28 16:45:43,신한,4563-80**-****-9262,85197111,승인,4545,455,5000,00
2025-05-28 16:50:13,신한,9411-30**-****-4157,49532925,승인,27273,2727,30000,00
2025-05-28 18:02:37,삼성,9410-34**-****-6709,43187506,승인,40909,4091,45000,00
2025-05-28 18:39:47,신한,9411-79**-****-9284,68364452,승인,54545,5455,60000,00
2025-05-28 18:42:45,KB국민,5370-31**-****-1761,34987417,승인,36364,3636,40000,00
2025-05-28 19:19:49,BC,6243-67**-****-7877,63033833,승인,54545,5455,60000,06
2025-05-28 19:52:10,BC,4556-36**-****-6831,88935070,승인,50000,5000,55000,00
2025-05-28 20:22:54,삼성,5765-53**-****-4706,48074872,승인,36364,3636,40000,00
2025-05-28 20:25:58,KB국민,5370-78**-****-1118,13577210,승인,7273,727,8000,00
2025-05-28 20:57:23,NH,9470-43**-****-5579,82774717,승인,45455,4545,50000,00
2025-05-29 10:06:17,현대,9440-84**-****-2644,95878845,승인,31818,3182,35000,00
2025-05-29 10:36:37,현대,6011-50**-****-5400,28445351,승인,31818,3182,35000,00
2025-05-29 12:15:42,KB국민,4569-85**-****-8948,71873766,승인,27273,2727,30000,00
2025-05-29 12:57:09,NH,4547-67**-****-2973,40677962,승인,27273,2727,30000,00
2025-05-29 13:31:25,삼성,9430-85**-****-6062,59888093,승인,31818,3182,35000,00
2025-05-29 13:53:50,롯데,9450-84**-****-3649,17721842,승인,36364,3636,40000,00
2025-05-29 15:04:58,KB국민,9420-92**-****-5394,22469732,승인,27273,2727,30000,00
2025-05-29 15:12:10,삼성,5765-52**-****-4772,57597060,승인,27273,2727,30000,00
2025-05-29 17:21:48,KB국민,9420-17**-****-3193,25824860,승인,54545,5455,60000,00
2025-05-29 17:40:24,신한,9411-31**-****-4841,89042391,승인,27273,2727,30000,00
2025-05-29 17:44:14,KB국민,5370-26**-****-7566,66848213,승인,36364,3636,40000,00
2025-05-29 18:57:28,현대,6011-33**-****-3169,63086227,승인,45455,4545,50000,00
2025-05-29 19:16:29,하나,5320-26**-****-5117,30578989,승인,54545,5455,60000,00
2025-05-29 20:37:11,신한,5563-73**-****-8915,15562968,승인,4545,455,5000,00
2025-05-29 21:17:30,삼성,5765-42**-****-7531,61418159,승인,45455,4545,50000,00
2025-05-29 22:32:34,현대,4214-99**-****-6264,82437391,승인,40909,4091,45000,00
2025-05-30 10:32:17,KB국민,5370-49**-****-6937,39085849,승인,63636,6364,70000,00
2025-05-30 10:54:10,신한,4563-86**-****-3867,11536077,승인,45455,4545,50000,00
2025-05-30 12:10:18,신한,4563-44**-****-5368,20438033,승인,22727,2273,25000,00
2025-05-30 12:37:14,BC,4556-77**-****-1348,29269124,승인,63636,6364,70000,00
2025-05-30 13:11:55,삼성,9410-94**-****-6778,95312753,승인,59091,5909,65000,00
2025-05-30 13:44:55,삼성,9410-94**-****-6778,95312753,취소,59091,5909,65000,00
2025-05-30 16:22:55,삼성,9430-95**-****-9894,48901145,승인,36364,3636,40000,00
2025-05-30 17:16:58,BC,4556-33**-****-4181,18959477,승인,59091,5909,65000,06
2025-05-30 17:17:57,삼성,5765-68**-****-4221,33981636,승인,10909,1091,12000,00
2025-05-30 17:42:02,KB국민,9420-17**-****-7848,73619420,승인,59091,5909,65000,00
2025-05-30 17:48:56,KB국민,5370-33**-****-5127,96720635,승인,54545,5455,60000,00
2025-05-30 18:14:29,신한,4563-94**-****-7973,29678081,승인,45455,4545,50000,00
2025-05-30 18:15:23,KB국민,5370-69**-****-5880,22568973,승인,50000,5000,55000,00
2025-05-30 18:18:41,삼성,9410-16**-****-2226,21328270,승인,36364,3636,40000,00
2025-05-30 18:42:57,KB국민,4569-14**-****-7884,66638517,승인,16364,1636,18000,00
2025-05-30 20:13:50,현대,9440-45**-****-1737,67521272,승인,10909,1091,12000,00
2025-05-30 20:30:20,삼성,5765-12**-****-8231,21615559,승인,13636,1364,15000,00
2025-05-30 20:31:39,KB국민,5370-99**-****-5911,34528574,승인,27273,2727,30000,00
2025-05-30 20:34:10,현대,4214-61**-****-3211,33072173,승인,59091,5909,65000,00
2025-05-30 20:38:44,KB국민,4569-27**-****-1651,65017100,승인,63636,6364,70000,00
2025-05-30 21:39:16,현대,4214-35**-****-3248,23306584,승인,54545,5455,60000,00
2025-05-30 21:40:55,롯데,4280-31**-****-7419,84551122,승인,59091,5909,65000,00
2025-05-30 21:43:07,하나,4568-11**-****-2878,96290472,승인,50000,5000,55000,00
2025-05-30 22:17:03,현대,4214-77**-****-9639,35783955,승인,59091,5909,65000,00
2025-05-30 22:55:08,신한,5563-11**-****-6799,11976405,승인,63636,6364,70000,00
2025-05-31 10:00:38,신한,5563-71**-****-6127,45959196,승인,59091,5909,65000,00
2025-05-31 10:32:28,신한,4563-59**-****-1764,73180068,승인,63636,6364,70000,00
2025-05-31 11:30:41,현대,4214-80**-****-2970,28205201,승인,72727,7273,80000,06
2025-05-31 11:44:29,신한,5563-18**-****-5361,97622293,승인,45455,4545,50000,00
2025-05-31 13:41:54,KB국민,9420-79**-****-2273,63884756,승인,22727,2273,25000,00
2025-05-31 14:11:26,NH,5765-20**-****-5607,92451073,승인,63636,6364,70000,00
2025-05-31 14:25:46,신한,5563-14**-****-1262,88054460,승인,54545,5455,60000,00
2025-05-31 14:55:18,롯데,9450-81**-****-7848,86211506,승인,59091,5909,65000,00
2025-05-31 15:29:03,롯데,5284-63**-****-6757,44414393,승인,63636,6364,70000,00
2025-05-31 16:02:14,KB국민,9420-41**-****-9342,38356720,승인,50000,5000,55000,00
2025-05-31 16:19:56,KB국민,9420-17**-****-1549,30018938,승인,40909,4091,45000,00
2025-05-31 17:21:50,KB국민,4569-82**-****-8350,11446903,승인,50000,5000,55000,00
2025-05-31 17:59:44,KB국민,9420-52**-****-6047,15504228,승인,45455,4545,50000,00
2025-05-31 19:28:01,KB국민,5370-18**-****-2002,63984939,승인,16364,1636,18000,00
2025-05-31 19:41:53,삼성,9430-64**-****-7748,14464913,승인,63636,6364,70000,00
2025-05-31 20:30:34,신한,4563-49**-****-1817,75596062,승인,40909,4091,45000,00
2025-05-31 20:32:48,하나,9480-91**-****-6159,53305731,승인,18182,1818,20000,00
2025-05-31 20:36:26,신한,9411-98**-****-9438,92935461,승인,9091,909,10000,00
2025-05-31 20:36:59,KB국민,9420-75**-****-3905,92639155,승인,4545,455,5000,00
2025-05-31 20:40:26,신한,4563-76**-****-9277,45154848,승인,40909,4091,45000,00
2025-05-31 20:54:42,KB국민,5370-98**-****-2932,71124266,승인,10909,1091,12000,00
2025-05-31 21:54:29,현대,9440-80**-****-7621,19011856,승인,45455,4545,50000,00
2025-06-01 10:02:33,BC,9460-17**-****-8475,95309140,승인,45455,4545,50000,00
2025-06-01 13:23:37,KB국민,4569-27**-****-3853,16777688,승인,10909,1091,12000,00
2025-06-01 13:30:32,KB국민,4569-94**-****-5441,39768686,승인,36364,3636,40000,00
2025-06-01 13:54:41,신한,9411-15**-****-8352,25359560,승인,40909,4091,45000,00
2025-06-01 14:47:47,BC,9460-30**-****-5886,98265529,승인,54545,5455,60000,00
2025-06-01 14:48:57,삼성,9430-99**-****-4642,67031028,승인,10909,1091,12000,00
2025-06-01 15:11:35,KB국민,4569-41**-****-1963,91878836,승인,10909,1091,12000,00
2025-06-01 15:48:05,BC,4556-96**-****-5561,12183498,승인,22727,2273,25000,00
2025-06-01 16:38:24,현대,6011-10**-****-8938,20901565,승인,45455,4545,50000,00
2025-06-01 16:38:33,하나,5320-45**-****-9398,98407734,승인,45455,4545,50000,00
2025-06-01 16:45:36,하나,9480-57**-****-9483,47103850,승인,18182,1818,20000,00
2025-06-01 17:29:47,KB국민,4569-31**-****-5299,64388397,승인,36364,3636,40000,00
2025-06-01 17:48:28,삼성,9430-58**-****-4969,52714131,승인,4545,455,5000,00
2025-06-01 17:51:29,롯데,4280-46**-****-7680,88558599,승인,27273,2727,30000,00
2025-06-01 18:10:01,현대,6011-21**-****-4840,41864002,승인,50000,5000,55000,00
2025-06-01 18:10:31,KB국민,4569-36**-****-6289,41323789,승인,40909,4091,45000,00
2025-06-01 18:17:05,KB국민,5370-85**-****-7930,25077116,승인,40909,4091,45000,00
2025-06-01 18:34:02,KB국민,4569-77**-****-3461,32227046,승인,40909,4091,45000,00
2025-06-01 18:59:38,KB국민,4569-36**-****-1785,14172537,승인,45455,4545,50000,00
2025-06-01 19:01:29,KB국민,4569-92**-****-4012,96818181,승인,45455,4545,50000,00
2025-06-01 19:21:56,삼성,5765-84**-****-5138,98338052,승인,36364,3636,40000,00
2025-06-01 19:26:35,현대,4214-51**-****-9627,14052129,승인,45455,4545,50000,00
2025-06-01 19:56:57,BC,4556-60**-****-7654,27774682,승인,63636,6364,70000,00
2025-06-01 20:11:59,신한,4563-44**-****-5597,39305371,승인,63636,6364,70000,00
2025-06-01 20:51:03,롯데,4280-69**-****-2234,82313451,승인,45455,4545,50000,00
2025-06-01 21:11:38,KB국민,5370-82**-****-7729,93199234,승인,22727,2273,25000,00
2025-06-01 21:13:26,KB국민,5370-68**-****-4650,58886373,승인,36364,3636,40000,00
2025-06-01 21:25:26,하나,9480-64**-****-4781,15159379,승인,7273,727,8000,00
2025-06-01 22:19:43,삼성,9430-67**-****-7857,13594894,승인,36364,3636,40000,00
2025-06-01 22:38:11,현대,6011-34**-****-8195,10267329,승인,40909,4091,45000,00
2025-06-01 22:55:25,BC,6243-28**-****-9958,25952641,승인,10909,1091,12000,00
2025-06-02 13:33:11,신한,9411-82**-****-1507,75025705,승인,31818,3182,35000,00
2025-06-02 14:00:05,현대,9440-67**-****-1045,92636112,승인,18182,1818,20000,00
2025-06-02 16:35:47,BC,4556-69**-****-9433,76495786,승인,40909,4091,45000,00
2025-06-02 16:47:50,신한,9411-89**-****-6398,97102543,승인,31818,3182,35000,00
2025-06-02 17:06:59,KB국민,4569-29**-****-8869,97461289,승인,22727,2273,25000,00
2025-06-02 17:11:23,삼성,9430-32**-****-9604,16557305,승인,50000,5000,55000,00
2025-06-02 17:29:59,KB국민,4569-88**-****-7176,89189605,승인,54545,5455,60000,00
2025-06-02 18:09:57,KB국민,9420-95**-****-6361,61505306,승인,54545,5455,60000,06
2025-06-02 18:12:48,삼성,9430-13**-****-1161,10593111,승인,54545,5455,60000,00
2025-06-02 18:55:51,NH,9470-35**-****-6363,90949736,승인,45455,4545,50000,00
2025-06-02 20:36:04,신한,9411-76**-****-4344,87163353,승인,40909,4091,45000,00
2025-06-02 20:46:47,하나,4568-14**-****-4716,48150618,승인,36364,3636,40000,00
2025-06-02 21:18:19,현대,6011-61**-****-8641,29702370,승인,36364,3636,40000,00
2025-06-02 21:38:42,KB국민,9420-41**-****-9981,38901941,승인,40909,4091,45000,00
2025-06-02 21:52:49,NH,9470-61**-****-7062,81665302,승인,22727,2273,25000,00
2025-06-02 22:27:38,현대,4214-26**-****-7564,86287347,승인,6364,636,7000,00
2025-06-03 12:22:24,하나,9480-81**-****-2202,57515456,승인,31818,3182,35000,00
2025-06-03 12:36:48,하나,9480-89**-****-6464,88360154,승인,31818,3182,35000,00
2025-06-03 14:46:11,BC,4556-67**-****-5506,48468298,승인,36364,3636,40000,00
2025-06-03 16:50:19,신한,5563-50**-****-3676,40271240,승인,40909,4091,45000,00
2025-06-03 18:00:49,KB국민,5370-50**-****-4694,18816617,승인,45455,4545,50000,06
2025-06-03 18:22:22,롯데,4280-51**-****-2563,70651881,승인,22727,2273,25000,00
2025-06-03 18:31:12,삼성,9430-38**-****-2017,66243095,승인,40909,4091,45000,00
2025-06-03 19:04:37,KB국민,5370-68**-****-4440,15410958,승인,40909,4091,45000,00
2025-06-03 21:22:05,현대,9440-85**-****-9818,56588756,승인,50000,5000,55000,00
2025-06-03 21:56:00,KB국민,4569-98**-****-1558,84808012,승인,50000,5000,55000,03
2025-06-03 22:42:12,현대,4214-11**-****-2588,16956478,승인,50000,5000,55000,00
2025-06-04 12:34:01,KB국민,4569-15**-****-3626,42017290,승인,31818,3182,35000,00
2025-06-04 12:53:46,BC,9460-35**-****-2505,29496391,승인,36364,3636,40000,00
2025-06-04 13:03:59,현대,4214-43**-****-5914,12773612,승인,31818,3182,35000,00
2025-06-04 15:01:48,현대,6011-29**-****-9944,33919085,승인,31818,3182,35000,00
2025-06-04 15:37:15,현대,4214-25**-****-6107,82420697,승인,27273,2727,30000,00
2025-06-04 15:42:07,삼성,9430-10**-****-8746,16788521,승인,40909,4091,45000,00
2025-06-04 16:51:25,신한,9411-86**-****-2825,98073374,승인,9091,909,10000,00
2025-06-04 17:18:29,삼성,9430-86**-****-4700,73133836,승인,7273,727,8000,00
2025-06-04 18:00:09,신한,4563-58**-****-2483,47914435,승인,50000,5000,55000,00
2025-06-04 18:32:57,롯데,5284-15**-****-8985,77859023,승인,36364,3636,40000,00
2025-06-04 18:58:52,KB국민,4569-94**-****-1344,69702198,승인,54545,5455,60000,00
2025-06-04 19:30:30,신한,4563-71**-****-5854,17610836,승인,10909,1091,12000,00
2025-06-04 19:38:35,하나,9480-86**-****-2924,92561841,승인,50000,5000,55000,03
2025-06-04 19:45:38,BC,6243-53**-****-4878,66039079,승인,40909,4091,45000,00
2025-06-04 20:24:06,신한,4563-81**-****-6546,16314366,승인,36364,3636,40000,00
2025-06-05 12:48:04,KB국민,5370-41**-****-6553,87387135,승인,36364,3636,40000,00
2025-06-05 14:08:01,신한,9411-68**-****-4277,59798459,승인,27273,2727,30000,00
2025-06-05 15:44:48,신한,9411-59**-****-3258,19888147,승인,45455,4545,50000,03
2025-06-05 15:56:50,BC,4556-62**-****-3167,34132613,승인,40909,4091,45000,00
2025-06-05 17:15:27,신한,9411-92**-****-9698,21774924,승인,36364,3636,40000,00
2025-06-05 18:37:07,삼성,5765-91**-****-4887,13867147,승인,40909,4091,45000,00
2025-06-05 18:44:38,신한,9411-60**-****-4058,15591514,승인,13636,1364,15000,00
2025-06-05 19:27:17,현대,6011-11**-****-2977,39038757,승인,36364,3636,40000,00
2025-06-05 20:19:01,신한,5563-10**-****-8346,39002011,승인,40909,4091,45000,00
2025-06-05 21:33:25,신한,9411-40**-****-7444,15574056,승인,36364,3636,40000,00
2025-06-06 11:00:18,BC,4556-12**-****-7653,27593505,승인,72727,7273,80000,00
2025-06-06 11:55:29,NH,4547-42**-****-6270,46688997,승인,59091,5909,65000,00
2025-06-06 13:10:38,삼성,9430-50**-****-1857,64680466,승인,59091,5909,65000,00
2025-06-06 13:39:12,롯데,9450-45**-****-9458,49370768,승인,9091,909,10000,00
2025-06-06 13:59:47,롯데,4280-60**-****-9708,68348100,승인,40909,4091,45000,00
2025-06-06 14:19:31,현대,6011-87**-****-3446,11220413,승인,6364,636,7000,00
2025-06-06 14:20:45,신한,4563-80**-****-7487,10928192,승인,72727,7273,80000,00
2025-06-06 14:37:20,KB국민,9420-43**-****-7150,59038710,승인,54545,5455,60000,00
2025-06-06 14:43:51,현대,4214-50**-****-1891,71771697,승인,59091,5909,65000,00
2025-06-06 14:51:04,KB국민,5370-18**-****-1071,69219422,승인,59091,5909,65000,06
2025-06-06 15:46:40,KB국민,5370-64**-****-6177,17243541,승인,40909,4091,45000,00
2025-06-06 15:55:25,신한,9411-51**-****-3185,42222061,승인,10909,1091,12000,00
2025-06-06 16:28:36,신한,9411-48**-****-5188,20073485,승인,36364,3636,40000,00
2025-06-06 16:29:03,하나,5320-70**-****-8835,21905405,승인,45455,4545,50000,00
2025-06-06 17:15:51,삼성,9410-79**-****-6072,66781775,승인,63636,6364,70000,00
2025-06-06 17:16:03,하나,5320-70**-****-8835,21905405,취소,45455,4545,50000,00
2025-06-06 17:40:22,신한,4563-60**-****-6409,64511783,승인,50000,5000,55000,00
2025-06-06 17:58:15,NH,9470-78**-****-4667,55385422,승인,27273,2727,30000,00
2025-06-06 18:15:54,BC,9460-30**-****-4041,13427039,승인,36364,3636,40000,00
2025-06-06 19:02:08,현대,9440-42**-****-2538,10017850,승인,9091,909,10000,00
2025-06-06 19:27:31,신한,9411-37**-****-8848,27886045,승인,50000,5000,55000,00
2025-06-06 20:52:25,신한,5563-43**-****-4061,32191277,승인,18182,1818,20000,00
2025-06-06 21:14:32,삼성,9410-80**-****-2978,89892158,승인,40909,4091,45000,00
2025-06-06 22:37:08,신한,5563-98**-****-5612,48294101,승인,36364,3636,40000,00
2025-06-06 22:59:19,KB국민,4569-80**-****-3016,41548073,승인,63636,6364,70000,00
2025-06-07 11:24:51,신한,4563-89**-****-3776,77568339,승인,36364,3636,40000,00
2025-06-07 12:53:17,삼성,9430-65**-****-6301,86288552,승인,59091,5909,65000,00
2025-06-07 13:14:37,NH,9470-80**-****-3571,88614521,승인,54545,5455,60000,00
2025-06-07 13:31:17,현대,4214-56**-****-8753,77959744,승인,36364,3636,40000,00
2025-06-07 13:32:49,KB국민,5370-67**-****-4359,80579679,승인,22727,2273,25000,00
2025-06-07 14:12:52,하나,5320-73**-****-5983,50288298,승인,27273,2727,30000,00
2025-06-07 14:29:26,신한,4563-11**-****-3619,15370027,승인,45455,4545,50000,00
2025-06-07 14:56:59,신한,5563-74**-****-8554,75994209,승인,7273,727,8000,00
2025-06-07 15:00:54,BC,4556-35**-****-3525,63012172,승인,27273,2727,30000,00
2025-06-07 15:25:12,현대,4214-62**-****-5298,19525938,승인,59091,5909,65000,00
2025-06-07 15:28:17,KB국민,5370-76**-****-2711,39204346,승인,59091,5909,65000,00
2025-06-07 15:58:45,삼성,9430-11**-****-6137,47862236,승인,63636,6364,70000,00
2025-06-07 17:00:06,신한,4563-97**-****-8366,77990328,승인,16364,1636,18000,00
2025-06-07 17:19:29,KB국민,4569-13**-****-7412,53562684,승인,27273,2727,30000,00
2025-06-07 17:29:13,NH,5765-99**-****-9294,14532520,승인,50000,5000,55000,00
2025-06-07 18:21:14,삼성,9410-65**-****-8379,31924339,승인,54545,5455,60000,00
2025-06-07 18:24:44,하나,9480-83**-****-5184,96226007,승인,6364,636,7000,00
2025-06-07 18:43:28,신한,4563-96**-****-4158,82689185,승인,27273,2727,30000,00
2025-06-07 19:39:04,KB국민,5370-60**-****-1061,48164274,승인,50000,5000,55000,00
2025-06-07 19:41:30,신한,5563-18**-****-5753,62067464,승인,4545,455,5000,00
2025-06-07 19:51:42,삼성,9430-37**-****-5859,27120677,승인,50000,5000,55000,00
2025-06-07 19:56:34,현대,9440-88**-****-6399,48697204,승인,40909,4091,45000,00
2025-06-07 20:03:53,삼성,9410-20**-****-7835,61565254,승인,22727,2273,25000,00
2025-06-07 20:08:40,삼성,5765-48**-****-8748,17200210,승인,54545,5455,60000,00
2025-06-07 22:13:43,신한,5563-26**-****-3466,76137548,승인,45455,4545,50000,00
2025-06-07 22:25:59,롯데,9450-81**-****-4396,58520544,승인,54545,5455,60000,06
2025-06-07 22:44:49,롯데,4280-86**-****-5551,20386681,승인,72727,7273,80000,00
2025-06-08 11:02:51,롯데,4280-38**-****-9760,14079788,승인,59091,5909,65000,00
2025-06-08 12:06:36,현대,4214-78**-****-5680,68624474,승인,18182,1818,20000,00
2025-06-08 13:54:53,신한,5563-12**-****-7976,78794462,승인,50000,5000,55000,00
2025-06-08 14:41:49,삼성,9430-92**-****-1510,58398175,승인,9091,909,10000,00
2025-06-08 14:56:39,BC,9460-92**-****-9399,65191972,승인,54545,5455,60000,00
2025-06-08 15:09:41,BC,9460-77**-****-6796,90592995,승인,36364,3636,40000,00
2025-06-08 16:09:11,BC,6243-47**-****-8738,10662804,승인,54545,5455,60000,00
2025-06-08 16:09:35,삼성,5765-77**-****-5428,11769327,승인,54545,5455,60000,00
2025-06-08 16:41:33,현대,4214-83**-****-2737,66409648,승인,16364,1636,18000,00
2025-06-08 16:58:02,신한,4563-48**-****-9063,78375801,승인,72727,7273,80000,00
2025-06-08 18:39:23,현대,9440-64**-****-9412,45877042,승인,6364,636,7000,00
2025-06-08 18:51:26,신한,4563-55**-****-7268,44273033,승인,45455,4545,50000,03
2025-06-08 18:59:33,신한,4563-55**-****-9086,23405143,승인,63636,6364,70000,00
2025-06-08 19:24:45,롯데,9450-63**-****-8524,74500417,승인,27273,2727,30000,00
2025-06-08 19:52:38,KB국민,9420-27**-****-8978,46606003,승인,72727,7273,80000,00
2025-06-08 20:53:20,BC,4556-41**-****-1325,64788919,승인,72727,7273,80000,00
2025-06-08 21:37:53,삼성,9430-31**-****-1017,92811164,승인,36364,3636,40000,00
2025-06-08 22:00:36,KB국민,5370-96**-****-5115,12528463,승인,59091,5909,65000,00
2025-06-08 22:08:21,현대,4214-49**-****-4132,30611126,승인,54545,5455,60000,00
2025-06-08 22:11:16,KB국민,4569-67**-****-9581,55309017,승인,72727,7273,80000,03
2025-06-08 22:43:33,신한,5563-26**-****-9552,91386119,승인,7273,727,8000,00
2025-06-08 22:49:55,롯데,4280-84**-****-1198,68150952,승인,54545,5455,60000,00
2025-06-09 12:28:12,KB국민,5370-94**-****-4500,96200200,승인,27273,2727,30000,00
2025-06-09 12:59:36,KB국민,9420-75**-****-2610,27960358,승인,45455,4545,50000,00
2025-06-09 15:43:52,삼성,9430-44**-****-6183,82766521,승인,45455,4545,50000,00
2025-06-09 16:38:03,KB국민,9420-31**-****-7399,64356439,승인,45455,4545,50000,00
2025-06-09 17:35:37,NH,9470-27**-****-4859,71762730,승인,36364,3636,40000,00
2025-06-09 18:18:49,NH,4547-82**-****-6568,51930862,승인,40909,4091,45000,00
2025-06-09 19:02:53,롯데,9450-84**-****-6779,18697572,승인,50000,5000,55000,00
2025-06-09 19:28:03,신한,4563-43**-****-6291,19475948,승인,54545,5455,60000,00
2025-06-09 19:28:26,신한,5563-79**-****-2268,82583190,승인,50000,5000,55000,00
2025-06-09 20:01:41,삼성,9430-86**-****-7357,14918801,승인,18182,1818,20000,00
2025-06-09 20:03:29,삼성,9430-85**-****-3404,84468954,승인,27273,2727,30000,00
2025-06-09 20:13:32,KB국민,5370-12**-****-9603,30878184,승인,45455,4545,50000,00
2025-06-09 20:14:41,삼성,5765-29**-****-1441,32986505,승인,50000,5000,55000,00
2025-06-09 21:05:23,하나,5320-69**-****-2479,82596002,승인,36364,3636,40000,00
2025-06-09 21:50:42,삼성,5765-80**-****-2445,83393315,승인,54545,5455,60000,00
2025-06-09 22:43:30,삼성,9430-33**-****-2782,25370116,승인,50000,5000,55000,00
2025-06-10 10:31:28,롯데,9450-22**-****-4572,53339522,승인,31818,3182,35000,00
2025-06-10 10:48:14,롯데,5284-12**-****-5885,18911205,승인,40909,4091,45000,00
2025-06-10 11:23:32,신한,4563-49**-****-2046,74880483,승인,45455,4545,50000,00
2025-06-10 12:30:39,현대,6011-45**-****-5486,45353959,승인,45455,4545,50000,00
2025-06-10 15:32:25,롯데,9450-27**-****-1618,85824274,승인,22727,2273,25000,00
2025-06-10 16:40:02,KB국민,5370-26**-****-6856,96396952,승인,36364,3636,40000,00
2025-06-10 16:47:16,신한,4563-13**-****-7374,72621128,승인,22727,2273,25000,00
2025-06-10 17:08:39,KB국민,9420-25**-****-4412,57656317,승인,45455,4545,50000,00
2025-06-10 17:28:07,현대,6011-14**-****-2223,88219316,승인,45455,4545,50000,00
2025-06-10 18:31:23,현대,6011-94**-****-3413,68946043,승인,50000,5000,55000,00
2025-06-10 19:56:55,현대,9440-91**-****-4803,50607997,승인,50000,5000,55000,00
2025-06-10 20:21:35,NH,5765-92**-****-5985,31968410,승인,13636,1364,15000,00
2025-06-10 20:40:17,KB국민,4569-83**-****-8750,49385448,승인,45455,4545,50000,00
2025-06-10 21:14:17,현대,6011-87**-****-5977,70951144,승인,54545,5455,60000,00
2025-06-10 21:15:45,삼성,9430-88**-****-9372,65534692,승인,45455,4545,50000,00
2025-06-10 21:19:18,BC,6243-59**-****-5171,33714390,승인,16364,1636,18000,00
2025-06-10 21:50:46,하나,9480-55**-****-6543,69873328,승인,40909,4091,45000,00
2025-06-10 22:14:14,신한,4563-18**-****-7108,83818436,승인,7273,727,8000,00
2025-06-10 22:41:58,롯데,9450-16**-****-6287,36635790,승인,36364,3636,40000,00
2025-06-11 12:10:13,롯데,5284-68**-****-2026,50808289,승인,9091,909,10000,00
2025-06-11 12:36:35,현대,4214-39**-****-2620,50245439,승인,27273,2727,30000,00
2025-06-11 14:58:02,롯데,9450-97**-****-3189,39552089,승인,31818,3182,35000,00
2025-06-11 15:26:31,현대,9440-70**-****-2536,70711979,승인,13636,1364,15000,00
2025-06-11 15:37:34,삼성,9410-64**-****-8171,84319944,승인,27273,2727,30000,00
2025-06-11 15:40:15,롯데,9450-64**-****-3483,95149726,승인,31818,3182,35000,00
2025-06-11 16:18:41,NH,4547-88**-****-5386,25422230,승인,27273,2727,30000,00
2025-06-11 16:59:47,KB국민,9420-33**-****-7299,25646439,승인,27273,2727,30000,00
2025-06-11 17:04:00,하나,5320-40**-****-7457,47297072,승인,40909,4091,45000,00
2025-06-11 17:28:00,삼성,9410-75**-****-2260,99174845,승인,45455,4545,50000,00
2025-06-11 18:12:26,KB국민,9420-63**-****-7185,65547743,승인,50000,5000,55000,00
2025-06-11 18:15:31,신한,9411-92**-****-6844,61189592,승인,7273,727,8000,00
2025-06-11 19:20:09,신한,4563-45**-****-2970,49428563,승인,10909,1091,12000,00
2025-06-11 20:18:01,KB국민,9420-78**-****-3054,64367319,승인,40909,4091,45000,00
2025-06-11 20:42:30,현대,6011-98**-****-4332,75344357,승인,50000,5000,55000,06
2025-06-11 20:58:23,NH,9470-16**-****-7175,24769811,승인,16364,1636,18000,00
2025-06-12 12:13:37,신한,9411-39**-****-5098,68134282,승인,27273,2727,30000,00
2025-06-12 14:27:52,현대,9440-57**-****-2181,45336568,승인,27273,2727,30000,00
2025-06-12 16:02:01,NH,5765-10**-****-6298,34011635,승인,31818,3182,35000,00
2025-06-12 16:21:48,BC,4556-93**-****-9977,10308646,승인,18182,1818,20000,00
2025-06-12 16:30:18,BC,9460-43**-****-2875,88968371,승인,45455,4545,50000,00
2025-06-12 16:48:15,삼성,9430-58**-****-5521,21232956,승인,31818,3182,35000,00
2025-06-12 17:33:29,BC,9460-47**-****-1132,11874217,승인,54545,5455,60000,00
2025-06-12 18:06:02,현대,6011-50**-****-9593,66806940,승인,27273,2727,30000,00
2025-06-12 18:10:40,KB국민,4569-43**-****-7154,22439507,승인,40909,4091,45000,00
2025-06-12 18:18:15,KB국민,5370-34**-****-9418,16948119,승인,50000,5000,55000,00
2025-06-12 18:26:10,하나,9480-80**-****-8960,20417475,승인,36364,3636,40000,00
2025-06-12 19:51:23,삼성,5765-71**-****-9780,42642928,승인,54545,5455,60000,00
2025-06-12 20:21:21,롯데,9450-46**-****-5441,44335308,승인,36364,3636,40000,00
2025-06-12 21:25:30,신한,5563-83**-****-4746,10106518,승인,40909,4091,45000,00
2025-06-13 13:08:17,삼성,9430-85**-****-4802,27514300,승인,36364,3636,40000,00
2025-06-13 14:11:03,신한,9411-19**-****-1759,25283612,승인,59091,5909,65000,00
2025-06-13 14:11:47,롯데,4280-41**-****-6842,68688769,승인,36364,3636,40000,00
2025-06-13 16:33:24,롯데,9450-86**-****-4985,44113177,승인,40909,4091,45000,00
2025-06-13 16:55:26,신한,9411-61**-****-9201,50050708,승인,54545,5455,60000,00
2025-06-13 17:03:11,삼성,9430-92**-****-6492,54981354,승인,50000,5000,55000,00
2025-06-13 18:01:06,KB국민,9420-28**-****-9508,27277176,승인,63636,6364,70000,00
2025-06-13 18:40:23,현대,4214-21**-****-7631,54910371,승인,45455,4545,50000,00
2025-06-13 19:24:25,BC,6243-44**-****-2086,75488223,승인,13636,1364,15000,00
2025-06-13 20:01:25,KB국민,5370-50**-****-5195,89030540,승인,63636,6364,70000,00
2025-06-13 20:16:34,신한,9411-92**-****-4732,33395400,승인,54545,5455,60000,00
2025-06-13 20:19:39,KB국민,9420-65**-****-9388,67632927,승인,72727,7273,80000,06
2025-06-13 20:24:10,롯데,4280-17**-****-9370,93159763,승인,13636,1364,15000,00
2025-06-13 20:40:42,현대,9440-94**-****-5533,86886412,승인,72727,7273,80000,00
2025-06-13 21:01:43,NH,4547-22**-****-2565,48825980,승인,59091,5909,65000,00
2025-06-13 21:26:19,신한,4563-41**-****-4590,64266882,승인,6364,636,7000,00
2025-06-14 10:50:06,롯데,4280-85**-****-8706,95753784,승인,63636,6364,70000,00
2025-06-14 12:25:57,현대,9440-73**-****-1378,37946715,승인,50000,5000,55000,00
2025-06-14 12:41:29,하나,5320-51**-****-4679,46433865,승인,63636,6364,70000,00
2025-06-14 12:49:06,롯데,4280-85**-****-8706,95753784,취소,63636,6364,70000,00
2025-06-14 13:22:50,삼성,5765-82**-****-5045,90749674,승인,36364,3636,40000,00
2025-06-14 14:08:07,KB국민,4569-60**-****-8242,34688483,승인,54545,5455,60000,00
2025-06-14 14:42:18,KB국민,4569-95**-****-5036,87544447,승인,63636,6364,70000,00
2025-06-14 15:28:49,NH,5765-95**-****-6206,41316383,승인,54545,5455,60000,00
2025-06-14 15:38:48,KB국민,4569-96**-****-4679,77121355,승인,40909,4091,45000,00
2025-06-14 15:56:58,KB국민,4569-53**-****-2691,73729405,승인,63636,6364,70000,00
2025-06-14 16:17:53,롯데,4280-59**-****-3694,49800622,승인,45455,4545,50000,00
2025-06-14 16:25:13,KB국민,9420-11**-****-5924,38887890,승인,50000,5000,55000,00
2025-06-14 16:35:37,삼성,5765-41**-****-6555,30682411,승인,63636,6364,70000,00
2025-06-14 16:37:02,신한,9411-44**-****-5459,38916427,승인,6364,636,7000,00
2025-06-14 16:52:36,롯데,5284-17**-****-2451,19550768,승인,22727,2273,25000,00
2025-06-14 17:18:37,현대,9440-16**-****-1408,51815603,승인,27273,2727,30000,00
2025-06-14 17:36:16,하나,9480-92**-****-3974,65513988,승인,40909,4091,45000,00
2025-06-14 17:56:35,신한,9411-23**-****-1538,62295174,승인,50000,5000,55000,00
2025-06-14 18:24:03,현대,9440-45**-****-2563,81981701,승인,72727,7273,80000,00
2025-06-14 18:42:26,현대,9440-78**-****-5483,23474234,승인,18182,1818,20000,00
2025-06-14 19:24:45,KB국민,4569-96**-****-8397,13432593,승인,54545,5455,60000,00
2025-06-14 19:52:30,KB국민,5370-45**-****-7334,87019613,승인,36364,3636,40000,00
2025-06-14 20:31:38,삼성,9430-21**-****-9919,23922336,승인,9091,909,10000,00
2025-06-15 13:22:18,삼성,9410-52**-****-2350,39231948,승인,36364,3636,40000,00
2025-06-15 13:53:34,BC,9460-99**-****-8939,20077458,승인,72727,7273,80000,00
2025-06-15 14:04:15,삼성,5765-48**-****-9180,92499100,승인,40909,4091,45000,00
2025-06-15 16:16:56,하나,9480-64**-****-2223,18238741,승인,45455,4545,50000,00
2025-06-15 16:26:38,하나,9480-18**-****-7365,64562184,승인,16364,1636,18000,00
2025-06-15 17:05:20,삼성,9410-24**-****-9118,37283534,승인,72727,7273,80000,00
2025-06-15 18:52:22,삼성,9430-93**-****-3875,76685824,승인,13636,1364,15000,00
2025-06-15 18:53:56,BC,4556-14**-****-9917,19711151,승인,63636,6364,70000,00
2025-06-15 19:36:42,KB국민,9420-36**-****-2633,82953400,승인,40909,4091,45000,00
2025-06-15 19:57:04,삼성,9430-72**-****-5636,18724766,승인,4545,455,5000,00
2025-06-15 20:38:13,KB국민,4569-47**-****-7235,67539581,승인,63636,6364,70000,00
2025-06-15 21:22:27,현대,6011-17**-****-4619,14110486,승인,16364,1636,18000,00
2025-06-15 21:29:37,KB국민,9420-76**-****-5520,80559846,승인,22727,2273,25000,00
2025-06-15 21:38:02,신한,9411-74**-****-5224,54174627,승인,50000,5000,55000,00
2025-06-15 21:42:55,삼성,5765-47**-****-2446,22350130,승인,36364,3636,40000,00
2025-06-15 21:50:45,KB국민,4569-27**-****-1265,50729055,승인,40909,4091,45000,00
2025-06-15 22:42:24,롯데,5284-41**-****-3774,96089330,승인,40909,4091,45000,00
2025-06-16 10:24:55,KB국민,9420-20**-****-1701,49468102,승인,27273,2727,30000,00
2025-06-16 12:59:34,BC,9460-23**-****-5916,93491436,승인,4545,455,5000,00
2025-06-16 13:30:26,신한,5563-25**-****-2823,57133823,승인,31818,3182,35000,00
2025-06-16 17:38:03,하나,9480-27**-****-8960,81980784,승인,45455,4545,50000,00
2025-06-16 17:42:58,신한,5563-28**-****-5853,34727121,승인,50000,5000,55000,00
2025-06-16 17:46:05,삼성,5765-61**-****-6924,59252313,승인,50000,5000,55000,00
2025-06-16 18:08:59,롯데,5284-25**-****-5739,95839833,승인,4545,455,5000,00
2025-06-16 18:18:00,신한,9411-34**-****-9618,58038653,승인,54545,5455,60000,00
2025-06-16 19:42:23,KB국민,5370-77**-****-8608,42247700,승인,18182,1818,20000,00
2025-06-16 20:14:23,현대,9440-95**-****-6685,13986434,승인,36364,3636,40000,00
2025-06-16 20:49:20,신한,4563-31**-****-3385,96319246,승인,9091,909,10000,00
2025-06-16 21:16:02,KB국민,5370-91**-****-1056,65277579,승인,54545,5455,60000,00
2025-06-16 21:41:58,삼성,9430-92**-****-9343,66502886,승인,45455,4545,50000,00
2025-06-16 21:42:10,신한,5563-33**-****-3426,33486656,승인,40909,4091,45000,00
2025-06-16 22:37:38,삼성,9410-67**-****-5390,91247298,승인,45455,4545,50000,00
2025-06-17 12:14:26,삼성,5765-27**-****-1959,58011607,승인,45455,4545,50000,00
2025-06-17 14:39:54,신한,4563-73**-****-8533,34206172,승인,16364,1636,18000,00
2025-06-17 14:41:32,NH,4547-54**-****-4637,76803099,승인,45455,4545,50000,00
2025-06-17 15:01:32,신한,5563-88**-****-7528,92380239,승인,10909,1091,12000,00
2025-06-17 15:35:26,신한,5563-80**-****-3111,14887223,승인,40909,4091,45000,00
2025-06-17 16:39:21,롯데,4280-93**-****-2566,45250543,승인,31818,3182,35000,00
2025-06-17 17:17:23,NH,4547-66**-****-3357,65616403,승인,50000,5000,55000,00
2025-06-17 20:25:38,삼성,5765-54**-****-6294,76167563,승인,54545,5455,60000,00
2025-06-17 20:27:00,삼성,9430-40**-****-8531,41343627,승인,50000,5000,55000,06
2025-06-17 20:37:36,현대,9440-63**-****-1010,90898773,승인,45455,4545,50000,06
2025-06-17 20:42:09,신한,5563-42**-****-8284,42151962,승인,36364,3636,40000,00
2025-06-17 22:35:41,현대,9440-81**-****-8612,88541908,승인,36364,3636,40000,00
2025-06-17 22:36:40,현대,4214-76**-****-3510,91569064,승인,36364,3636,40000,00
2025-06-18 10:02:17,KB국민,5370-24**-****-6043,54425264,승인,27273,2727,30000,00
2025-06-18 15:11:15,NH,9470-48**-****-4483,78757564,승인,31818,3182,35000,00
2025-06-18 15:11:59,BC,4556-27**-****-9811,80512724,승인,31818,3182,35000,00
2025-06-18 16:55:25,삼성,9430-46**-****-8512,88511877,승인,45455,4545,50000,00
2025-06-18 17:02:17,NH,9470-60**-****-8128,34672036,승인,4545,455,5000,00
2025-06-18 17:15:48,신한,9411-96**-****-6536,90501614,승인,40909,4091,45000,00
2025-06-18 18:30:54,KB국민,5370-14**-****-6815,38917053,승인,4545,455,5000,00
2025-06-18 21:11:57,신한,9411-61**-****-3885,61331534,승인,6364,636,7000,00
2025-06-18 21:24:11,KB국민,5370-31**-****-5547,59515955,승인,50000,5000,55000,00
2025-06-18 21:38:08,삼성,9410-69**-****-7672,82688845,승인,7273,727,8000,00
2025-06-18 21:44:39,삼성,9410-72**-****-2625,49660101,승인,27273,2727,30000,00
2025-06-19 11:47:23,하나,4568-67**-****-1040,87761337,승인,36364,3636,40000,00
2025-06-19 13:01:50,삼성,9410-71**-****-6261,83476150,승인,27273,2727,30000,00
2025-06-19 13:02:19,롯데,9450-29**-****-4030,16050973,승인,45455,4545,50000,00
2025-06-19 13:42:04,삼성,9410-18**-****-5028,25284337,승인,27273,2727,30000,00
2025-06-19 15:15:08,신한,4563-79**-****-3016,57746041,승인,7273,727,8000,00
2025-06-19 15:46:18,KB국민,9420-88**-****-2937,49689300,승인,31818,3182,35000,00
2025-06-19 17:40:35,삼성,5765-90**-****-8828,67388548,승인,18182,1818,20000,00
2025-06-19 17:42:37,삼성,9410-37**-****-4989,60153380,승인,36364,3636,40000,00
2025-06-19 19:27:06,삼성,9430-99**-****-5600,76065913,승인,50000,5000,55000,00
2025-06-19 19:31:38,삼성,5765-33**-****-1355,88083477,승인,50000,5000,55000,03
2025-06-19 20:05:24,KB국민,5370-52**-****-5667,60579208,승인,50000,5000,55000,00
2025-06-19 21:22:12,현대,9440-73**-****-8395,67432865,승인,54545,5455,60000,00
2025-06-19 22:45:27,삼성,9410-92**-****-8715,66115154,승인,13636,1364,15000,00
2025-06-19 22:51:57,신한,4563-37**-****-6638,28349768,승인,40909,4091,45000,00
2025-06-20 11:06:49,현대,4214-99**-****-3681,67441199,승인,54545,5455,60000,06
2025-06-20 13:00:26,하나,4568-52**-****-9746,24744772,승인,45455,4545,50000,00
2025-06-20 14:17:20,신한,9411-56**-****-9011,62647157,승인,59091,5909,65000,00
2025-06-20 14:43:03,롯데,5284-73**-****-7846,34068341,승인,16364,1636,18000,00
2025-06-20 15:09:38,신한,4563-41**-****-6515,86476937,승인,54545,5455,60000,03
2025-06-20 15:56:17,삼성,5765-48**-****-2806,68664720,승인,7273,727,8000,00
2025-06-20 16:48:24,하나,4568-47**-****-9377,89011369,승인,72727,7273,80000,00
2025-06-20 17:10:17,현대,9440-62**-****-6027,93949738,승인,54545,5455,60000,00
2025-06-20 17:11:27,BC,4556-28**-****-2042,75478354,승인,72727,7273,80000,00
2025-06-20 17:38:42,신한,4563-43**-****-9771,23862208,승인,63636,6364,70000,00
2025-06-20 17:40:33,현대,9440-20**-****-9158,21157038,승인,54545,5455,60000,00
2025-06-20 18:14:47,현대,6011-84**-****-8222,38925378,승인,13636,1364,15000,00
2025-06-20 18:35:12,KB국민,4569-77**-****-4445,28718144,승인,72727,7273,80000,00
2025-06-20 20:36:58,BC,9460-28**-****-4394,44850048,승인,45455,4545,50000,00
2025-06-20 20:42:23,신한,9411-73**-****-5795,71937331,승인,4545,455,5000,00
2025-06-21 11:15:04,KB국민,4569-97**-****-2242,38665803,승인,59091,5909,65000,00
2025-06-21 12:43:21,BC,4556-80**-****-8008,75079143,승인,22727,2273,25000,00
2025-06-21 12:59:38,삼성,9430-61**-****-2682,91377462,승인,36364,3636,40000,00
2025-06-21 13:23:51,삼성,9410-57**-****-9484,50241725,승인,4545,455,5000,00
2025-06-21 13:58:51,삼성,9410-57**-****-9484,50241725,취소,4545,455,5000,00
2025-06-21 14:08:54,신한,9411-13**-****-3482,16578058,승인,63636,6364,70000,00
2025-06-21 14:25:42,삼성,5765-52**-****-8896,85102612,승인,7273,727,8000,00
2025-06-21 14:48:13,BC,4556-75**-****-1375,32331898,승인,63636,6364,70000,00
2025-06-21 15:41:34,KB국민,4569-66**-****-6360,30126105,승인,6364,636,7000,00
2025-06-21 17:22:32,신한,5563-23**-****-1196,64132141,승인,36364,3636,40000,00
2025-06-21 18:05:18,KB국민,5370-34**-****-4981,69687613,승인,72727,7273,80000,00
2025-06-21 18:15:23,하나,5320-30**-****-9342,47888143,승인,9091,909,10000,00
2025-06-21 18:20:24,KB국민,4569-43**-****-9993,14844145,승인,54545,5455,60000,00
2025-06-21 18:35:41,KB국민,5370-56**-****-2748,79250561,승인,50000,5000,55000,00
2025-06-21 18:45:33,현대,9440-18**-****-7780,73953458,승인,9091,909,10000,00
2025-06-21 18:48:46,신한,5563-17**-****-2116,47828666,승인,36364,3636,40000,00
2025-06-21 18:50:57,KB국민,5370-77**-****-4551,78393472,승인,36364,3636,40000,00
2025-06-21 19:13:00,삼성,5765-36**-****-6586,31151411,승인,9091,909,10000,00
2025-06-21 19:18:58,하나,4568-57**-****-3243,25598434,승인,59091,5909,65000,00
2025-06-21 19:25:31,롯데,5284-62**-****-4229,94575982,승인,63636,6364,70000,00
2025-06-21 19:48:55,NH,9470-16**-****-7130,97655433,승인,40909,4091,45000,00
2025-06-21 19:56:09,NH,5765-50**-****-5419,18594133,승인,36364,3636,40000,00
2025-06-21 20:12:33,신한,5563-71**-****-4559,51646995,승인,40909,4091,45000,00
2025-06-21 20:46:20,신한,5563-57**-****-4397,35446515,승인,4545,455,5000,00
2025-06-21 21:18:44,KB국민,5370-93**-****-4771,92002217,승인,36364,3636,40000,00
2025-06-21 21:27:51,삼성,9430-66**-****-7314,57814776,승인,63636,6364,70000,00
2025-06-21 21:29:11,롯데,5284-42**-****-4636,52500820,승인,18182,1818,20000,00
2025-06-21 21:40:43,현대,4214-13**-****-3180,85469454,승인,54545,5455,60000,00
2025-06-21 21:44:34,KB국민,5370-58**-****-4388,11171326,승인,63636,6364,70000,00
2025-06-21 21:46:43,KB국민,4569-79**-****-5147,37318709,승인,54545,5455,60000,00
2025-06-21 22:55:00,삼성,9430-60**-****-5780,24726965,승인,40909,4091,45000,00
2025-06-21 22:58:26,KB국민,5370-28**-****-4076,45104776,승인,54545,5455,60000,00
2025-06-22 12:25:45,KB국민,5370-14**-****-9256,28059037,승인,7273,727,8000,00
2025-06-22 13:03:52,현대,9440-96**-****-5836,48959030,승인,45455,4545,50000,00
2025-06-22 13:16:24,하나,5320-62**-****-9279,95036366,승인,9091,909,10000,00
2025-06-22 13:46:30,신한,9411-66**-****-1141,21132580,승인,63636,6364,70000,00
2025-06-22 14:29:39,하나,9480-43**-****-2244,42732649,승인,50000,5000,55000,00
2025-06-22 16:02:51,현대,6011-12**-****-3314,83296885,승인,4545,455,5000,00
2025-06-22 16:39:27,롯데,5284-47**-****-7663,15461577,승인,59091,5909,65000,00
2025-06-22 17:18:43,BC,9460-21**-****-4402,76418337,승인,9091,909,10000,00
2025-06-22 17:21:16,NH,5765-95**-****-9160,27251768,승인,27273,2727,30000,00
2025-06-22 17:30:06,NH,5765-23**-****-8778,60492469,승인,63636,6364,70000,00
2025-06-22 17:35:36,현대,4214-86**-****-6509,71164938,승인,9091,909,10000,00
2025-06-22 17:47:48,삼성,5765-27**-****-5792,52820746,승인,40909,4091,45000,00
2025-06-22 17:57:05,신한,4563-70**-****-7601,86522141,승인,27273,2727,30000,00
2025-06-22 18:52:12,KB국민,9420-26**-****-8731,11070085,승인,36364,3636,40000,00
2025-06-22 18:56:43,신한,5563-98**-****-8920,98881010,승인,36364,3636,40000,00
2025-06-22 19:23:09,NH,9470-97**-****-7223,58926292,승인,45455,4545,50000,00
2025-06-22 19:46:43,KB국민,4569-12**-****-5358,12344166,승인,63636,6364,70000,00
2025-06-22 19:48:53,KB국민,5370-70**-****-8926,72967268,승인,50000,5000,55000,00
2025-06-22 19:52:42,KB국민,5370-28**-****-9494,51658222,승인,16364,1636,18000,00
2025-06-22 20:21:31,삼성,9430-99**-****-1608,22909427,승인,27273,2727,30000,00
2025-06-22 20:58:54,신한,4563-74**-****-9316,37785216,승인,9091,909,10000,00
2025-06-22 22:45:00,삼성,9430-63**-****-4985,16720126,승인,72727,7273,80000,00
2025-06-23 15:52:09,BC,4556-17**-****-4324,96565693,승인,40909,4091,45000,00
2025-06-23 16:47:24,신한,5563-81**-****-1394,55354912,승인,27273,2727,30000,00
2025-06-23 18:04:35,KB국민,4569-15**-****-9711,33285456,승인,50000,5000,55000,00
2025-06-23 18:14:21,삼성,5765-89**-****-3944,16787706,승인,45455,4545,50000,00
2025-06-23 19:12:15,NH,9470-86**-****-7248,36947218,승인,45455,4545,50000,00
2025-06-23 19:14:03,현대,6011-63**-****-8266,67001939,승인,10909,1091,12000,00
2025-06-23 20:05:58,삼성,9410-77**-****-1858,89884868,승인,36364,3636,40000,00
2025-06-24 13:49:24,KB국민,9420-83**-****-4087,19391350,승인,13636,1364,15000,00
2025-06-24 14:27:27,KB국민,9420-11**-****-9435,86487458,승인,40909,4091,45000,00
2025-06-24 14:58:41,KB국민,5370-27**-****-3299,95253681,승인,27273,2727,30000,00
2025-06-24 16:38:53,KB국민,5370-34**-****-9995,84765139,승인,18182,1818,20000,00
2025-06-24 17:04:22,신한,5563-68**-****-5201,10502763,승인,54545,5455,60000,00
2025-06-24 17:47:34,신한,9411-25**-****-5766,69165422,승인,4545,455,5000,00
2025-06-24 18:08:20,현대,4214-29**-****-8616,68228228,승인,13636,1364,15000,00
2025-06-24 18:51:13,NH,5765-13**-****-6857,21781845,승인,50000,5000,55000,00
2025-06-24 19:12:28,삼성,9430-33**-****-3769,83859604,승인,50000,5000,55000,00
2025-06-24 19:38:14,하나,4568-23**-****-1471,64430126,승인,50000,5000,55000,00
2025-06-24 19:39:32,하나,5320-49**-****-3044,28781196,승인,45455,4545,50000,00
2025-06-24 20:25:56,KB국민,4569-85**-****-3816,31329251,승인,40909,4091,45000,00
2025-06-24 20:27:30,KB국민,4569-26**-****-7522,98342383,승인,36364,3636,40000,00
2025-06-24 21:38:43,하나,5320-50**-****-4962,85913624,승인,54545,5455,60000,06
2025-06-24 21:58:45,삼성,9410-54**-****-1595,83615758,승인,40909,4091,45000,00
2025-06-24 22:43:49,삼성,5765-73**-****-8088,37219757,승인,40909,4091,45000,00
2025-06-25 11:17:10,롯데,9450-30**-****-3968,40475736,승인,45455,4545,50000,06
2025-06-25 12:56:09,현대,9440-60**-****-9309,93961787,승인,36364,3636,40000,00
2025-06-25 13:19:33,삼성,5765-15**-****-6915,10585564,승인,40909,4091,45000,00
2025-06-25 15:21:46,신한,5563-80**-****-8030,82002332,승인,6364,636,7000,00
2025-06-25 16:29:03,현대,9440-12**-****-4214,26574707,승인,31818,3182,35000,00
2025-06-25 16:42:38,NH,5765-42**-****-9127,16670580,승인,13636,1364,15000,00
2025-06-25 19:08:16,KB국민,5370-91**-****-8693,48692335,승인,27273,2727,30000,00
2025-06-25 19:11:16,KB국민,9420-81**-****-8327,75937854,승인,45455,4545,50000,00
2025-06-25 19:34:57,롯데,5284-42**-****-5979,60019954,승인,18182,1818,20000,00
2025-06-25 21:00:50,현대,4214-59**-****-3830,97403693,승인,50000,5000,55000,03
2025-06-25 21:26:38,BC,6243-59**-****-1256,32568467,승인,40909,4091,45000,00
2025-06-25 22:44:51,KB국민,9420-92**-****-2507,47190316,승인,13636,1364,15000,00
2025-06-25 22:55:22,신한,5563-20**-****-8231,97011630,승인,50000,5000,55000,00
2025-06-26 10:11:35,신한,4563-18**-****-4718,28692391,승인,27273,2727,30000,00
2025-06-26 11:12:17,NH,5765-82**-****-4213,16130851,승인,31818,3182,35000,00
2025-06-26 14:53:41,신한,5563-86**-****-8055,55260429,승인,36364,3636,40000,00
2025-06-26 16:22:07,삼성,9410-48**-****-1079,56103344,승인,36364,3636,40000,00
2025-06-26 16:55:10,신한,4563-29**-****-5328,84002375,승인,16364,1636,18000,00
2025-06-26 18:00:59,NH,9470-88**-****-7693,85276371,승인,54545,5455,60000,00
2025-06-26 19:27:40,BC,4556-65**-****-4536,62564632,승인,40909,4091,45000,00
2025-06-26 19:28:14,NH,5765-44**-****-6156,95219696,승인,50000,5000,55000,00
2025-06-26 20:22:42,신한,9411-63**-****-2039,28482756,승인,36364,3636,40000,00
2025-06-26 20:33:20,삼성,5765-70**-****-8548,58978544,승인,40909,4091,45000,00
2025-06-26 20:46:57,삼성,9410-83**-****-6776,13918150,승인,6364,636,7000,00
2025-06-26 21:02:22,롯데,5284-17**-****-6228,58476510,승인,36364,3636,40000,00
2025-06-26 21:32:12,KB국민,9420-94**-****-4746,57402173,승인,45455,4545,50000,00
2025-06-26 21:38:16,BC,4556-34**-****-6416,20558822,승인,9091,909,10000,00
2025-06-26 22:02:38,KB국민,4569-31**-****-8593,11099317,승인,40909,4091,45000,00
2025-06-27 11:23:38,KB국민,9420-80**-****-3371,33582622,승인,50000,5000,55000,00
2025-06-27 13:01:26,현대,9440-87**-****-8662,26979489,승인,7273,727,8000,00
2025-06-27 14:39:04,현대,4214-46**-****-1397,94384133,승인,40909,4091,45000,00
2025-06-27 15:16:24,하나,9480-95**-****-2423,52608828,승인,40909,4091,45000,00
2025-06-27 15:57:05,현대,6011-38**-****-7103,21348971,승인,50000,5000,55000,00
2025-06-27 16:02:45,롯데,4280-26**-****-3340,66206761,승인,59091,5909,65000,00
2025-06-27 16:29:05,현대,6011-38**-****-7103,21348971,취소,50000,5000,55000,00
2025-06-27 17:43:51,하나,9480-39**-****-5594,81271728,승인,40909,4091,45000,00
2025-06-27 17:50:21,NH,9470-75**-****-3649,24971009,승인,6364,636,7000,00
2025-06-27 18:33:07,KB국민,4569-20**-****-4834,91001384,승인,72727,7273,80000,03
2025-06-27 18:43:22,신한,4563-15**-****-8067,91017646,승인,59091,5909,65000,00
2025-06-27 19:44:02,삼성,9410-68**-****-7811,36816211,승인,63636,6364,70000,00
2025-06-27 20:09:10,KB국민,5370-82**-****-7505,20135587,승인,6364,636,7000,00
2025-06-27 20:09:43,삼성,9410-72**-****-9248,40680563,승인,27273,2727,30000,00
2025-06-27 20:15:01,NH,9470-73**-****-8140,17961300,승인,50000,5000,55000,00
2025-06-27 20:15:06,신한,4563-58**-****-8234,72620390,승인,50000,5000,55000,00
2025-06-27 20:22:07,KB국민,4569-77**-****-4660,35828705,승인,36364,3636,40000,00
2025-06-27 20:23:27,롯데,9450-64**-****-3847,13858404,승인,45455,4545,50000,00
2025-06-27 20:40:05,신한,4563-50**-****-6856,39517099,승인,50000,5000,55000,06
2025-06-27 21:33:02,KB국민,5370-93**-****-5780,30435137,승인,54545,5455,60000,00
2025-06-27 21:43:41,현대,4214-96**-****-2944,96237148,승인,45455,4545,50000,00
2025-06-28 11:17:20,삼성,9410-26**-****-1096,96731757,승인,36364,3636,40000,00
2025-06-28 11:45:46,신한,5563-15**-****-2577,20135716,승인,45455,4545,50000,00
2025-06-28 14:27:13,삼성,5765-19**-****-2809,71348078,승인,9091,909,10000,00
2025-06-28 14:27:31,신한,4563-98**-****-2905,77246547,승인,40909,4091,45000,00
2025-06-28 14:53:00,KB국민,9420-93**-****-2408,74274737,승인,50000,5000,55000,00
2025-06-28 14:54:54,롯데,9450-27**-****-3717,39181001,승인,72727,7273,80000,00
2025-06-28 15:01:53,KB국민,4569-82**-****-9825,62009259,승인,10909,1091,12000,00
2025-06-28 16:03:10,KB국민,4569-40**-****-1773,97050130,승인,59091,5909,65000,00
2025-06-28 16:14:07,KB국민,9420-36**-****-7905,65788698,승인,27273,2727,30000,00
2025-06-28 16:14:31,NH,9470-39**-****-7579,20570710,승인,27273,2727,30000,00
2025-06-28 16:50:01,삼성,9410-57**-****-9668,20861834,승인,59091,5909,65000,00
2025-06-28 17:06:34,삼성,5765-31**-****-9960,58541458,승인,54545,5455,60000,03
2025-06-28 17:06:43,삼성,5765-57**-****-2675,34906626,승인,10909,1091,12000,00
2025-06-28 17:11:02,삼성,9410-42**-****-2323,23384614,승인,36364,3636,40000,00
2025-06-28 17:30:07,신한,5563-97**-****-9418,70561842,승인,36364,3636,40000,00
2025-06-28 17:51:33,KB국민,5370-49**-****-4490,95624361,승인,50000,5000,55000,00
2025-06-28 18:28:41,신한,5563-57**-****-2326,36373347,승인,54545,5455,60000,00
2025-06-28 18:48:09,신한,9411-61**-****-3203,61228594,승인,63636,6364,70000,00
2025-06-28 18:57:30,신한,5563-10**-****-4790,13799276,승인,4545,455,5000,00
2025-06-28 19:59:45,현대,4214-60**-****-5868,61172286,승인,54545,5455,60000,00
2025-06-28 20:11:02,현대,6011-91**-****-2991,65173504,승인,50000,5000,55000,06
2025-06-28 20:17:00,신한,4563-48**-****-6701,93944295,승인,50000,5000,55000,00
2025-06-28 20:30:58,KB국민,4569-44**-****-4955,85246298,승인,36364,3636,40000,00
2025-06-28 20:36:11,롯데,4280-94**-****-2861,96415960,승인,7273,727,8000,00
2025-06-28 20:56:49,현대,6011-56**-****-5979,44835098,승인,40909,4091,45000,00
2025-06-28 21:26:38,삼성,9430-24**-****-7381,90535981,승인,72727,7273,80000,00
2025-06-28 21:28:34,NH,4547-68**-****-4399,23213142,승인,50000,5000,55000,00
2025-06-28 21:53:35,KB국민,5370-41**-****-4992,47690657,승인,45455,4545,50000,06
2025-06-28 22:47:24,KB국민,9420-92**-****-6017,75242156,승인,36364,3636,40000,00
2025-06-29 13:51:17,BC,6243-51**-****-4018,84846712,승인,6364,636,7000,00
2025-06-29 14:05:34,KB국민,9420-93**-****-7561,17171026,승인,40909,4091,45000,00
2025-06-29 14:14:51,KB국민,5370-19**-****-4966,73110040,승인,9091,909,10000,00
2025-06-29 14:51:43,KB국민,4569-22**-****-4278,32570450,승인,59091,5909,65000,00
2025-06-29 16:14:17,삼성,9430-58**-****-1817,29482232,승인,40909,4091,45000,00
2025-06-29 16:26:13,NH,9470-77**-****-4461,89185430,승인,72727,7273,80000,00
2025-06-29 18:05:34,삼성,9430-25**-****-8861,79604493,승인,72727,7273,80000,00
2025-06-29 18:06:35,하나,9480-19**-****-8088,76104380,승인,40909,4091,45000,00
2025-06-29 18:17:46,현대,9440-51**-****-3383,55905919,승인,9091,909,10000,00
2025-06-29 19:00:31,KB국민,4569-34**-****-6702,33050625,승인,40909,4091,45000,00
2025-06-29 19:23:53,KB국민,4569-63**-****-2693,90085502,승인,59091,5909,65000,00
2025-06-29 19:33:21,KB국민,5370-98**-****-6086,90805956,승인,10909,1091,12000,00
2025-06-29 19:56:37,KB국민,5370-24**-****-1775,37807428,승인,36364,3636,40000,00
2025-06-29 20:15:30,현대,6011-57**-****-5847,79241385,승인,7273,727,8000,00
2025-06-29 20:30:21,KB국민,9420-93**-****-9530,43828818,승인,72727,7273,80000,00
2025-06-29 20:30:57,KB국민,9420-50**-****-1931,31639913,승인,54545,5455,60000,00
2025-06-29 20:32:14,현대,9440-25**-****-9981,30555256,승인,13636,1364,15000,00
2025-06-29 21:04:40,BC,4556-23**-****-3940,34454088,승인,10909,1091,12000,00
2025-06-29 21:08:06,삼성,9430-63**-****-6500,57774283,승인,72727,7273,80000,00
2025-06-30 11:44:08,KB국민,5370-11**-****-5812,34194047,승인,27273,2727,30000,00
2025-06-30 11:56:13,하나,4568-64**-****-4147,70776641,승인,31818,3182,35000,00
2025-06-30 13:34:25,KB국민,4569-43**-****-6865,23108761,승인,31818,3182,35000,00
2025-06-30 14:15:27,신한,9411-79**-****-2542,23405403,승인,36364,3636,40000,00
2025-06-30 15:46:02,하나,9480-68**-****-2763,74888253,승인,45455,4545,50000,00
2025-06-30 16:41:10,롯데,5284-98**-****-2541,92776015,승인,31818,3182,35000,00
2025-06-30 18:50:53,BC,9460-96**-****-7746,42968377,승인,40909,4091,45000,00
2025-06-30 19:00:57,KB국민,9420-89**-****-6532,16193001,승인,50000,5000,55000,00
2025-06-30 19:19:18,삼성,5765-29**-****-5435,99845623,승인,45455,4545,50000,00
2025-06-30 19:27:44,신한,5563-27**-****-8615,94508548,승인,45455,4545,50000,00
2025-06-30 19:57:12,현대,9440-61**-****-7857,78212439,승인,45455,4545,50000,00
2025-06-30 20:46:49,신한,4563-37**-****-7383,17076128,승인,54545,5455,60000,00
2025-06-30 22:01:10,신한,4563-99**-****-1119,90654516,승인,10909,1091,12000,00
2025-07-01 11:19:53,신한,4563-97**-****-2529,95018569,승인,31818,3182,35000,00
2025-07-01 12:04:40,롯데,4280-89**-****-1266,40936556,승인,45455,4545,50000,00
2025-07-01 14:24:20,신한,5563-14**-****-3874,95117301,승인,45455,4545,50000,00
2025-07-01 15:35:11,하나,9480-53**-****-6402,12794890,승인,16364,1636,18000,00
2025-07-01 17:39:16,KB국민,4569-32**-****-5718,48155254,승인,4545,455,5000,00
2025-07-01 18:14:15,신한,4563-77**-****-2679,61170366,승인,10909,1091,12000,00
2025-07-01 19:05:07,KB국민,4569-11**-****-5488,92233671,승인,54545,5455,60000,06
2025-07-01 19:32:47,신한,9411-48**-****-4302,79443222,승인,40909,4091,45000,00
2025-07-01 19:32:58,KB국민,5370-13**-****-2156,96302571,승인,40909,4091,45000,00
2025-07-01 20:18:06,KB국민,9420-34**-****-2064,72741164,승인,45455,4545,50000,00
2025-07-01 20:19:08,현대,4214-58**-****-1036,66994196,승인,45455,4545,50000,00
2025-07-01 20:36:22,신한,4563-82**-****-2528,43560920,승인,40909,4091,45000,00
2025-07-01 22:15:30,현대,6011-86**-****-7937,33255779,승인,50000,5000,55000,00
2025-07-02 13:25:30,KB국민,9420-10**-****-6337,97593071,승인,13636,1364,15000,00
2025-07-02 15:13:20,삼성,9430-15**-****-6376,44710619,승인,45455,4545,50000,00
2025-07-02 16:34:46,KB국민,5370-59**-****-2571,75953891,승인,22727,2273,25000,00
2025-07-02 17:51:35,신한,4563-80**-****-3234,78271020,승인,54545,5455,60000,06
2025-07-02 18:27:27,KB국민,4569-12**-****-8487,64839082,승인,50000,5000,55000,00
2025-07-02 19:29:44,BC,4556-20**-****-1843,45012338,승인,36364,3636,40000,00
2025-07-02 19:56:58,BC,9460-87**-****-7994,66633094,승인,50000,5000,55000,00
2025-07-02 19:58:05,삼성,9410-43**-****-9578,70133687,승인,6364,636,7000,00
2025-07-02 20:01:36,삼성,5765-89**-****-9569,60092419,승인,45455,4545,50000,00
2025-07-02 22:13:59,하나,5320-95**-****-7585,60639183,승인,45455,4545,50000,00
2025-07-03 12:05:54,KB국민,9420-86**-****-7182,54756717,승인,7273,727,8000,00
2025-07-03 13:51:39,삼성,9430-57**-****-9252,29787684,승인,9091,909,10000,00
2025-07-03 16:18:13,신한,5563-41**-****-7185,41222956,승인,27273,2727,30000,00
2025-07-03 16:26:26,롯데,5284-15**-****-6093,28215281,승인,45455,4545,50000,00
2025-07-03 18:55:45,KB국민,4569-75**-****-5929,19575742,승인,50000,5000,55000,00
2025-07-03 18:57:21,삼성,9410-17**-****-6413,42308550,승인,50000,5000,55000,00
2025-07-03 19:48:48,KB국민,4569-62**-****-5005,85066320,승인,40909,4091,45000,00
2025-07-03 20:47:57,NH,4547-70**-****-2181,82082891,승인,45455,4545,50000,00
2025-07-03 21:24:20,삼성,9410-37**-****-7921,44054988,승인,16364,1636,18000,00
2025-07-03 21:42:24,신한,4563-12**-****-4616,21352153,승인,40909,4091,45000,00
2025-07-03 21:43:11,신한,9411-88**-****-7028,95853878,승인,40909,4091,45000,00
2025-07-03 21:57:45,KB국민,9420-70**-****-7161,16546154,승인,18182,1818,20000,00
2025-07-03 22:36:33,삼성,9430-12**-****-6311,96666133,승인,45455,4545,50000,00
2025-07-04 11:02:41,KB국민,4569-62**-****-1548,60009613,승인,36364,3636,40000,00
2025-07-04 15:09:01,KB국민,4569-54**-****-8293,36806132,승인,72727,7273,80000,00
2025-07-04 16:04:20,롯데,9450-89**-****-1973,88968417,승인,72727,7273,80000,00
2025-07-04 17:46:32,신한,4563-53**-****-5315,42771427,승인,7273,727,8000,00
2025-07-04 17:59:05,현대,6011-75**-****-7690,75345348,승인,22727,2273,25000,00
2025-07-04 18:51:21,신한,4563-35**-****-3953,27466246,승인,16364,1636,18000,00
2025-07-04 19:18:53,삼성,9410-68**-****-8309,44057736,승인,59091,5909,65000,00
2025-07-04 19:28:50,KB국민,5370-49**-****-6111,73133849,승인,10909,1091,12000,00
2025-07-04 19:53:20,삼성,9410-74**-****-6214,38861700,승인,6364,636,7000,00
2025-07-04 20:36:47,삼성,5765-49**-****-5022,88505869,승인,6364,636,7000,00
2025-07-04 20:56:28,신한,4563-32**-****-8012,65495867,승인,54545,5455,60000,00
2025-07-04 21:24:15,KB국민,5370-88**-****-9346,84392590,승인,63636,6364,70000,00
2025-07-04 21:27:02,BC,9460-69**-****-5263,13879315,승인,4545,455,5000,00
2025-07-04 21:38:31,신한,4563-97**-****-5466,48500935,승인,72727,7273,80000,00
2025-07-04 21:55:01,KB국민,9420-46**-****-8787,13358421,승인,50000,5000,55000,00
2025-07-04 22:12:14,KB국민,4569-67**-****-1783,39506538,승인,59091,5909,65000,00
2025-07-04 22:42:23,삼성,5765-82**-****-9222,89399096,승인,16364,1636,18000,00
2025-07-05 10:23:45,신한,5563-12**-****-7142,80699733,승인,45455,4545,50000,00
2025-07-05 12:03:51,신한,4563-78**-****-8224,21804569,승인,10909,1091,12000,00
2025-07-05 15:05:21,신한,9411-51**-****-2028,39991893,승인,13636,1364,15000,00
2025-07-05 15:54:06,신한,5563-80**-****-2502,15509949,승인,27273,2727,30000,00
2025-07-05 16:16:18,삼성,5765-38**-****-3727,77719328,승인,40909,4091,45000,00
2025-07-05 16:39:59,현대,4214-53**-****-6371,93566347,승인,59091,5909,65000,00
2025-07-05 16:51:33,신한,4563-37**-****-3913,82214095,승인,6364,636,7000,00
2025-07-05 17:37:26,현대,4214-28**-****-9971,92424462,승인,63636,6364,70000,00
2025-07-05 17:58:09,신한,4563-37**-****-2101,21843295,승인,40909,4091,45000,00
2025-07-05 18:09:30,신한,9411-61**-****-5845,21827410,승인,9091,909,10000,00
2025-07-05 18:14:53,하나,5320-62**-****-7656,51620084,승인,59091,5909,65000,00
2025-07-05 18:24:02,KB국민,5370-80**-****-4493,89293253,승인,54545,5455,60000,00
2025-07-05 18:58:18,신한,4563-89**-****-4964,81810500,승인,36364,3636,40000,00
2025-07-05 19:00:09,KB국민,4569-78**-****-6214,20540762,승인,59091,5909,65000,00
2025-07-05 19:04:17,현대,9440-83**-****-3956,34955882,승인,45455,4545,50000,00
2025-07-05 19:06:57,현대,6011-56**-****-7672,92397790,승인,4545,455,5000,00
2025-07-05 19:12:34,BC,4556-43**-****-4097,27063807,승인,6364,636,7000,00
2025-07-05 19:15:48,BC,6243-32**-****-2664,18497890,승인,4545,455,5000,00
2025-07-05 19:52:11,NH,9470-83**-****-7061,72184453,승인,10909,1091,12000,00
2025-07-05 20:03:51,현대,9440-80**-****-3798,60346159,승인,54545,5455,60000,00
2025-07-05 20:16:29,삼성,9430-10**-****-3100,35229926,승인,59091,5909,65000,00
2025-07-05 21:55:31,신한,9411-19**-****-7004,77844716,승인,72727,7273,80000,00
2025-07-06 10:55:05,KB국민,4569-14**-****-4346,22585375,승인,59091,5909,65000,00
2025-07-06 11:19:43,NH,5765-12**-****-2687,66284339,승인,40909,4091,45000,00
2025-07-06 12:21:07,BC,6243-41**-****-6286,85177965,승인,10909,1091,12000,00
2025-07-06 13:01:02,NH,4547-26**-****-9082,44103198,승인,72727,7273,80000,00
2025-07-06 13:52:32,삼성,9430-91**-****-6830,63970081,승인,45455,4545,50000,00
2025-07-06 14:45:36,신한,5563-43**-****-2999,71686661,승인,10909,1091,12000,00
2025-07-06 14:45:51,신한,5563-28**-****-1377,94792346,승인,36364,3636,40000,00
2025-07-06 14:50:24,하나,5320-73**-****-5439,86898062,승인,63636,6364,70000,03
2025-07-06 14:57:10,롯데,4280-94**-****-9762,34906958,승인,13636,1364,15000,00
2025-07-06 16:29:26,신한,4563-25**-****-5973,84942046,승인,63636,6364,70000,00
2025-07-06 17:03:26,NH,5765-21**-****-1377,23111315,승인,45455,4545,50000,00
2025-07-06 17:22:54,NH,4547-15**-****-6588,87788812,승인,54545,5455,60000,00
2025-07-06 17:40:33,BC,4556-98**-****-7225,98695038,승인,16364,1636,18000,00
2025-07-06 18:56:05,KB국민,9420-82**-****-1922,54477224,승인,16364,1636,18000,00
2025-07-06 19:08:42,KB국민,9420-75**-****-5191,79399674,승인,16364,1636,18000,00
2025-07-06 19:28:57,롯데,4280-37**-****-1252,78308735,승인,6364,636,7000,00
2025-07-06 20:10:33,현대,9440-77**-****-2815,39304265,승인,7273,727,8000,00
2025-07-06 20:11:38,삼성,5765-53**-****-5372,30495168,승인,40909,4091,45000,00
2025-07-06 20:35:29,삼성,9430-47**-****-2447,54919602,승인,40909,4091,45000,00
2025-07-06 20:40:59,KB국민,9420-16**-****-8468,37009538,승인,59091,5909,65000,00
2025-07-06 20:45:05,삼성,5765-27**-****-4774,98858674,승인,36364,3636,40000,00
2025-07-06 20:46:03,신한,4563-81**-****-3099,42127494,승인,13636,1364,15000,00
2025-07-06 20:55:12,KB국민,4569-85**-****-8896,47190954,승인,22727,2273,25000,00
2025-07-06 21:21:40,KB국민,9420-77**-****-9063,78271070,승인,59091,5909,65000,00
2025-07-06 21:28:46,신한,5563-19**-****-4893,37649333,승인,63636,6364,70000,00
2025-07-06 21:56:53,삼성,5765-61**-****-3023,81879932,승인,45455,4545,50000,00
2025-07-06 22:25:01,삼성,9410-43**-****-3980,11717144,승인,63636,6364,70000,00
2025-07-06 22:58:44,하나,5320-12**-****-2528,17901857,승인,63636,6364,70000,00
2025-07-07 11:57:32,신한,4563-72**-****-7920,64962725,승인,45455,4545,50000,00
2025-07-07 12:30:20,현대,6011-86**-****-6402,94356947,승인,36364,3636,40000,00
2025-07-07 13:32:44,KB국민,4569-21**-****-5529,18639596,승인,45455,4545,50000,00
2025-07-07 16:17:39,신한,4563-55**-****-2178,96077332,승인,40909,4091,45000,00
2025-07-07 17:56:07,KB국민,4569-11**-****-4892,16686777,승인,54545,5455,60000,00
2025-07-07 18:13:22,BC,9460-60**-****-2806,35725680,승인,22727,2273,25000,00
2025-07-07 19:18:33,현대,9440-66**-****-8021,53383268,승인,50000,5000,55000,00
2025-07-07 19:32:01,하나,5320-71**-****-4584,46077835,승인,54545,5455,60000,00
2025-07-07 20:05:48,KB국민,9420-32**-****-3543,47685903,승인,13636,1364,15000,00
2025-07-07 20:36:20,KB국민,5370-91**-****-6855,36932949,승인,54545,5455,60000,00
2025-07-07 20:53:47,롯데,4280-64**-****-9077,44517026,승인,36364,3636,40000,00
2025-07-08 12:35:39,BC,4556-95**-****-2346,85507745,승인,4545,455,5000,00
2025-07-08 12:54:21,KB국민,5370-77**-****-7139,63570579,승인,31818,3182,35000,00
2025-07-08 15:38:23,KB국민,9420-46**-****-5374,63072911,승인,16364,1636,18000,00
2025-07-08 17:03:36,롯데,4280-20**-****-1807,95062950,승인,54545,5455,60000,00
2025-07-08 17:40:59,BC,4556-31**-****-1697,21474449,승인,40909,4091,45000,00
2025-07-08 17:47:31,NH,4547-44**-****-5279,65945823,승인,36364,3636,40000,00
2025-07-08 19:06:38,삼성,9430-57**-****-7138,19196824,승인,22727,2273,25000,00
2025-07-08 20:50:47,신한,5563-71**-****-3742,61213512,승인,40909,4091,45000,00
2025-07-08 21:02:17,롯데,9450-80**-****-5915,10672170,승인,36364,3636,40000,00
2025-07-08 21:22:15,삼성,5765-72**-****-8166,45879550,승인,54545,5455,60000,00
2025-07-08 21:22:20,KB국민,5370-68**-****-9144,55658737,승인,40909,4091,45000,00
2025-07-08 21:35:08,NH,4547-63**-****-3988,44872666,승인,36364,3636,40000,00
2025-07-08 21:52:25,KB국민,5370-36**-****-6451,63027777,승인,40909,4091,45000,00
2025-07-08 21:54:50,현대,6011-54**-****-9695,64863915,승인,45455,4545,50000,03
2025-07-09 12:19:38,신한,5563-64**-****-2643,46989417,승인,31818,3182,35000,00
2025-07-09 13:57:42,현대,4214-32**-****-3187,57298006,승인,10909,1091,12000,00
2025-07-09 16:19:46,신한,9411-38**-****-6012,67969895,승인,45455,4545,50000,00
2025-07-09 16:23:37,KB국민,5370-24**-****-1782,26518086,승인,40909,4091,45000,00
2025-07-09 18:28:28,신한,5563-71**-****-1601,12515515,승인,50000,5000,55000,00
2025-07-09 18:42:31,신한,4563-28**-****-3862,10358749,승인,36364,3636,40000,00
2025-07-09 19:11:33,KB국민,9420-94**-****-6510,86553029,승인,40909,4091,45000,00
2025-07-09 19:46:40,신한,4563-52**-****-9748,97067214,승인,18182,1818,20000,00
2025-07-09 20:17:49,BC,6243-48**-****-4948,25106648,승인,54545,5455,60000,06
2025-07-09 21:29:32,KB국민,5370-53**-****-4657,46287573,승인,13636,1364,15000,00
2025-07-09 22:41:16,KB국민,4569-40**-****-5306,99014851,승인,50000,5000,55000,00
2025-07-10 12:29:01,현대,4214-12**-****-2651,20446579,승인,9091,909,10000,00
2025-07-10 13:12:26,신한,5563-66**-****-5947,10252457,승인,31818,3182,35000,00
2025-07-10 14:33:20,현대,4214-24**-****-3557,59011649,승인,13636,1364,15000,00
2025-07-10 15:31:42,KB국민,9420-47**-****-5023,26708168,승인,45455,4545,50000,00
2025-07-10 16:29:06,KB국민,9420-91**-****-8284,22887049,승인,36364,3636,40000,00
2025-07-10 18:39:43,현대,9440-66**-****-2718,14733307,승인,4545,455,5000,00
2025-07-10 18:45:20,신한,4563-57**-****-5643,64012161,승인,54545,5455,60000,03
2025-07-10 18:49:15,롯데,4280-66**-****-7950,63929252,승인,22727,2273,25000,00
2025-07-10 19:09:15,KB국민,4569-80**-****-6726,12369338,승인,40909,4091,45000,00
2025-07-10 20:43:47,롯데,5284-72**-****-5938,58603644,승인,54545,5455,60000,00
2025-07-10 21:06:41,KB국민,9420-90**-****-5300,95936261,승인,50000,5000,55000,00
2025-07-10 21:29:36,KB국민,4569-65**-****-9896,90179314,승인,10909,1091,12000,00
2025-07-11 11:03:29,삼성,9430-37**-****-2398,40935029,승인,45455,4545,50000,00
2025-07-11 12:40:42,신한,4563-23**-****-2353,88595333,승인,45455,4545,50000,00
2025-07-11 13:24:58,신한,9411-28**-****-6539,17776399,승인,18182,1818,20000,00
2025-07-11 15:46:30,현대,9440-76**-****-9299,62390577,승인,54545,5455,60000,00
2025-07-11 15:52:41,삼성,5765-66**-****-4545,67557861,승인,22727,2273,25000,00
2025-07-11 16:59:04,KB국민,9420-95**-****-9721,55984183,승인,6364,636,7000,00
2025-07-11 17:23:35,KB국민,4569-95**-****-3973,65711169,승인,45455,4545,50000,03
2025-07-11 17:37:06,BC,6243-35**-****-3104,32313294,승인,40909,4091,45000,00
2025-07-11 17:49:52,하나,4568-12**-****-9522,36308984,승인,40909,4091,45000,00
2025-07-11 18:19:39,KB국민,5370-71**-****-6138,86205634,승인,50000,5000,55000,00
2025-07-11 18:41:34,BC,4556-50**-****-7460,70599967,승인,45455,4545,50000,00
2025-07-11 18:49:06,롯데,5284-20**-****-9137,44919531,승인,22727,2273,25000,00
2025-07-11 19:54:57,현대,4214-56**-****-4740,94408230,승인,36364,3636,40000,00
2025-07-11 20:31:15,BC,6243-86**-****-9637,64696305,승인,59091,5909,65000,00
2025-07-11 20:52:06,현대,9440-49**-****-8669,32141696,승인,50000,5000,55000,03
2025-07-11 22:40:40,신한,9411-57**-****-3963,52550453,승인,54545,5455,60000,00
2025-07-12 11:04:16,신한,9411-24**-****-2596,34774457,승인,50000,5000,55000,00
2025-07-12 11:36:00,현대,9440-40**-****-9904,72415552,승인,63636,6364,70000,00
2025-07-12 13:04:47,KB국민,4569-28**-****-9926,87789531,승인,59091,5909,65000,00
2025-07-12 14:06:31,삼성,5765-81**-****-7467,16620388,승인,45455,4545,50000,00
2025-07-12 14:07:27,롯데,9450-68**-****-9356,59236216,승인,27273,2727,30000,00
2025-07-12 16:57:43,현대,6011-82**-****-1543,75302659,승인,50000,5000,55000,06
2025-07-12 17:00:29,삼성,9410-86**-****-2097,43415948,승인,54545,5455,60000,00
2025-07-12 17:15:56,BC,4556-53**-****-6103,44053876,승인,13636,1364,15000,00
2025-07-12 17:34:13,삼성,9430-69**-****-5769,74814358,승인,63636,6364,70000,06
2025-07-12 17:47:38,삼성,9430-91**-****-2076,65839404,승인,59091,5909,65000,00
2025-07-12 18:48:32,신한,5563-10**-****-2354,64794874,승인,10909,1091,12000,00
2025-07-12 19:06:32,BC,9460-59**-****-3651,49912731,승인,63636,6364,70000,00
2025-07-12 19:14:19,신한,9411-97**-****-8383,17124317,승인,45455,4545,50000,00
2025-07-12 19:25:46,롯데,5284-61**-****-3815,10462685,승인,7273,727,8000,00
2025-07-12 19:50:25,현대,9440-61**-****-2365,14966723,승인,54545,5455,60000,00
2025-07-12 20:32:00,BC,6243-35**-****-4799,59399803,승인,7273,727,8000,00
2025-07-13 12:25:16,롯데,4280-36**-****-6255,42087136,승인,50000,5000,55000,00
2025-07-13 14:55:41,삼성,5765-62**-****-3166,83532711,승인,16364,1636,18000,00
2025-07-13 16:43:01,KB국민,9420-43**-****-9314,61033013,승인,9091,909,10000,00
2025-07-13 17:35:16,롯데,5284-68**-****-7614,72382819,승인,40909,4091,45000,00
2025-07-13 17:56:28,신한,5563-63**-****-6752,55824683,승인,13636,1364,15000,00
2025-07-13 18:22:47,삼성,9430-85**-****-7208,90189606,승인,16364,1636,18000,00
2025-07-13 18:32:36,삼성,9430-47**-****-4442,78036298,승인,18182,1818,20000,00
2025-07-13 18:37:11,삼성,9410-66**-****-1903,41992524,승인,18182,1818,20000,00
2025-07-13 18:39:49,NH,4547-86**-****-8193,60275978,승인,18182,1818,20000,00
2025-07-13 18:48:41,KB국민,4569-58**-****-3364,39906544,승인,9091,909,10000,00
2025-07-13 19:22:07,BC,6243-48**-****-2335,16319628,승인,36364,3636,40000,00
2025-07-13 19:28:46,BC,4556-12**-****-7340,55755518,승인,50000,5000,55000,00
2025-07-13 20:02:14,삼성,9430-52**-****-8392,77091759,승인,50000,5000,55000,00
2025-07-13 20:10:30,KB국민,9420-84**-****-6896,50117129,승인,4545,455,5000,00
2025-07-13 20:26:53,삼성,9410-83**-****-8931,73438877,승인,6364,636,7000,00
2025-07-13 21:05:54,현대,4214-74**-****-7730,70653158,승인,72727,7273,80000,00
2025-07-13 21:16:55,삼성,5765-85**-****-1707,50731130,승인,59091,5909,65000,06
2025-07-13 21:26:54,현대,4214-74**-****-7730,70653158,취소,72727,7273,80000,00
2025-07-13 21:27:54,삼성,9430-49**-****-4677,53566725,승인,36364,3636,40000,00
2025-07-13 21:41:53,현대,9440-91**-****-2311,73407021,승인,72727,7273,80000,00
2025-07-13 21:48:05,NH,9470-57**-****-6413,78884191,승인,45455,4545,50000,00
2025-07-13 21:57:36,삼성,5765-10**-****-7258,54286428,승인,54545,5455,60000,00
2025-07-13 22:37:45,KB국민,4569-22**-****-8434,76140069,승인,72727,7273,80000,03
2025-07-14 14:12:43,삼성,9410-88**-****-4533,89106133,승인,31818,3182,35000,00
2025-07-14 15:04:58,삼성,9410-81**-****-6341,63859392,승인,18182,1818,20000,00
2025-07-14 15:10:51,KB국민,4569-83**-****-3845,25180063,승인,10909,1091,12000,00
2025-07-14 16:01:30,BC,6243-91**-****-9684,69945681,승인,45455,4545,50000,00
2025-07-14 17:11:42,KB국민,9420-46**-****-3751,37073895,승인,36364,3636,40000,00
2025-07-14 18:00:20,하나,4568-26**-****-5959,59011418,승인,40909,4091,45000,00
2025-07-14 18:01:43,삼성,5765-31**-****-3130,26420638,승인,40909,4091,45000,00
2025-07-14 18:15:30,삼성,9430-42**-****-5340,81278003,승인,36364,3636,40000,00
2025-07-14 18:42:36,신한,9411-11**-****-7997,41467988,승인,16364,1636,18000,00
2025-07-14 18:49:30,NH,5765-35**-****-9143,20239291,승인,7273,727,8000,00
2025-07-14 19:12:21,KB국민,5370-21**-****-6005,28326110,승인,50000,5000,55000,00
2025-07-14 21:16:17,삼성,5765-58**-****-1451,85967070,승인,50000,5000,55000,00
2025-07-14 21:35:21,KB국민,4569-23**-****-5020,25629373,승인,45455,4545,50000,00
2025-07-14 22:16:45,현대,9440-88**-****-7534,56142690,승인,40909,4091,45000,00
2025-07-14 22:40:48,롯데,5284-49**-****-6735,29216298,승인,54545,5455,60000,00
2025-07-14 22:59:13,롯데,4280-79**-****-3158,73347457,승인,27273,2727,30000,00
2025-07-15 14:08:25,삼성,5765-53**-****-9708,77131360,승인,18182,1818,20000,00
2025-07-15 17:08:55,신한,9411-31**-****-6824,64459350,승인,50000,5000,55000,00
2025-07-15 18:00:30,삼성,9410-32**-****-1677,80742278,승인,36364,3636,40000,00
2025-07-15 18:21:43,삼성,9410-97**-****-3410,31368924,승인,36364,3636,40000,00
2025-07-15 18:49:21,롯데,9450-11**-****-4304,86888624,승인,10909,1091,12000,00
2025-07-15 19:00:27,롯데,5284-67**-****-6498,89781530,승인,4545,455,5000,00
2025-07-15 19:36:28,신한,9411-17**-****-7524,74596503,승인,45455,4545,50000,00
2025-07-15 19:39:40,삼성,9430-23**-****-1725,85899625,승인,18182,1818,20000,00
2025-07-15 20:41:48,삼성,9430-48**-****-6912,59200732,승인,36364,3636,40000,00
2025-07-15 22:04:25,KB국민,9420-17**-****-2116,46112640,승인,45455,4545,50000,00
2025-07-15 22:32:31,NH,5765-60**-****-4541,81794231,승인,7273,727,8000,00
2025-07-16 11:08:22,KB국민,5370-81**-****-2952,30768503,승인,27273,2727,30000,00
2025-07-16 14:55:24,KB국민,4569-49**-****-7653,39903771,승인,36364,3636,40000,00
2025-07-16 16:40:56,BC,6243-76**-****-8576,76492451,승인,36364,3636,40000,00
2025-07-16 16:59:29,현대,9440-33**-****-6075,50134687,승인,36364,3636,40000,00
2025-07-16 17:13:51,현대,6011-12**-****-3701,72632102,승인,54545,5455,60000,00
2025-07-16 18:29:52,KB국민,5370-26**-****-7315,56416118,승인,40909,4091,45000,00
2025-07-16 18:46:22,신한,5563-82**-****-3447,70393048,승인,40909,4091,45000,00
2025-07-16 19:06:21,하나,4568-25**-****-6287,20378430,승인,54545,5455,60000,00
2025-07-16 19:33:59,신한,5563-67**-****-8697,41626318,승인,54545,5455,60000,06
2025-07-16 20:41:27,KB국민,4569-34**-****-5867,95276090,승인,50000,5000,55000,00
2025-07-16 20:53:17,현대,4214-74**-****-6578,31679563,승인,54545,5455,60000,00
2025-07-16 21:41:01,삼성,9430-16**-****-7860,94085288,승인,10909,1091,12000,00
2025-07-16 21:55:43,BC,6243-38**-****-1768,46267057,승인,4545,455,5000,00
2025-07-17 13:56:10,KB국민,9420-26**-****-3267,59119307,승인,40909,4091,45000,00
2025-07-17 15:09:59,신한,5563-16**-****-4783,89917633,승인,27273,2727,30000,00
2025-07-17 15:38:04,현대,4214-71**-****-4736,65727155,승인,40909,4091,45000,00
2025-07-17 15:45:07,신한,9411-49**-****-7488,18836033,승인,40909,4091,45000,00
2025-07-17 15:55:21,KB국민,5370-91**-****-1188,18828215,승인,16364,1636,18000,00
2025-07-17 18:08:58,롯데,9450-88**-****-6406,80798264,승인,27273,2727,30000,00
2025-07-17 20:45:17,NH,5765-28**-****-6440,72647598,승인,36364,3636,40000,00
2025-07-17 20:48:41,현대,6011-98**-****-7806,74598923,승인,13636,1364,15000,00
2025-07-17 20:51:59,하나,9480-31**-****-1325,32302166,승인,6364,636,7000,00
2025-07-17 22:17:28,삼성,5765-91**-****-9826,42528619,승인,10909,1091,12000,00
2025-07-18 10:30:14,신한,5563-16**-****-4411,34265023,승인,54545,5455,60000,00
2025-07-18 10:36:34,신한,9411-40**-****-1900,40890411,승인,59091,5909,65000,00
2025-07-18 13:01:31,신한,4563-78**-****-6312,76928515,승인,6364,636,7000,00
2025-07-18 13:37:17,신한,9411-53**-****-5901,62783841,승인,4545,455,5000,00
2025-07-18 14:30:35,신한,5563-38**-****-2615,43054244,승인,50000,5000,55000,00
2025-07-18 15:25:39,KB국민,9420-65**-****-2002,69441626,승인,72727,7273,80000,00
2025-07-18 15:51:52,하나,5320-85**-****-2234,22231678,승인,4545,455,5000,00
2025-07-18 16:05:37,삼성,9430-26**-****-2435,53049249,승인,27273,2727,30000,00
2025-07-18 16:20:58,KB국민,5370-26**-****-5072,53842699,승인,6364,636,7000,00
2025-07-18 16:46:49,KB국민,5370-83**-****-1260,15091628,승인,50000,5000,55000,03
2025-07-18 17:01:17,BC,6243-98**-****-4001,56541288,승인,59091,5909,65000,00
2025-07-18 17:31:15,신한,9411-32**-****-5655,96073512,승인,59091,5909,65000,00
2025-07-18 19:16:59,현대,4214-52**-****-2803,76734716,승인,6364,636,7000,00
2025-07-18 19:40:03,신한,9411-48**-****-6107,29548675,승인,63636,6364,70000,00
2025-07-18 20:20:22,하나,4568-39**-****-8081,33310618,승인,18182,1818,20000,00
2025-07-18 20:52:46,NH,4547-98**-****-4657,51615599,승인,13636,1364,15000,00
2025-07-18 22:27:19,BC,9460-70**-****-5802,44023937,승인,40909,4091,45000,00
2025-07-18 22:51:55,하나,9480-39**-****-6009,87117290,승인,54545,5455,60000,00
2025-07-18 23:31:55,하나,9480-39**-****-6009,87117290,취소,54545,5455,60000,00
2025-07-19 10:50:27,롯데,9450-95**-****-2219,99874179,승인,40909,4091,45000,00
2025-07-19 10:59:32,롯데,4280-23**-****-1621,15923206,승인,36364,3636,40000,00
2025-07-19 12:18:48,롯데,4280-86**-****-4547,29971527,승인,63636,6364,70000,00
2025-07-19 12:52:43,NH,9470-90**-****-6742,14722392,승인,59091,5909,65000,00
2025-07-19 16:18:09,신한,5563-74**-****-7314,58116969,승인,36364,3636,40000,00
2025-07-19 17:05:16,KB국민,4569-77**-****-7208,79135841,승인,63636,6364,70000,00
2025-07-19 17:22:27,신한,5563-61**-****-6987,37813700,승인,4545,455,5000,00
2025-07-19 17:56:33,삼성,9430-36**-****-9988,65251547,승인,59091,5909,65000,00
2025-07-19 18:00:30,현대,9440-96**-****-2839,99760053,승인,45455,4545,50000,00
2025-07-19 18:14:46,하나,9480-61**-****-1814,91021933,승인,36364,3636,40000,00
2025-07-19 18:32:33,KB국민,5370-45**-****-1626,62444122,승인,40909,4091,45000,00
2025-07-19 19:24:15,KB국민,9420-78**-****-8751,57286830,승인,40909,4091,45000,00
2025-07-19 19:24:21,롯데,9450-71**-****-7229,33635367,승인,63636,6364,70000,00
2025-07-19 19:26:38,KB국민,9420-98**-****-4535,66701381,승인,72727,7273,80000,03
2025-07-19 19:28:23,BC,4556-22**-****-9051,21274434,승인,6364,636,7000,00
2025-07-19 20:13:15,현대,4214-12**-****-4964,36851984,승인,18182,1818,20000,00
2025-07-19 21:01:46,삼성,5765-64**-****-6670,54463178,승인,4545,455,5000,00
2025-07-19 21:18:28,현대,4214-46**-****-7880,12381373,승인,45455,4545,50000,00
2025-07-19 21:42:23,신한,9411-65**-****-8507,19819040,승인,63636,6364,70000,00
2025-07-19 22:15:59,KB국민,9420-36**-****-8190,88996698,승인,6364,636,7000,00
2025-07-20 10:03:21,KB국민,9420-82**-****-4420,76568701,승인,54545,5455,60000,03
2025-07-20 10:06:09,현대,4214-53**-****-5752,53117431,승인,54545,5455,60000,00
2025-07-20 12:14:20,현대,9440-72**-****-1290,47309803,승인,45455,4545,50000,00
2025-07-20 12:36:36,신한,4563-75**-****-3500,93107246,승인,63636,6364,70000,00
2025-07-20 13:34:34,신한,9411-19**-****-8569,50292620,승인,63636,6364,70000,06
2025-07-20 13:49:20,삼성,9410-26**-****-1612,40125806,승인,63636,6364,70000,00
2025-07-20 13:54:54,현대,4214-53**-****-1159,21532504,승인,22727,2273,25000,00
2025-07-20 14:19:46,KB국민,9420-47**-****-4463,18508133,승인,18182,1818,20000,00
2025-07-20 17:14:04,NH,9470-58**-****-3498,61089768,승인,6364,636,7000,00
2025-07-20 17:24:05,신한,9411-82**-****-9214,26661843,승인,4545,455,5000,00
2025-07-20 17:29:15,삼성,9430-11**-****-4515,37138540,승인,72727,7273,80000,00
2025-07-20 17:32:23,삼성,5765-16**-****-5503,61860648,승인,16364,1636,18000,00
2025-07-20 18:06:37,BC,4556-71**-****-9970,30629122,승인,45455,4545,50000,00
2025-07-20 18:12:22,KB국민,4569-28**-****-3568,55207719,승인,40909,4091,45000,00
2025-07-20 19:02:37,롯데,5284-70**-****-3302,62466791,승인,63636,6364,70000,00
2025-07-20 19:14:10,현대,4214-49**-****-1036,51851655,승인,13636,1364,15000,00
2025-07-20 19:33:36,BC,9460-90**-****-9463,32280380,승인,36364,3636,40000,00
2025-07-20 19:51:07,신한,5563-45**-****-5815,75218296,승인,45455,4545,50000,00
2025-07-20 19:51:07,롯데,4280-95**-****-5072,87007847,승인,10909,1091,12000,00
2025-07-20 19:53:35,신한,9411-43**-****-3622,84533976,승인,54545,5455,60000,00
2025-07-20 20:32:56,신한,4563-65**-****-7595,15831024,승인,36364,3636,40000,00
2025-07-20 20:49:18,KB국민,5370-13**-****-1450,87881596,승인,50000,5000,55000,00
2025-07-20 20:52:37,삼성,9430-94**-****-7199,90429634,승인,27273,2727,30000,00
2025-07-20 21:18:02,KB국민,5370-56**-****-4022,20578035,승인,59091,5909,65000,00
2025-07-20 22:14:16,신한,9411-76**-****-2142,23910943,승인,6364,636,7000,00
2025-07-21 10:24:01,삼성,9430-39**-****-6744,18773494,승인,31818,3182,35000,00
2025-07-21 12:34:38,현대,4214-22**-****-7668,32245731,승인,40909,4091,45000,00
2025-07-21 16:08:48,KB국민,9420-86**-****-8739,46076812,승인,31818,3182,35000,00
2025-07-21 16:25:02,NH,9470-45**-****-2006,69164829,승인,16364,1636,18000,00
2025-07-21 16:33:25,KB국민,9420-91**-****-7202,95382564,승인,18182,1818,20000,00
2025-07-21 17:13:04,신한,4563-59**-****-6794,46475851,승인,36364,3636,40000,00
2025-07-21 18:33:37,KB국민,9420-69**-****-2136,11626322,승인,10909,1091,12000,00
2025-07-21 19:25:47,신한,5563-48**-****-7627,19503739,승인,54545,5455,60000,00
2025-07-21 19:35:02,KB국민,5370-97**-****-2435,14859447,승인,45455,4545,50000,00
2025-07-21 19:39:58,KB국민,5370-87**-****-5045,24299908,승인,54545,5455,60000,00
2025-07-21 20:28:31,현대,4214-86**-****-6078,36477223,승인,9091,909,10000,00
2025-07-21 20:29:46,삼성,9430-43**-****-5350,92978349,승인,45455,4545,50000,00
2025-07-21 21:15:25,삼성,9410-69**-****-8471,10527303,승인,6364,636,7000,00
2025-07-22 15:01:10,신한,4563-55**-****-2411,54853899,승인,27273,2727,30000,00
2025-07-22 15:29:13,BC,4556-44**-****-3535,77990241,승인,27273,2727,30000,00
2025-07-22 17:22:13,현대,6011-92**-****-8825,71251873,승인,16364,1636,18000,00
2025-07-22 18:07:59,KB국민,9420-16**-****-7932,14900781,승인,36364,3636,40000,00
2025-07-22 18:26:44,신한,5563-71**-****-2784,13558608,승인,45455,4545,50000,00
2025-07-22 18:46:09,롯데,4280-77**-****-6717,60481407,승인,9091,909,10000,00
2025-07-22 20:42:15,삼성,9430-80**-****-7357,70832175,승인,27273,2727,30000,00
2025-07-22 20:46:14,신한,4563-59**-****-3950,94088444,승인,45455,4545,50000,03
2025-07-22 21:27:28,신한,5563-48**-****-9503,99065797,승인,45455,4545,50000,00
2025-07-23 10:55:14,현대,9440-99**-****-8789,23295108,승인,45455,4545,50000,00
2025-07-23 13:56:45,KB국민,4569-60**-****-1401,88845927,승인,27273,2727,30000,00
2025-07-23 17:23:23,현대,9440-69**-****-6233,91540617,승인,54545,5455,60000,00
2025-07-23 18:12:59,롯데,5284-85**-****-4418,81821888,승인,45455,4545,50000,00
2025-07-23 19:11:24,삼성,5765-24**-****-2314,99553066,승인,36364,3636,40000,00
2025-07-23 19:28:00,NH,5765-56**-****-6368,75229497,승인,36364,3636,40000,00
2025-07-23 20:03:05,KB국민,4569-84**-****-2153,71696280,승인,13636,1364,15000,00
2025-07-23 20:25:25,하나,9480-52**-****-1897,13201572,승인,54545,5455,60000,00
2025-07-23 22:15:17,신한,4563-66**-****-7398,14479939,승인,54545,5455,60000,00
2025-07-24 11:43:43,BC,9460-19**-****-4572,18235776,승인,45455,4545,50000,00
2025-07-24 15:16:33,KB국민,4569-90**-****-5014,65390574,승인,27273,2727,30000,00
2025-07-24 18:04:40,BC,9460-62**-****-4106,45137991,승인,40909,4091,45000,00
2025-07-24 18:26:54,KB국민,5370-28**-****-4994,40243036,승인,18182,1818,20000,00
2025-07-24 18:41:48,KB국민,4569-83**-****-7151,93818096,승인,40909,4091,45000,00
2025-07-24 20:34:09,BC,9460-58**-****-3864,90866578,승인,16364,1636,18000,00
2025-07-24 20:42:04,롯데,4280-53**-****-3943,28778669,승인,27273,2727,30000,00
2025-07-24 20:44:40,현대,9440-90**-****-6191,91804256,승인,50000,5000,55000,00
2025-07-24 21:01:26,롯데,4280-46**-****-7514,26316077,승인,40909,4091,45000,00
2025-07-24 21:23:20,삼성,9410-80**-****-9688,28282158,승인,50000,5000,55000,00
2025-07-24 22:47:39,삼성,9410-16**-****-1019,84630582,승인,54545,5455,60000,00
2025-07-25 12:30:43,하나,4568-37**-****-1194,80827507,승인,50000,5000,55000,00
2025-07-25 13:56:07,신한,9411-15**-****-4617,67188252,승인,40909,4091,45000,00
2025-07-25 14:04:39,BC,6243-27**-****-5832,83117789,승인,18182,1818,20000,00
2025-07-25 14:12:20,삼성,9410-54**-****-6234,98301030,승인,54545,5455,60000,00
2025-07-25 15:38:45,신한,4563-20**-****-8846,54821162,승인,36364,3636,40000,00
2025-07-25 16:22:38,롯데,5284-71**-****-3734,81222187,승인,36364,3636,40000,00
2025-07-25 16:33:17,BC,4556-65**-****-9882,78088066,승인,50000,5000,55000,00
2025-07-25 17:15:02,현대,6011-90**-****-3721,43923011,승인,22727,2273,25000,00
2025-07-25 17:22:25,BC,9460-30**-****-2694,58958314,승인,18182,1818,20000,00
2025-07-25 18:39:03,NH,5765-12**-****-3489,45761862,승인,45455,4545,50000,00
2025-07-25 19:33:33,삼성,5765-39**-****-8231,67278646,승인,9091,909,10000,00
2025-07-25 19:36:31,롯데,4280-87**-****-4204,58184565,승인,72727,7273,80000,00
2025-07-25 20:36:20,NH,5765-42**-****-7790,44646722,승인,45455,4545,50000,00
2025-07-25 21:18:46,신한,9411-79**-****-1236,15766156,승인,7273,727,8000,00
2025-07-25 22:15:29,삼성,5765-60**-****-7501,13018198,승인,45455,4545,50000,00
2025-07-25 22:35:08,KB국민,5370-15**-****-2812,73310932,승인,22727,2273,25000,00
2025-07-25 22:48:58,KB국민,5370-10**-****-4012,73342209,승인,10909,1091,12000,00
2025-07-25 22:54:37,롯데,5284-44**-****-8396,21453927,승인,59091,5909,65000,03
2025-07-26 10:52:01,현대,4214-34**-****-2617,26397251,승인,63636,6364,70000,00
2025-07-26 13:35:01,BC,6243-38**-****-7494,26638686,승인,40909,4091,45000,00
2025-07-26 13:46:46,신한,5563-12**-****-1319,58779040,승인,59091,5909,65000,00
2025-07-26 13:56:11,현대,9440-27**-****-8402,27314345,승인,50000,5000,55000,06
2025-07-26 14:00:16,신한,9411-22**-****-7382,68504716,승인,59091,5909,65000,00
2025-07-26 14:02:14,하나,4568-85**-****-9708,12507322,승인,6364,636,7000,00
2025-07-26 14:21:47,KB국민,5370-52**-****-2897,31361738,승인,50000,5000,55000,03
2025-07-26 15:02:09,삼성,5765-97**-****-5451,29105286,승인,50000,5000,55000,00
2025-07-26 16:10:45,신한,5563-27**-****-3664,98672138,승인,59091,5909,65000,00
2025-07-26 17:19:15,NH,5765-73**-****-6014,64303404,승인,59091,5909,65000,00
2025-07-26 17:37:29,삼성,5765-47**-****-5708,54464700,승인,36364,3636,40000,00
2025-07-26 17:45:10,현대,9440-51**-****-7480,18888220,승인,72727,7273,80000,00
2025-07-26 17:57:50,현대,4214-11**-****-6006,43383873,승인,63636,6364,70000,00
2025-07-26 18:06:21,KB국민,4569-84**-****-3338,65415031,승인,40909,4091,45000,00
2025-07-26 18:53:34,삼성,9430-32**-****-3150,91759024,승인,16364,1636,18000,00
2025-07-26 20:10:33,KB국민,4569-25**-****-2571,58139173,승인,36364,3636,40000,00
2025-07-26 20:20:32,BC,6243-80**-****-9901,82249792,승인,63636,6364,70000,00
2025-07-26 20:35:59,신한,5563-68**-****-4163,96962570,승인,36364,3636,40000,00
2025-07-26 21:02:32,현대,6011-42**-****-9810,27300390,승인,40909,4091,45000,00
2025-07-26 21:40:17,하나,9480-65**-****-2879,86923860,승인,50000,5000,55000,00
2025-07-26 22:01:16,BC,6243-10**-****-9314,89592307,승인,13636,1364,15000,00
2025-07-26 22:14:23,하나,4568-86**-****-6971,34299673,승인,13636,1364,15000,00
2025-07-27 11:58:57,현대,4214-73**-****-4886,88837549,승인,36364,3636,40000,00
2025-07-27 12:57:12,KB국민,9420-26**-****-6571,84400326,승인,16364,1636,18000,00
2025-07-27 13:02:28,KB국민,9420-27**-****-7980,61754540,승인,63636,6364,70000,00
2025-07-27 15:37:39,롯데,4280-49**-****-5139,47192240,승인,54545,5455,60000,00
2025-07-27 17:16:20,삼성,9430-80**-****-1009,86502371,승인,40909,4091,45000,00
2025-07-27 17:20:28,KB국민,5370-97**-****-2752,35282178,승인,72727,7273,80000,00
2025-07-27 18:24:06,신한,9411-72**-****-1042,78163958,승인,9091,909,10000,00
2025-07-27 18:24:37,삼성,9410-51**-****-9209,47919353,승인,7273,727,8000,00
2025-07-27 18:40:40,롯데,5284-56**-****-8031,77951960,승인,27273,2727,30000,00
2025-07-27 18:44:13,하나,5320-97**-****-2603,72541552,승인,4545,455,5000,00
2025-07-27 19:01:59,신한,5563-36**-****-9444,92037083,승인,10909,1091,12000,00
2025-07-27 19:04:08,삼성,9430-59**-****-5600,24203908,승인,50000,5000,55000,00
2025-07-27 19:34:49,롯데,5284-99**-****-7486,42576351,승인,54545,5455,60000,00
2025-07-27 19:59:21,NH,9470-76**-****-4461,75196261,승인,63636,6364,70000,00
2025-07-27 19:59:21,현대,4214-82**-****-6810,24646532,승인,54545,5455,60000,00
2025-07-27 20:12:24,삼성,9410-68**-****-5461,68065670,승인,63636,6364,70000,00
2025-07-27 20:28:32,NH,4547-63**-****-6404,99388087,승인,9091,909,10000,00
2025-07-27 20:37:51,삼성,9430-62**-****-8663,29165758,승인,50000,5000,55000,00
2025-07-27 20:47:15,KB국민,9420-69**-****-3074,24110651,승인,72727,7273,80000,00
2025-07-27 20:56:33,NH,4547-60**-****-9390,78790548,승인,59091,5909,65000,00
2025-07-27 22:35:04,KB국민,4569-49**-****-4573,15226870,승인,16364,1636,18000,00
2025-07-27 22:54:22,NH,4547-33**-****-3750,25607603,승인,72727,7273,80000,03
2025-07-28 13:10:06,KB국민,9420-91**-****-2527,29793750,승인,22727,2273,25000,00
2025-07-28 13:26:19,NH,4547-70**-****-5490,62563413,승인,10909,1091,12000,00
2025-07-28 15:48:08,신한,9411-40**-****-8513,52085575,승인,40909,4091,45000,00
2025-07-28 16:28:02,삼성,9430-70**-****-2860,43752598,승인,31818,3182,35000,00
2025-07-28 17:39:21,KB국민,9420-50**-****-6848,59411511,승인,36364,3636,40000,00
2025-07-28 19:12:08,신한,4563-19**-****-8983,49194152,승인,40909,4091,45000,00
2025-07-28 19:45:21,신한,4563-43**-****-3553,89756942,승인,36364,3636,40000,00
2025-07-29 12:43:11,삼성,9430-53**-****-7136,13135833,승인,7273,727,8000,00
2025-07-29 16:28:47,삼성,9410-29**-****-3766,82614526,승인,40909,4091,45000,00
2025-07-29 17:29:49,삼성,5765-13**-****-8573,19010715,승인,27273,2727,30000,00
2025-07-29 18:03:08,신한,9411-73**-****-9187,75402764,승인,50000,5000,55000,00
2025-07-29 18:44:47,KB국민,4569-64**-****-3328,85538523,승인,9091,909,10000,00
2025-07-29 19:15:42,NH,4547-51**-****-7057,55648706,승인,36364,3636,40000,00
2025-07-29 19:41:45,신한,4563-63**-****-5641,84820644,승인,36364,3636,40000,00
2025-07-29 20:12:36,삼성,5765-14**-****-7734,13923420,승인,27273,2727,30000,00
2025-07-29 20:38:51,NH,5765-72**-****-3242,65021554,승인,45455,4545,50000,00
2025-07-30 11:13:37,신한,5563-68**-****-1543,68575790,승인,31818,3182,35000,00
2025-07-30 13:58:26,BC,6243-28**-****-3063,78572891,승인,27273,2727,30000,00
2025-07-30 14:15:48,KB국민,9420-86**-****-2188,31146177,승인,31818,3182,35000,00
2025-07-30 15:29:28,신한,9411-46**-****-6170,93274386,승인,10909,1091,12000,00
2025-07-30 18:24:50,삼성,9410-71**-****-1407,21413833,승인,54545,5455,60000,06
2025-07-30 18:31:47,KB국민,4569-80**-****-3728,29500942,승인,22727,2273,25000,00
2025-07-30 19:57:10,KB국민,9420-80**-****-2210,97114476,승인,36364,3636,40000,00
2025-07-31 11:18:16,현대,4214-84**-****-9245,53492445,승인,40909,4091,45000,00
2025-07-31 12:57:39,KB국민,5370-49**-****-9941,30812231,승인,45455,4545,50000,00
2025-07-31 13:42:33,하나,9480-83**-****-7904,84276934,승인,27273,2727,30000,00
2025-07-31 13:56:17,KB국민,9420-98**-****-7831,12610868,승인,40909,4091,45000,00
2025-07-31 17:03:50,삼성,9410-97**-****-7570,19556411,승인,27273,2727,30000,00
2025-07-31 17:28:35,현대,6011-43**-****-9787,11891665,승인,50000,5000,55000,00
2025-07-31 17:51:44,신한,4563-16**-****-8506,68247317,승인,54545,5455,60000,00
2025-07-31 19:48:24,삼성,9410-53**-****-1021,36289915,승인,10909,1091,12000,00
2025-07-31 19:56:53,KB국민,4569-32**-****-6613,58558251,승인,45455,4545,50000,00
2025-08-01 12:06:31,롯데,9450-11**-****-3893,59959060,승인,22727,2273,25000,00
2025-08-01 12:22:42,KB국민,5370-97**-****-4762,92916171,승인,10909,1091,12000,00
2025-08-01 12:39:35,KB국민,5370-70**-****-2941,10157662,승인,54545,5455,60000,00
2025-08-01 12:53:41,신한,5563-91**-****-7024,18603895,승인,63636,6364,70000,00
2025-08-01 13:37:33,NH,4547-81**-****-3187,58447730,승인,50000,5000,55000,00
2025-08-01 14:05:00,현대,4214-89**-****-6971,90939475,승인,7273,727,8000,00
2025-08-01 15:23:43,삼성,9410-83**-****-2388,91058148,승인,54545,5455,60000,00
2025-08-01 15:35:37,롯데,5284-92**-****-3484,49415833,승인,59091,5909,65000,00
2025-08-01 15:59:49,롯데,5284-60**-****-7942,86964296,승인,27273,2727,30000,00
2025-08-01 17:07:22,KB국민,5370-21**-****-7002,35186520,승인,9091,909,10000,00
2025-08-01 17:42:03,하나,5320-16**-****-1008,72945676,승인,59091,5909,65000,00
2025-08-01 18:06:46,KB국민,4569-46**-****-1953,40345133,승인,36364,3636,40000,00
2025-08-01 18:27:02,KB국민,9420-11**-****-9442,37013300,승인,59091,5909,65000,00
2025-08-01 18:41:29,현대,6011-51**-****-7918,89859954,승인,13636,1364,15000,00
2025-08-01 19:43:39,현대,9440-46**-****-1920,21191155,승인,10909,1091,12000,00
2025-08-01 19:49:46,KB국민,4569-15**-****-3794,74362557,승인,63636,6364,70000,00
2025-08-01 20:28:47,신한,9411-29**-****-6677,61482947,승인,10909,1091,12000,00
2025-08-02 12:03:58,BC,6243-62**-****-5100,66947358,승인,59091,5909,65000,00
2025-08-02 12:45:08,현대,4214-41**-****-4953,17094418,승인,18182,1818,20000,00
2025-08-02 13:04:54,KB국민,9420-45**-****-9844,69976056,승인,54545,5455,60000,00
2025-08-02 14:29:21,하나,5320-42**-****-4420,60583560,승인,6364,636,7000,00
2025-08-02 14:47:02,KB국민,5370-36**-****-8155,34515854,승인,59091,5909,65000,00
2025-08-02 15:08:02,KB국민,5370-36**-****-8155,34515854,취소,59091,5909,65000,00
2025-08-02 15:28:43,BC,6243-18**-****-9061,82060922,승인,7273,727,8000,00
2025-08-02 15:32:16,롯데,9450-10**-****-5548,25508411,승인,72727,7273,80000,00
2025-08-02 15:37:39,KB국민,5370-74**-****-6528,63790137,승인,36364,3636,40000,00
2025-08-02 15:48:15,삼성,5765-22**-****-2790,25644418,승인,59091,5909,65000,00
2025-08-02 16:00:18,KB국민,5370-80**-****-8893,43832258,승인,45455,4545,50000,00
2025-08-02 16:42:02,KB국민,4569-75**-****-9457,20581831,승인,59091,5909,65000,00
2025-08-02 17:32:42,삼성,5765-93**-****-4253,46909642,승인,50000,5000,55000,00
2025-08-02 17:34:07,롯데,5284-21**-****-9133,71445558,승인,63636,6364,70000,06
2025-08-02 17:41:10,신한,4563-34**-****-7854,18405656,승인,10909,1091,12000,00
2025-08-02 18:15:27,KB국민,5370-62**-****-6900,84408215,승인,13636,1364,15000,00
2025-08-02 18:51:17,BC,9460-67**-****-7943,67426061,승인,59091,5909,65000,00
2025-08-02 19:21:39,KB국민,4569-23**-****-4802,60837295,승인,10909,1091,12000,00
2025-08-02 19:32:33,KB국민,4569-52**-****-8710,49351840,승인,72727,7273,80000,00
2025-08-02 19:50:56,삼성,9430-73**-****-4000,55090315,승인,45455,4545,50000,00
2025-08-02 19:54:34,BC,9460-28**-****-3559,98132864,승인,36364,3636,40000,00
2025-08-02 20:08:45,현대,9440-69**-****-2017,13788009,승인,7273,727,8000,00
2025-08-02 21:16:09,현대,6011-11**-****-3199,54955754,승인,59091,5909,65000,00
2025-08-02 21:18:34,BC,4556-23**-****-9979,91840281,승인,45455,4545,50000,00
2025-08-02 21:33:38,삼성,9430-46**-****-9650,49541343,승인,4545,455,5000,00
2025-08-02 21:39:35,KB국민,5370-55**-****-4977,87426850,승인,59091,5909,65000,00
2025-08-02 21:59:08,KB국민,5370-87**-****-6378,68379908,승인,50000,5000,55000,00
2025-08-03 13:10:58,KB국민,9420-59**-****-5464,89098795,승인,63636,6364,70000,06
2025-08-03 13:32:58,KB국민,4569-20**-****-8170,10973502,승인,72727,7273,80000,00
2025-08-03 13:34:44,신한,4563-13**-****-7204,42641876,승인,59091,5909,65000,00
2025-08-03 14:27:24,하나,4568-79**-****-8873,62237400,승인,63636,6364,70000,00
2025-08-03 14:44:00,KB국민,4569-16**-****-9840,63028461,승인,72727,7273,80000,00
2025-08-03 15:27:20,삼성,9410-32**-****-9556,55444584,승인,54545,5455,60000,00
2025-08-03 16:21:18,KB국민,9420-84**-****-4652,70380282,승인,63636,6364,70000,00
2025-08-03 17:20:44,신한,4563-61**-****-9414,60561023,승인,54545,5455,60000,00
2025-08-03 17:42:34,BC,6243-91**-****-6684,59430096,승인,50000,5000,55000,00
2025-08-03 17:50:55,KB국민,5370-45**-****-5866,79108609,승인,13636,1364,15000,00
2025-08-03 18:04:23,현대,4214-39**-****-8540,80819102,승인,63636,6364,70000,00
2025-08-03 18:21:57,삼성,9410-73**-****-8420,96478719,승인,63636,6364,70000,00
2025-08-03 18:44:28,삼성,9430-40**-****-3648,92538551,승인,4545,455,5000,00
2025-08-03 19:02:03,신한,4563-37**-****-8697,18173272,승인,54545,5455,60000,00
2025-08-03 19:04:44,신한,5563-55**-****-6411,81760722,승인,7273,727,8000,00
2025-08-03 19:57:16,KB국민,5370-33**-****-4395,33933142,승인,16364,1636,18000,00
2025-08-03 20:34:35,삼성,9410-30**-****-4434,12250909,승인,72727,7273,80000,00
2025-08-03 20:51:28,신한,9411-15**-****-5170,30453841,승인,36364,3636,40000,00
2025-08-03 21:21:09,신한,5563-96**-****-4608,32489763,승인,36364,3636,40000,00
2025-08-03 21:29:41,신한,9411-71**-****-7808,84882431,승인,36364,3636,40000,00
2025-08-03 21:38:33,삼성,9410-46**-****-9726,70264769,승인,54545,5455,60000,00
2025-08-03 21:49:29,롯데,9450-80**-****-3788,56223367,승인,50000,5000,55000,00
2025-08-04 13:14:15,KB국민,9420-51**-****-1873,83566672,승인,36364,3636,40000,00
2025-08-04 14:48:04,현대,9440-88**-****-2099,94443397,승인,16364,1636,18000,00
2025-08-04 15:51:12,KB국민,5370-91**-****-3118,98038377,승인,36364,3636,40000,00
2025-08-04 17:10:32,삼성,9430-87**-****-6993,67914063,승인,50000,5000,55000,00
2025-08-04 17:36:45,KB국민,4569-56**-****-9420,48416466,승인,6364,636,7000,00
2025-08-04 18:01:44,신한,5563-21**-****-9172,60455290,승인,36364,3636,40000,00
2025-08-04 19:05:19,KB국민,9420-50**-****-5847,29990089,승인,13636,1364,15000,00
2025-08-04 19:23:23,NH,4547-98**-****-4932,94448949,승인,36364,3636,40000,00
2025-08-04 19:23:29,현대,4214-82**-****-6580,56071537,승인,54545,5455,60000,00
2025-08-04 19:38:20,삼성,9410-38**-****-1773,42875162,승인,40909,4091,45000,00
2025-08-04 20:04:02,현대,4214-36**-****-4579,71342104,승인,54545,5455,60000,00
2025-08-04 20:43:53,하나,9480-62**-****-8998,13225177,승인,45455,4545,50000,00
2025-08-04 21:09:51,하나,5320-92**-****-9676,77192571,승인,4545,455,5000,00
2025-08-04 21:35:14,신한,9411-26**-****-6127,98960068,승인,27273,2727,30000,00
2025-08-05 12:51:58,NH,4547-62**-****-5955,11095361,승인,31818,3182,35000,00
2025-08-05 13:57:38,하나,9480-48**-****-4341,41302719,승인,6364,636,7000,00
2025-08-05 14:59:05,롯데,5284-11**-****-5681,33202555,승인,31818,3182,35000,00
2025-08-05 18:37:36,현대,4214-87**-****-8838,43941067,승인,36364,3636,40000,00
2025-08-05 18:49:27,신한,9411-21**-****-5104,33626002,승인,40909,4091,45000,00
2025-08-05 18:49:35,신한,9411-56**-****-4089,42476984,승인,40909,4091,45000,00
2025-08-05 20:05:52,NH,5765-55**-****-3699,74182273,승인,54545,5455,60000,00
2025-08-05 20:42:08,현대,4214-35**-****-8589,13452165,승인,50000,5000,55000,00
2025-08-06 15:51:16,신한,9411-76**-****-5195,73719766,승인,45455,4545,50000,06
2025-08-06 16:55:01,신한,9411-12**-****-3603,43422280,승인,27273,2727,30000,00
2025-08-06 17:03:19,NH,9470-93**-****-1185,39213165,승인,36364,3636,40000,00
2025-08-06 17:35:46,삼성,9410-65**-****-4825,94025036,승인,40909,4091,45000,00
2025-08-06 18:05:11,신한,9411-29**-****-2908,13478911,승인,50000,5000,55000,00
2025-08-06 18:12:13,롯데,4280-69**-****-3881,67380624,승인,54545,5455,60000,00
2025-08-06 18:14:04,롯데,9450-60**-****-2927,13502744,승인,16364,1636,18000,00
2025-08-06 19:19:35,삼성,5765-81**-****-1831,83153456,승인,36364,3636,40000,00
2025-08-06 19:45:04,신한,4563-34**-****-3585,25705784,승인,54545,5455,60000,00
2025-08-06 19:57:36,현대,6011-47**-****-8850,14800258,승인,36364,3636,40000,00
2025-08-06 20:06:43,BC,9460-34**-****-4554,53074957,승인,54545,5455,60000,03
2025-08-06 20:22:03,KB국민,9420-55**-****-3514,97646698,승인,18182,1818,20000,00
2025-08-06 20:39:05,KB국민,5370-21**-****-1646,48923027,승인,40909,4091,45000,00
2025-08-06 20:42:31,롯데,9450-50**-****-1898,68987671,승인,22727,2273,25000,00
2025-08-07 10:38:38,KB국민,9420-60**-****-7502,91147508,승인,36364,3636,40000,00
2025-08-07 13:43:20,BC,6243-18**-****-9117,46822400,승인,45455,4545,50000,00
2025-08-07 15:45:08,신한,4563-13**-****-1971,76189777,승인,31818,3182,35000,00
2025-08-07 19:35:12,BC,9460-69**-****-4987,54970155,승인,27273,2727,30000,00
2025-08-07 19:35:26,신한,9411-37**-****-5886,14109854,승인,40909,4091,45000,00
2025-08-07 20:25:21,롯데,5284-99**-****-5674,82707266,승인,22727,2273,25000,00
2025-08-07 20:36:39,BC,4556-69**-****-7536,13048073,승인,50000,5000,55000,00
2025-08-08 10:16:44,KB국민,9420-62**-****-6098,66517961,승인,50000,5000,55000,00
2025-08-08 16:51:43,현대,4214-53**-****-5600,86048097,승인,10909,1091,12000,00
2025-08-08 17:06:19,NH,9470-19**-****-7144,21989127,승인,16364,1636,18000,00
2025-08-08 17:22:58,삼성,9430-41**-****-9204,60972517,승인,10909,1091,12000,00
2025-08-08 18:05:08,KB국민,5370-52**-****-8493,56332924,승인,36364,3636,40000,00
2025-08-08 18:07:47,신한,9411-66**-****-7059,33926002,승인,10909,1091,12000,00
2025-08-08 18:09:33,NH,9470-80**-****-7124,55320630,승인,59091,5909,65000,00
2025-08-08 18:10:25,롯데,5284-90**-****-6567,46186895,승인,4545,455,5000,00
2025-08-08 18:16:59,KB국민,5370-13**-****-5373,36629414,승인,9091,909,10000,00
2025-08-08 18:31:12,BC,9460-40**-****-3381,81388944,승인,63636,6364,70000,00
2025-08-08 18:45:19,현대,9440-63**-****-2190,82345360,승인,9091,909,10000,00
2025-08-08 20:22:20,신한,9411-13**-****-7894,38826107,승인,40909,4091,45000,00
2025-08-08 21:17:33,롯데,5284-60**-****-2609,40989300,승인,63636,6364,70000,00
2025-08-08 21:33:55,롯데,5284-81**-****-9890,37674589,승인,45455,4545,50000,00
2025-08-08 21:36:28,KB국민,4569-48**-****-9411,10653759,승인,72727,7273,80000,00
2025-08-09 11:26:51,BC,9460-45**-****-4941,80825374,승인,54545,5455,60000,00
2025-08-09 13:49:09,하나,5320-44**-****-8726,26872196,승인,50000,5000,55000,00
2025-08-09 14:01:49,KB국민,4569-79**-****-1543,25233976,승인,40909,4091,45000,00
2025-08-09 14:19:29,현대,9440-50**-****-4837,25776356,승인,54545,5455,60000,00
2025-08-09 14:19:59,신한,4563-23**-****-2338,88184991,승인,16364,1636,18000,00
2025-08-09 14:31:59,현대,6011-49**-****-3033,34325939,승인,59091,5909,65000,00
2025-08-09 14:45:57,신한,4563-79**-****-3453,37111068,승인,9091,909,10000,00
2025-08-09 14:46:46,BC,4556-96**-****-1614,80026835,승인,6364,636,7000,00
2025-08-09 15:46:52,NH,5765-33**-****-6512,42370017,승인,22727,2273,25000,00
2025-08-09 16:29:45,삼성,9410-76**-****-6597,85211270,승인,18182,1818,20000,00
2025-08-09 16:32:00,삼성,5765-92**-****-2095,69972380,승인,36364,3636,40000,00
2025-08-09 16:50:55,하나,4568-12**-****-8388,88581388,승인,36364,3636,40000,00
2025-08-09 17:00:14,BC,9460-92**-****-7777,28477327,승인,36364,3636,40000,00
2025-08-09 18:35:07,삼성,9410-51**-****-7792,60782232,승인,9091,909,10000,00
2025-08-09 19:22:16,현대,6011-47**-****-6395,28547302,승인,54545,5455,60000,00
2025-08-09 19:30:10,BC,6243-61**-****-6885,98373640,승인,22727,2273,25000,00
2025-08-09 19:35:17,BC,4556-11**-****-1555,66367745,승인,50000,5000,55000,00
2025-08-09 19:41:54,롯데,5284-39**-****-9689,81817128,승인,72727,7273,80000,00
2025-08-09 19:43:43,삼성,9430-69**-****-1209,84649979,승인,36364,3636,40000,00
2025-08-09 20:15:03,KB국민,4569-48**-****-3825,75695918,승인,27273,2727,30000,00
2025-08-09 20:17:04,KB국민,9420-24**-****-2979,65904618,승인,4545,455,5000,00
2025-08-09 20:45:13,BC,6243-87**-****-9427,75285294,승인,50000,5000,55000,00
2025-08-09 20:47:48,BC,4556-26**-****-8129,73706533,승인,72727,7273,80000,00
2025-08-09 20:55:49,신한,4563-99**-****-2472,48711031,승인,27273,2727,30000,00
2025-08-09 22:06:08,현대,4214-40**-****-2227,15496767,승인,54545,5455,60000,00
2025-08-10 10:48:47,KB국민,5370-76**-****-8985,18156510,승인,36364,3636,40000,00
2025-08-10 11:08:54,현대,4214-57**-****-3815,69498908,승인,63636,6364,70000,00
2025-08-10 12:37:17,KB국민,5370-49**-****-4175,54807825,승인,72727,7273,80000,00
2025-08-10 12:44:37,삼성,9410-14**-****-5112,37435977,승인,10909,1091,12000,00
2025-08-10 13:21:45,KB국민,9420-17**-****-1405,58071544,승인,50000,5000,55000,00
2025-08-10 13:27:23,KB국민,9420-68**-****-6914,18479515,승인,50000,5000,55000,00
2025-08-10 14:00:39,하나,4568-15**-****-5225,61150012,승인,36364,3636,40000,00
2025-08-10 14:41:31,현대,9440-69**-****-5413,39409858,승인,22727,2273,25000,00
2025-08-10 14:48:37,삼성,9410-70**-****-4758,17141275,승인,9091,909,10000,00
2025-08-10 14:49:33,KB국민,5370-96**-****-9147,33718135,승인,9091,909,10000,00
2025-08-10 14:59:06,삼성,5765-80**-****-1504,31934466,승인,45455,4545,50000,00
2025-08-10 15:05:27,삼성,9430-71**-****-7548,59405006,승인,59091,5909,65000,00
2025-08-10 15:09:43,KB국민,4569-97**-****-7707,33622643,승인,63636,6364,70000,00
2025-08-10 17:25:48,하나,9480-34**-****-1227,73402650,승인,45455,4545,50000,00
2025-08-10 17:27:30,신한,5563-30**-****-9353,77396777,승인,63636,6364,70000,00
2025-08-10 18:14:13,삼성,5765-99**-****-6815,63720221,승인,10909,1091,12000,00
2025-08-10 18:32:48,NH,4547-31**-****-4683,14910282,승인,63636,6364,70000,00
2025-08-10 18:51:32,KB국민,4569-91**-****-7531,21071555,승인,9091,909,10000,00
2025-08-10 18:53:50,KB국민,9420-44**-****-4843,77727211,승인,36364,3636,40000,00
2025-08-10 19:00:17,신한,9411-90**-****-3028,94120268,승인,9091,909,10000,00
2025-08-10 19:22:03,롯데,5284-60**-****-6575,52501664,승인,72727,7273,80000,00
2025-08-10 20:25:30,현대,6011-62**-****-7649,12621097,승인,36364,3636,40000,00
2025-08-10 20:48:09,신한,9411-88**-****-7507,40302080,승인,36364,3636,40000,00
2025-08-10 20:56:13,롯데,4280-34**-****-4422,28254014,승인,63636,6364,70000,00
2025-08-10 22:35:43,KB국민,9420-53**-****-3408,42514305,승인,72727,7273,80000,03
2025-08-11 11:13:45,현대,4214-92**-****-4247,90870850,승인,31818,3182,35000,00
2025-08-11 12:31:42,롯데,4280-65**-****-3577,48838001,승인,45455,4545,50000,00
2025-08-11 13:00:25,KB국민,9420-61**-****-9585,95617015,승인,40909,4091,45000,00
2025-08-11 14:06:20,KB국민,4569-96**-****-4965,69292856,승인,13636,1364,15000,00
2025-08-11 16:36:43,신한,5563-88**-****-5213,55206796,승인,16364,1636,18000,00
2025-08-11 17:33:23,신한,9411-81**-****-9620,38640008,승인,54545,5455,60000,00
2025-08-11 19:02:25,신한,4563-21**-****-8717,49975804,승인,50000,5000,55000,00
2025-08-11 19:23:48,BC,4556-20**-****-6944,14006860,승인,54545,5455,60000,00
2025-08-11 19:36:02,현대,6011-96**-****-8679,79508892,승인,40909,4091,45000,00
2025-08-11 20:36:43,KB국민,9420-88**-****-6871,21948990,승인,54545,5455,60000,00
2025-08-11 20:43:43,KB국민,4569-79**-****-7318,12222983,승인,36364,3636,40000,00
2025-08-11 21:00:14,신한,4563-70**-****-3402,61154893,승인,22727,2273,25000,00
2025-08-11 21:41:40,신한,4563-48**-****-6032,29338017,승인,50000,5000,55000,00
2025-08-11 21:43:13,현대,9440-31**-****-4899,22697413,승인,36364,3636,40000,00
2025-08-12 11:09:47,삼성,9410-36**-****-8663,61025475,승인,27273,2727,30000,00
2025-08-12 14:36:22,롯데,5284-56**-****-7795,68449103,승인,36364,3636,40000,00
2025-08-12 14:46:13,NH,4547-82**-****-5389,38699384,승인,36364,3636,40000,00
2025-08-12 16:33:27,현대,6011-66**-****-1375,37900202,승인,40909,4091,45000,00
2025-08-12 18:39:23,삼성,9430-88**-****-1954,13115044,승인,10909,1091,12000,00
2025-08-12 19:04:27,삼성,9410-87**-****-1546,11392713,승인,50000,5000,55000,00
2025-08-12 19:14:43,신한,4563-36**-****-8556,34949400,승인,40909,4091,45000,00
2025-08-12 20:41:23,삼성,9410-72**-****-9413,39152148,승인,40909,4091,45000,00
2025-08-12 22:47:09,신한,4563-95**-****-4239,72951949,승인,50000,5000,55000,00
2025-08-13 10:34:02,신한,4563-89**-****-7874,49022112,승인,31818,3182,35000,00
2025-08-13 14:02:25,롯데,9450-40**-****-3454,16050375,승인,31818,3182,35000,00
2025-08-13 14:06:43,KB국민,5370-67**-****-9264,18522518,승인,36364,3636,40000,00
2025-08-13 15:52:16,삼성,9430-50**-****-9324,93076699,승인,36364,3636,40000,00
2025-08-13 16:55:14,신한,4563-32**-****-6406,25045536,승인,36364,3636,40000,00
2025-08-13 17:00:57,KB국민,5370-71**-****-4472,64004006,승인,10909,1091,12000,00
2025-08-13 18:36:41,BC,4556-43**-****-3709,39835439,승인,54545,5455,60000,00
2025-08-13 19:14:34,롯데,4280-26**-****-6334,77266361,승인,50000,5000,55000,00
2025-08-13 20:19:47,KB국민,9420-40**-****-9232,69735019,승인,50000,5000,55000,00
2025-08-13 20:45:17,KB국민,4569-73**-****-5176,38643142,승인,50000,5000,55000,00
2025-08-13 21:01:42,KB국민,5370-66**-****-4135,82789000,승인,45455,4545,50000,00
2025-08-13 21:18:58,현대,9440-54**-****-5678,75879752,승인,45455,4545,50000,00
2025-08-14 10:56:56,삼성,9430-69**-****-6796,22707317,승인,27273,2727,30000,00
2025-08-14 13:27:50,삼성,9410-11**-****-9786,96169176,승인,18182,1818,20000,00
2025-08-14 13:34:26,삼성,9410-50**-****-9447,52366285,승인,40909,4091,45000,00
2025-08-14 14:51:21,하나,9480-99**-****-7636,52011449,승인,27273,2727,30000,00
2025-08-14 16:09:38,현대,6011-12**-****-6990,75819796,승인,9091,909,10000,00
2025-08-14 16:36:06,신한,5563-78**-****-7746,68790343,승인,27273,2727,30000,00
2025-08-14 17:58:37,현대,9440-20**-****-7980,34999755,승인,36364,3636,40000,00
2025-08-14 19:49:37,신한,4563-14**-****-7122,57813944,승인,6364,636,7000,00
2025-08-14 20:49:55,삼성,9430-34**-****-8895,79613135,승인,36364,3636,40000,00
2025-08-14 21:02:02,삼성,9410-37**-****-4520,60037289,승인,45455,4545,50000,00
2025-08-14 22:05:58,KB국민,9420-86**-****-2484,49621558,승인,45455,4545,50000,00
2025-08-14 22:35:50,현대,6011-91**-****-2149,85568469,승인,50000,5000,55000,00
2025-08-15 12:44:58,NH,5765-14**-****-3151,97196767,승인,45455,4545,50000,00
2025-08-15 13:27:03,KB국민,5370-95**-****-3158,96579801,승인,40909,4091,45000,00
2025-08-15 14:04:09,BC,4556-76**-****-1096,26434846,승인,4545,455,5000,00
2025-08-15 14:08:02,삼성,9430-70**-****-2196,76575577,승인,54545,5455,60000,03
2025-08-15 15:03:24,하나,4568-31**-****-2528,24786421,승인,59091,5909,65000,00
2025-08-15 16:35:22,삼성,5765-59**-****-1113,63610121,승인,63636,6364,70000,00
2025-08-15 17:09:37,신한,9411-83**-****-5578,57380788,승인,50000,5000,55000,00
2025-08-15 17:17:49,하나,5320-42**-****-1218,44240120,승인,6364,636,7000,00
2025-08-15 18:06:16,BC,6243-44**-****-4868,67022682,승인,4545,455,5000,00
2025-08-15 18:16:17,BC,9460-11**-****-7618,89272018,승인,27273,2727,30000,00
2025-08-15 18:25:55,삼성,9430-13**-****-6886,56141360,승인,22727,2273,25000,00
2025-08-15 18:44:32,BC,6243-91**-****-7339,24460272,승인,40909,4091,45000,00
2025-08-15 19:08:03,롯데,5284-86**-****-6584,67777350,승인,63636,6364,70000,00
2025-08-15 19:51:26,BC,6243-98**-****-2234,92031834,승인,4545,455,5000,00
2025-08-15 19:54:47,BC,6243-62**-****-1569,27676868,승인,13636,1364,15000,00
2025-08-15 20:55:43,신한,4563-73**-****-9322,87954885,승인,50000,5000,55000,00
2025-08-16 11:23:52,하나,5320-51**-****-3416,29858736,승인,72727,7273,80000,00
2025-08-16 11:25:23,삼성,9430-15**-****-5839,31224800,승인,63636,6364,70000,00
2025-08-16 13:00:02,KB국민,4569-62**-****-3664,56144542,승인,27273,2727,30000,00
2025-08-16 13:17:05,삼성,9410-89**-****-5757,58195802,승인,54545,5455,60000,00
2025-08-16 13:24:24,롯데,5284-34**-****-1129,51398319,승인,45455,4545,50000,00
2025-08-16 15:12:21,신한,9411-76**-****-1011,53087794,승인,45455,4545,50000,00
2025-08-16 15:58:51,현대,6011-71**-****-8628,89422115,승인,9091,909,10000,00
2025-08-16 16:27:38,현대,4214-72**-****-1665,44613622,승인,50000,5000,55000,00
2025-08-16 17:24:38,BC,4556-15**-****-4198,22848155,승인,40909,4091,45000,00
2025-08-16 17:54:18,삼성,9430-70**-****-3022,49391979,승인,72727,7273,80000,00
2025-08-16 17:55:41,NH,9470-46**-****-9743,70953552,승인,72727,7273,80000,00
2025-08-16 19:08:17,BC,6243-71**-****-7767,97304191,승인,63636,6364,70000,00
2025-08-16 19:24:56,KB국민,5370-59**-****-8307,21381979,승인,59091,5909,65000,06
2025-08-16 19:53:39,신한,9411-25**-****-3078,10889695,승인,50000,5000,55000,00
2025-08-16 19:56:09,NH,9470-45**-****-2785,95989974,승인,54545,5455,60000,00
2025-08-16 20:09:44,삼성,9410-24**-****-2583,67322256,승인,10909,1091,12000,00
2025-08-16 20:12:46,KB국민,4569-12**-****-7778,54209592,승인,40909,4091,45000,00
2025-08-16 20:17:55,BC,6243-75**-****-8954,39856133,승인,4545,455,5000,00
2025-08-16 20:33:53,현대,4214-23**-****-3945,58582191,승인,54545,5455,60000,00
2025-08-16 21:09:14,신한,5563-20**-****-9471,77410619,승인,6364,636,7000,00
2025-08-16 22:03:21,삼성,5765-52**-****-4730,36738600,승인,45455,4545,50000,00
2025-08-16 22:33:49,롯데,5284-96**-****-4556,54626867,승인,27273,2727,30000,00
2025-08-17 11:01:48,롯데,4280-38**-****-5956,49526156,승인,36364,3636,40000,00
2025-08-17 12:53:52,현대,4214-23**-****-4106,59850841,승인,50000,5000,55000,00
2025-08-17 15:02:59,삼성,9430-97**-****-4387,25791975,승인,18182,1818,20000,00
2025-08-17 15:16:14,현대,9440-59**-****-1249,20954788,승인,36364,3636,40000,00
2025-08-17 15:18:22,KB국민,4569-55**-****-6011,71922800,승인,45455,4545,50000,00
2025-08-17 15:29:27,KB국민,4569-84**-****-5726,16044658,승인,9091,909,10000,00
2025-08-17 15:52:15,롯데,9450-88**-****-8080,72733792,승인,54545,5455,60000,00
2025-08-17 16:38:31,롯데,5284-90**-****-7772,19236767,승인,59091,5909,65000,00
2025-08-17 16:44:52,삼성,9410-50**-****-8743,37864566,승인,72727,7273,80000,00
2025-08-17 16:59:13,삼성,9430-25**-****-2584,58643806,승인,50000,5000,55000,00
2025-08-17 17:24:45,KB국민,9420-73**-****-9945,50161712,승인,36364,3636,40000,00
2025-08-17 17:48:22,삼성,5765-58**-****-8361,28689791,승인,16364,1636,18000,00
2025-08-17 18:54:31,삼성,9410-61**-****-4623,61673279,승인,10909,1091,12000,00
2025-08-17 19:12:20,삼성,9430-96**-****-9624,84772521,승인,40909,4091,45000,00
2025-08-17 20:11:32,삼성,9430-70**-****-7499,68404599,승인,72727,7273,80000,00
2025-08-17 20:33:32,BC,4556-61**-****-9384,17205793,승인,40909,4091,45000,00
2025-08-17 20:35:01,삼성,9430-39**-****-6988,84359161,승인,59091,5909,65000,00
2025-08-17 20:45:08,삼성,9410-47**-****-8876,21032632,승인,63636,6364,70000,00
2025-08-17 21:13:13,삼성,9410-87**-****-4753,53150061,승인,6364,636,7000,00
2025-08-17 21:59:51,삼성,5765-73**-****-3514,91470757,승인,7273,727,8000,00
2025-08-17 22:09:12,BC,4556-33**-****-5840,27214969,승인,72727,7273,80000,00
2025-08-17 22:46:56,신한,4563-49**-****-8591,71717565,승인,22727,2273,25000,00
2025-08-17 22:49:55,BC,6243-74**-****-5923,80152714,승인,59091,5909,65000,00
2025-08-18 13:11:50,삼성,9410-63**-****-9248,82099745,승인,45455,4545,50000,00
2025-08-18 14:35:50,롯데,9450-43**-****-7990,38923078,승인,36364,3636,40000,00
2025-08-18 14:39:15,KB국민,5370-36**-****-2710,65044458,승인,40909,4091,45000,00
2025-08-18 15:44:25,KB국민,5370-61**-****-9009,71903361,승인,13636,1364,15000,00
2025-08-18 17:31:30,신한,9411-81**-****-6912,67062040,승인,18182,1818,20000,00
2025-08-18 19:12:54,NH,5765-92**-****-6900,88682392,승인,36364,3636,40000,00
2025-08-18 19:14:50,신한,9411-98**-****-2362,65132577,승인,50000,5000,55000,00
2025-08-18 19:16:13,KB국민,9420-24**-****-2500,79907940,승인,45455,4545,50000,00
2025-08-18 19:55:51,신한,4563-25**-****-3970,13904296,승인,50000,5000,55000,00
2025-08-18 20:37:22,롯데,4280-83**-****-7099,44629378,승인,45455,4545,50000,00
2025-08-18 21:47:15,KB국민,9420-49**-****-1310,85042631,승인,50000,5000,55000,00
2025-08-18 22:02:56,KB국민,5370-35**-****-3977,43873135,승인,45455,4545,50000,00
2025-08-18 22:27:36,현대,9440-61**-****-7591,98601536,승인,40909,4091,45000,00
2025-08-19 10:51:31,삼성,9410-22**-****-1543,20065776,승인,40909,4091,45000,00
2025-08-19 10:53:40,KB국민,4569-77**-****-4672,98782416,승인,45455,4545,50000,00
2025-08-19 12:39:06,신한,9411-46**-****-6043,34619380,승인,36364,3636,40000,00
2025-08-19 14:02:37,삼성,9410-68**-****-4173,34320824,승인,16364,1636,18000,00
2025-08-19 18:19:11,롯데,9450-87**-****-4284,91461049,승인,50000,5000,55000,00
2025-08-19 18:38:04,신한,5563-80**-****-1384,97557905,승인,54545,5455,60000,00
2025-08-19 20:26:16,현대,4214-21**-****-1209,10340347,승인,50000,5000,55000,00
2025-08-19 21:24:29,NH,5765-59**-****-4787,70678573,승인,54545,5455,60000,00
2025-08-19 21:33:25,BC,4556-68**-****-5097,91282269,승인,36364,3636,40000,00
2025-08-20 11:32:51,KB국민,4569-44**-****-3592,58730705,승인,40909,4091,45000,00
2025-08-20 15:31:03,KB국민,5370-60**-****-9028,76141777,승인,31818,3182,35000,00
2025-08-20 18:07:07,신한,4563-36**-****-9177,93933108,승인,45455,4545,50000,00
2025-08-20 18:30:55,신한,5563-62**-****-4187,46749707,승인,54545,5455,60000,00
2025-08-20 18:44:34,KB국민,9420-35**-****-8770,56542534,승인,54545,5455,60000,06
2025-08-20 19:24:24,신한,5563-66**-****-5343,20510156,승인,27273,2727,30000,00
2025-08-20 19:30:06,신한,5563-30**-****-4202,75618063,승인,45455,4545,50000,00
2025-08-20 19:56:51,KB국민,4569-76**-****-6485,69653046,승인,13636,1364,15000,00
2025-08-20 20:46:53,삼성,9430-53**-****-9322,64532784,승인,50000,5000,55000,00
2025-08-21 14:51:56,삼성,9410-37**-****-7329,33713307,승인,36364,3636,40000,00
2025-08-21 15:31:10,현대,4214-88**-****-9588,63467481,승인,45455,4545,50000,00
2025-08-21 16:14:41,신한,9411-54**-****-8224,47535023,승인,45455,4545,50000,00
2025-08-21 16:25:37,신한,5563-41**-****-2980,64637585,승인,31818,3182,35000,00
2025-08-21 18:02:49,KB국민,9420-35**-****-4537,81629042,승인,50000,5000,55000,00
2025-08-21 18:55:34,현대,4214-35**-****-4374,49104517,승인,18182,1818,20000,00
2025-08-21 19:19:47,삼성,9410-38**-****-8777,71551989,승인,54545,5455,60000,00
2025-08-21 20:45:16,신한,9411-62**-****-3312,58447788,승인,4545,455,5000,00
2025-08-21 21:29:17,신한,4563-14**-****-8075,43237682,승인,16364,1636,18000,00
2025-08-21 21:58:16,현대,9440-13**-****-5148,58928382,승인,45455,4545,50000,00
2025-08-22 12:54:58,하나,5320-40**-****-3987,63569894,승인,40909,4091,45000,00
2025-08-22 14:11:32,현대,9440-67**-****-2928,84367496,승인,4545,455,5000,00
2025-08-22 14:21:01,현대,6011-62**-****-4005,14255282,승인,59091,5909,65000,00
2025-08-22 14:29:01,BC,4556-17**-****-8707,74543341,승인,63636,6364,70000,00
2025-08-22 14:50:36,신한,9411-83**-****-1879,48074502,승인,72727,7273,80000,00
2025-08-22 15:31:02,KB국민,9420-66**-****-5937,81257274,승인,18182,1818,20000,00
2025-08-22 15:56:20,BC,6243-77**-****-8750,89194111,승인,72727,7273,80000,00
2025-08-22 17:32:28,신한,5563-11**-****-9274,75669891,승인,4545,455,5000,00
2025-08-22 17:55:21,현대,9440-43**-****-5768,93240636,승인,10909,1091,12000,00
2025-08-22 18:34:07,삼성,5765-85**-****-5298,71939315,승인,59091,5909,65000,00
2025-08-22 18:40:30,KB국민,5370-21**-****-7997,45377880,승인,50000,5000,55000,00
2025-08-22 18:48:02,BC,4556-13**-****-2951,67353357,승인,16364,1636,18000,00
2025-08-22 19:32:12,신한,5563-69**-****-6755,38597332,승인,4545,455,5000,00
2025-08-22 19:37:33,하나,5320-41**-****-4393,76871217,승인,54545,5455,60000,00
2025-08-22 20:04:03,삼성,5765-65**-****-9015,16029145,승인,40909,4091,45000,00
2025-08-22 21:55:13,삼성,9430-42**-****-8564,58843914,승인,40909,4091,45000,00
2025-08-23 10:09:55,신한,4563-12**-****-1071,49219254,승인,59091,5909,65000,00
2025-08-23 10:11:40,KB국민,4569-10**-****-8138,55939770,승인,36364,3636,40000,00
2025-08-23 11:08:38,KB국민,9420-41**-****-3705,58078997,승인,63636,6364,70000,00
2025-08-23 13:05:42,현대,6011-76**-****-7299,26953735,승인,45455,4545,50000,00
2025-08-23 13:39:39,삼성,9430-36**-****-3604,97103763,승인,36364,3636,40000,00
2025-08-23 16:18:45,신한,4563-86**-****-8953,70004839,승인,72727,7273,80000,00
2025-08-23 16:21:37,신한,5563-83**-****-3030,66803883,승인,36364,3636,40000,00
2025-08-23 16:55:23,현대,6011-94**-****-9617,20638875,승인,59091,5909,65000,00
2025-08-23 18:08:41,신한,5563-15**-****-5759,41853502,승인,10909,1091,12000,00
2025-08-23 19:21:00,KB국민,4569-51**-****-2886,14086791,승인,10909,1091,12000,00
2025-08-23 19:49:59,신한,4563-75**-****-9328,20442542,승인,9091,909,10000,00
2025-08-23 19:51:22,BC,9460-36**-****-8584,31924788,승인,54545,5455,60000,00
2025-08-23 20:03:19,롯데,9450-17**-****-4891,56518542,승인,40909,4091,45000,00
2025-08-23 20:23:54,KB국민,4569-96**-****-3381,35205271,승인,40909,4091,45000,00
2025-08-23 20:32:48,현대,4214-52**-****-8186,50268684,승인,7273,727,8000,00
2025-08-23 20:32:53,하나,9480-85**-****-6168,38938963,승인,54545,5455,60000,00
2025-08-23 20:50:24,신한,4563-76**-****-9068,53704248,승인,54545,5455,60000,00
2025-08-23 20:54:53,BC,6243-59**-****-8429,23866583,승인,59091,5909,65000,00
2025-08-23 20:55:08,NH,5765-22**-****-6816,77705230,승인,63636,6364,70000,00
2025-08-23 21:01:28,KB국민,4569-55**-****-6679,90709734,승인,16364,1636,18000,00
2025-08-23 21:25:22,하나,9480-86**-****-8211,96257313,승인,54545,5455,60000,00
2025-08-23 21:37:51,신한,5563-40**-****-6364,80634321,승인,45455,4545,50000,00
2025-08-24 13:43:36,롯데,5284-29**-****-2923,54277370,승인,59091,5909,65000,00
2025-08-24 14:06:31,삼성,9430-53**-****-6972,84582694,승인,36364,3636,40000,00
2025-08-24 14:35:24,롯데,4280-18**-****-4974,99688266,승인,36364,3636,40000,00
2025-08-24 15:05:05,신한,9411-15**-****-3837,31711516,승인,6364,636,7000,00
2025-08-24 15:18:22,현대,4214-33**-****-8129,26512272,승인,59091,5909,65000,00
2025-08-24 15:56:17,롯데,4280-48**-****-4810,78787071,승인,7273,727,8000,00
2025-08-24 16:14:21,NH,4547-67**-****-8060,45367363,승인,36364,3636,40000,00
2025-08-24 16:28:33,롯데,5284-65**-****-8418,64248213,승인,6364,636,7000,00
2025-08-24 16:46:52,신한,9411-69**-****-5221,97005856,승인,16364,1636,18000,00
2025-08-24 17:03:02,현대,6011-37**-****-4888,86593214,승인,27273,2727,30000,00
2025-08-24 17:03:35,롯데,4280-13**-****-2501,77476898,승인,59091,5909,65000,00
2025-08-24 17:12:51,하나,4568-98**-****-2854,94237070,승인,40909,4091,45000,00
2025-08-24 17:31:37,신한,9411-79**-****-4869,85231220,승인,4545,455,5000,00
2025-08-24 17:35:42,신한,5563-99**-****-8924,65648320,승인,50000,5000,55000,00
2025-08-24 17:45:03,신한,4563-97**-****-6400,73290256,승인,54545,5455,60000,00
2025-08-24 18:09:54,롯데,9450-86**-****-8905,73073898,승인,54545,5455,60000,00
2025-08-24 18:19:36,KB국민,9420-65**-****-2728,67226620,승인,63636,6364,70000,00
2025-08-24 18:31:17,KB국민,4569-26**-****-2924,39101773,승인,59091,5909,65000,00
2025-08-24 18:49:10,현대,6011-84**-****-8484,41073228,승인,40909,4091,45000,00
2025-08-24 18:49:43,롯데,4280-62**-****-8112,42160967,승인,7273,727,8000,00
2025-08-24 19:01:31,현대,4214-86**-****-6966,48145817,승인,36364,3636,40000,00
2025-08-24 19:02:33,현대,9440-57**-****-7038,84070461,승인,59091,5909,65000,03
2025-08-24 19:11:18,롯데,5284-47**-****-8126,74523112,승인,7273,727,8000,00
2025-08-24 19:33:10,KB국민,9420-77**-****-4461,49883361,승인,6364,636,7000,00
2025-08-24 19:50:01,신한,9411-28**-****-9041,74783604,승인,63636,6364,70000,00
2025-08-25 12:44:35,KB국민,4569-88**-****-5466,86031434,승인,40909,4091,45000,00
2025-08-25 14:24:33,현대,4214-59**-****-5214,91854015,승인,40909,4091,45000,00
2025-08-25 14:50:36,현대,4214-65**-****-6411,64140124,승인,45455,4545,50000,00
2025-08-25 16:09:12,신한,5563-84**-****-7207,11491050,승인,45455,4545,50000,00
2025-08-25 17:43:00,NH,4547-26**-****-2099,63096404,승인,4545,455,5000,00
2025-08-25 18:03:59,롯데,5284-97**-****-7308,53694820,승인,10909,1091,12000,00
2025-08-25 19:04:13,KB국민,9420-51**-****-9533,76541443,승인,54545,5455,60000,00
2025-08-25 19:28:42,현대,6011-68**-****-7092,77433092,승인,16364,1636,18000,00
2025-08-25 19:30:41,신한,4563-37**-****-5324,65597155,승인,16364,1636,18000,00
2025-08-25 20:09:15,신한,5563-27**-****-9038,34929441,승인,40909,4091,45000,00
2025-08-25 20:36:51,신한,4563-63**-****-7397,99613408,승인,50000,5000,55000,00
2025-08-25 21:10:29,신한,9411-65**-****-5183,57664965,승인,4545,455,5000,00
2025-08-25 21:14:29,신한,5563-16**-****-5421,61916238,승인,40909,4091,45000,00
2025-08-25 22:33:04,현대,6011-27**-****-3982,87381687,승인,36364,3636,40000,00
2025-08-26 12:14:20,신한,5563-34**-****-5310,34914792,승인,45455,4545,50000,00
2025-08-26 12:25:02,현대,9440-56**-****-1625,30280473,승인,45455,4545,50000,06
2025-08-26 12:55:00,KB국민,9420-25**-****-7001,39638669,승인,18182,1818,20000,00
2025-08-26 13:05:33,신한,5563-84**-****-5841,64550003,승인,36364,3636,40000,00
2025-08-26 14:03:18,삼성,5765-65**-****-9357,69468763,승인,31818,3182,35000,00
2025-08-26 15:45:06,삼성,9410-20**-****-6337,94768182,승인,36364,3636,40000,00
2025-08-26 17:38:01,BC,4556-33**-****-1310,57157019,승인,13636,1364,15000,00
2025-08-26 18:36:33,현대,4214-57**-****-7698,94201426,승인,45455,4545,50000,00
2025-08-26 19:27:06,BC,9460-74**-****-6186,36003419,승인,6364,636,7000,00
2025-08-26 20:45:36,BC,4556-36**-****-7729,34986881,승인,54545,5455,60000,00
2025-08-26 21:42:37,롯데,9450-36**-****-4394,83546925,승인,36364,3636,40000,00
2025-08-27 15:39:08,신한,9411-62**-****-3942,67040531,승인,40909,4091,45000,00
2025-08-27 16:09:26,하나,9480-61**-****-4964,94430557,승인,18182,1818,20000,00
2025-08-27 17:25:54,삼성,9410-21**-****-7581,65542271,승인,36364,3636,40000,00
2025-08-27 19:09:57,삼성,5765-46**-****-8467,55520240,승인,40909,4091,45000,00
2025-08-27 20:12:52,삼성,9410-15**-****-3539,48039789,승인,50000,5000,55000,00
2025-08-27 22:21:32,KB국민,5370-68**-****-5104,53736624,승인,36364,3636,40000,00
2025-08-28 11:37:00,KB국민,5370-32**-****-2163,21170819,승인,36364,3636,40000,00
2025-08-28 14:11:25,KB국민,9420-90**-****-6477,54415010,승인,10909,1091,12000,00
2025-08-28 15:18:46,현대,4214-70**-****-6420,17524922,승인,45455,4545,50000,00
2025-08-28 17:20:07,삼성,9430-80**-****-8153,75421510,승인,36364,3636,40000,00
2025-08-28 19:05:54,KB국민,5370-40**-****-3952,58986173,승인,50000,5000,55000,00
2025-08-28 20:12:36,롯데,9450-90**-****-1273,59737790,승인,40909,4091,45000,00
2025-08-28 21:37:18,삼성,9410-39**-****-9650,14303988,승인,9091,909,10000,00
2025-08-29 11:41:09,롯데,9450-66**-****-5416,18252735,승인,40909,4091,45000,00
2025-08-29 13:11:21,KB국민,5370-90**-****-4476,85886368,승인,45455,4545,50000,00
2025-08-29 14:15:00,KB국민,9420-34**-****-5958,72473285,승인,59091,5909,65000,00
2025-08-29 16:06:31,하나,9480-99**-****-1500,19286441,승인,50000,5000,55000,00
2025-08-29 16:55:22,하나,4568-57**-****-4319,72691030,승인,7273,727,8000,00
2025-08-29 18:33:38,롯데,9450-54**-****-7319,94487435,승인,10909,1091,12000,00
2025-08-29 19:03:00,삼성,9430-67**-****-4822,70260178,승인,54545,5455,60000,00
2025-08-29 19:19:04,신한,4563-74**-****-9919,14399274,승인,40909,4091,45000,00
2025-08-29 20:05:28,KB국민,4569-57**-****-8281,14940572,승인,59091,5909,65000,00
2025-08-29 20:06:03,신한,4563-38**-****-5060,65921495,승인,50000,5000,55000,00
2025-08-29 20:12:15,KB국민,5370-46**-****-7156,96380268,승인,6364,636,7000,00
2025-08-29 22:43:22,NH,5765-58**-****-2375,91413200,승인,13636,1364,15000,00
2025-08-30 11:22:06,KB국민,9420-63**-****-9600,95760051,승인,63636,6364,70000,00
2025-08-30 11:31:28,현대,4214-99**-****-7395,85555285,승인,50000,5000,55000,00
2025-08-30 13:02:53,현대,9440-42**-****-7225,67147996,승인,40909,4091,45000,00
2025-08-30 13:48:35,KB국민,5370-92**-****-6258,62789827,승인,18182,1818,20000,00
2025-08-30 14:14:36,BC,9460-20**-****-4621,69122398,승인,7273,727,8000,00
2025-08-30 15:28:18,KB국민,9420-93**-****-6457,83828623,승인,72727,7273,80000,00
2025-08-30 15:59:46,롯데,4280-55**-****-3862,16024199,승인,72727,7273,80000,00
2025-08-30 16:34:15,KB국민,4569-32**-****-3034,57065854,승인,59091,5909,65000,00
2025-08-30 16:46:51,신한,5563-50**-****-1908,53708911,승인,18182,1818,20000,00
2025-08-30 17:10:03,KB국민,4569-72**-****-9992,44035081,승인,7273,727,8000,00
2025-08-30 18:04:37,BC,6243-16**-****-8657,16575212,승인,54545,5455,60000,03
2025-08-30 18:07:07,KB국민,4569-47**-****-4227,59444446,승인,7273,727,8000,00
2025-08-30 18:23:34,KB국민,9420-72**-****-2851,76657561,승인,40909,4091,45000,00
2025-08-30 18:32:51,신한,9411-52**-****-6397,33882168,승인,18182,1818,20000,00
2025-08-30 18:32:55,롯데,9450-65**-****-4609,10433223,승인,36364,3636,40000,00
2025-08-30 18:56:06,KB국민,4569-49**-****-7573,68252389,승인,40909,4091,45000,00
2025-08-30 19:07:09,BC,9460-82**-****-2458,66402140,승인,16364,1636,18000,00
2025-08-30 19:32:27,NH,9470-82**-****-5002,97378779,승인,13636,1364,15000,00
2025-08-30 19:37:52,삼성,9410-57**-****-4353,63857307,승인,45455,4545,50000,00
2025-08-30 20:26:01,하나,5320-18**-****-7275,26278067,승인,45455,4545,50000,00
2025-08-30 20:54:31,삼성,5765-27**-****-8604,61767398,승인,36364,3636,40000,00
2025-08-30 21:08:31,현대,4214-69**-****-9583,72403072,승인,63636,6364,70000,00
2025-08-30 21:20:27,현대,4214-84**-****-2813,98803554,승인,45455,4545,50000,00
2025-08-30 21:24:55,삼성,9410-70**-****-1202,82207079,승인,59091,5909,65000,00
2025-08-30 22:36:12,신한,5563-37**-****-1615,94169763,승인,9091,909,10000,00
2025-08-30 22:44:42,롯데,4280-68**-****-2292,50353310,승인,18182,1818,20000,00
2025-08-31 11:45:04,신한,4563-43**-****-8765,93514805,승인,36364,3636,40000,00
2025-08-31 13:21:25,KB국민,5370-65**-****-6528,43969546,승인,6364,636,7000,00
2025-08-31 14:15:36,삼성,9410-41**-****-8287,99443765,승인,10909,1091,12000,00
2025-08-31 14:17:53,삼성,9410-19**-****-9594,77770551,승인,45455,4545,50000,00
2025-08-31 14:36:06,KB국민,4569-76**-****-1078,82089297,승인,63636,6364,70000,00
2025-08-31 16:01:25,신한,5563-44**-****-5466,24247900,승인,54545,5455,60000,00
2025-08-31 16:17:24,NH,5765-43**-****-6579,73388942,승인,16364,1636,18000,00
2025-08-31 16:19:41,신한,5563-18**-****-2253,54348953,승인,59091,5909,65000,00
2025-08-31 16:23:25,현대,4214-97**-****-5690,31658922,승인,36364,3636,40000,00
2025-08-31 17:19:53,NH,4547-30**-****-7819,10435736,승인,13636,1364,15000,00
2025-08-31 17:49:22,KB국민,4569-19**-****-3186,44864205,승인,6364,636,7000,00
2025-08-31 18:02:54,NH,9470-75**-****-5451,14649226,승인,45455,4545,50000,00
2025-08-31 18:40:39,현대,6011-37**-****-2861,30887439,승인,63636,6364,70000,00
2025-08-31 19:05:33,신한,9411-96**-****-4577,36448791,승인,13636,1364,15000,00
2025-08-31 19:46:42,KB국민,5370-19**-****-9609,16908366,승인,4545,455,5000,00
2025-08-31 19:47:05,삼성,9410-47**-****-3710,94974316,승인,7273,727,8000,00
2025-08-31 20:12:24,KB국민,4569-88**-****-4054,44437861,승인,59091,5909,65000,00
2025-08-31 20:55:40,신한,4563-77**-****-4442,51162730,승인,50000,5000,55000,00
2025-08-31 20:56:40,삼성,9430-14**-****-9183,35320464,승인,40909,4091,45000,00
2025-08-31 21:07:53,신한,4563-89**-****-7379,32765630,승인,9091,909,10000,00
2025-09-01 10:05:13,하나,4568-84**-****-4105,26239958,승인,45455,4545,50000,00
2025-09-01 13:11:51,삼성,9430-87**-****-6356,23660839,승인,45455,4545,50000,00
2025-09-01 13:21:38,신한,4563-80**-****-6234,25646140,승인,27273,2727,30000,00
2025-09-01 15:10:26,삼성,9410-13**-****-3658,24505263,승인,36364,3636,40000,00
2025-09-01 15:22:25,롯데,9450-33**-****-5748,82899597,승인,22727,2273,25000,00
2025-09-01 17:32:32,KB국민,4569-19**-****-9908,82808093,승인,54545,5455,60000,00
2025-09-01 17:39:06,롯데,4280-52**-****-1975,33847686,승인,45455,4545,50000,00
2025-09-01 17:56:02,삼성,5765-99**-****-5959,51234862,승인,40909,4091,45000,00
2025-09-01 18:01:57,삼성,9410-50**-****-9476,28440709,승인,36364,3636,40000,00
2025-09-01 19:10:36,NH,9470-24**-****-5754,48150544,승인,54545,5455,60000,00
2025-09-01 20:19:37,삼성,5765-92**-****-2902,23776649,승인,40909,4091,45000,00
2025-09-01 21:19:17,삼성,9430-29**-****-4135,25257745,승인,54545,5455,60000,00
2025-09-02 12:28:41,삼성,9430-12**-****-1848,42360159,승인,36364,3636,40000,00
2025-09-02 13:46:56,KB국민,4569-20**-****-8808,94521185,승인,36364,3636,40000,00
2025-09-02 15:27:28,BC,4556-13**-****-7305,51733227,승인,27273,2727,30000,00
2025-09-02 15:49:10,하나,4568-42**-****-5045,31330685,승인,27273,2727,30000,00
2025-09-02 19:57:27,NH,5765-72**-****-9179,27997729,승인,50000,5000,55000,00
2025-09-02 20:39:58,현대,6011-73**-****-9769,95871390,승인,40909,4091,45000,00
2025-09-02 20:44:02,BC,9460-28**-****-9078,48071837,승인,13636,1364,15000,00
2025-09-02 20:51:08,신한,4563-47**-****-6674,18688111,승인,13636,1364,15000,00
2025-09-03 10:26:31,신한,5563-64**-****-4774,40786648,승인,36364,3636,40000,00
2025-09-03 10:35:35,KB국민,9420-35**-****-7545,56506859,승인,36364,3636,40000,00
2025-09-03 15:52:34,삼성,9410-18**-****-8231,80642553,승인,6364,636,7000,00
2025-09-03 16:06:12,현대,6011-88**-****-6364,19035657,승인,31818,3182,35000,00
2025-09-03 16:06:37,신한,5563-24**-****-6806,23354960,승인,40909,4091,45000,00
2025-09-03 16:11:14,현대,9440-83**-****-9376,35598586,승인,45455,4545,50000,00
2025-09-03 17:22:46,삼성,5765-42**-****-1498,18708786,승인,54545,5455,60000,00
2025-09-03 17:32:26,삼성,9430-19**-****-6872,91991922,승인,50000,5000,55000,03
2025-09-03 18:30:56,신한,5563-55**-****-4805,71284923,승인,36364,3636,40000,00
2025-09-03 18:31:56,삼성,9430-63**-****-3200,75345837,승인,7273,727,8000,00
2025-09-03 19:22:00,하나,9480-71**-****-9120,60325776,승인,50000,5000,55000,00
2025-09-03 19:37:11,하나,5320-84**-****-4832,83941612,승인,50000,5000,55000,00
2025-09-03 19:37:11,현대,4214-49**-****-5086,72757426,승인,36364,3636,40000,00
2025-09-03 19:54:47,BC,9460-30**-****-2156,69221668,승인,13636,1364,15000,00
2025-09-03 20:14:05,현대,9440-20**-****-2159,67227960,승인,54545,5455,60000,00
2025-09-03 20:16:35,롯데,9450-57**-****-3668,88208534,승인,45455,4545,50000,00
2025-09-03 20:41:46,롯데,5284-96**-****-6033,69474598,승인,27273,2727,30000,00
2025-09-03 20:50:51,BC,9460-96**-****-4255,33151102,승인,18182,1818,20000,00
2025-09-03 21:41:12,롯데,5284-93**-****-9999,67241086,승인,40909,4091,45000,00
2025-09-04 11:09:19,현대,9440-21**-****-9912,70094560,승인,27273,2727,30000,00
2025-09-04 11:33:16,삼성,5765-78**-****-8710,69809445,승인,40909,4091,45000,00
2025-09-04 14:05:31,롯데,9450-86**-****-9564,85068279,승인,16364,1636,18000,00
2025-09-04 15:26:19,하나,5320-15**-****-1613,27312636,승인,45455,4545,50000,00
2025-09-04 16:21:47,KB국민,5370-70**-****-1775,29695271,승인,40909,4091,45000,00
2025-09-04 19:01:01,BC,6243-75**-****-2565,12511542,승인,40909,4091,45000,00
2025-09-04 19:01:17,현대,6011-42**-****-9119,38594436,승인,40909,4091,45000,00
2025-09-04 19:08:43,KB국민,4569-98**-****-7934,72310967,승인,40909,4091,45000,00
2025-09-04 19:40:12,롯데,5284-11**-****-8835,38135317,승인,40909,4091,45000,00
2025-09-04 20:18:53,삼성,9410-25**-****-4264,41462368,승인,50000,5000,55000,06
2025-09-04 20:19:19,삼성,9430-18**-****-6918,16037713,승인,40909,4091,45000,00
2025-09-04 20:31:57,삼성,9430-40**-****-4372,24113692,승인,40909,4091,45000,00
2025-09-04 21:34:32,삼성,9430-84**-****-6477,44818205,승인,50000,5000,55000,00
2025-09-04 21:35:31,NH,4547-64**-****-9046,73903876,승인,22727,2273,25000,00
2025-09-05 13:26:16,삼성,9430-47**-****-3065,50348400,승인,10909,1091,12000,00
2025-09-05 14:05:43,신한,9411-50**-****-9463,66435409,승인,59091,5909,65000,00
2025-09-05 14:30:29,삼성,9410-20**-****-9798,81542220,승인,40909,4091,45000,00
2025-09-05 15:17:23,KB국민,4569-74**-****-6596,65014398,승인,40909,4091,45000,00
2025-09-05 15:40:50,신한,4563-75**-****-6226,54486674,승인,40909,4091,45000,00
2025-09-05 17:08:02,NH,5765-40**-****-4132,88319964,승인,59091,5909,65000,00
2025-09-05 17:08:43,NH,9470-73**-****-6084,19133640,승인,36364,3636,40000,00
2025-09-05 17:42:17,삼성,9430-53**-****-6705,39399789,승인,45455,4545,50000,00
2025-09-05 18:57:43,KB국민,9420-49**-****-7598,15375433,승인,36364,3636,40000,00
2025-09-05 19:17:18,KB국민,9420-68**-****-7769,72811761,승인,36364,3636,40000,00
2025-09-05 19:32:55,현대,9440-14**-****-2734,15194115,승인,45455,4545,50000,00
2025-09-05 19:58:36,롯데,4280-40**-****-6329,98808499,승인,40909,4091,45000,00
2025-09-05 20:31:03,KB국민,4569-20**-****-8700,25432404,승인,10909,1091,12000,00
2025-09-05 21:00:08,롯데,4280-55**-****-2223,36470396,승인,36364,3636,40000,00
2025-09-05 21:17:06,하나,4568-62**-****-8004,74890967,승인,4545,455,5000,00
2025-09-05 21:51:53,현대,4214-45**-****-4659,25229580,승인,40909,4091,45000,00
2025-09-05 22:14:39,현대,9440-74**-****-5550,73961660,승인,72727,7273,80000,00
2025-09-05 22:50:11,KB국민,4569-78**-****-9057,12097035,승인,54545,5455,60000,00
2025-09-06 10:17:15,신한,9411-58**-****-6801,72947597,승인,72727,7273,80000,00
2025-09-06 11:00:31,신한,4563-16**-****-4340,14435705,승인,40909,4091,45000,00
2025-09-06 12:21:16,현대,9440-91**-****-1442,28456097,승인,40909,4091,45000,00
2025-09-06 13:25:53,신한,9411-17**-****-4139,22515069,승인,45455,4545,50000,03
2025-09-06 15:08:20,삼성,9430-97**-****-2780,51965869,승인,16364,1636,18000,00
2025-09-06 15:14:32,BC,4556-85**-****-9195,86962544,승인,40909,4091,45000,00
2025-09-06 15:48:01,신한,4563-77**-****-7932,86006785,승인,72727,7273,80000,00
2025-09-06 16:08:11,하나,4568-30**-****-5338,96802493,승인,40909,4091,45000,00
2025-09-06 16:23:37,BC,6243-98**-****-1916,37682968,승인,9091,909,10000,00
2025-09-06 16:52:50,신한,9411-36**-****-3536,26572154,승인,59091,5909,65000,00
2025-09-06 16:59:51,신한,4563-21**-****-9330,88639415,승인,18182,1818,20000,00
2025-09-06 17:08:46,신한,5563-44**-****-2744,92146730,승인,27273,2727,30000,00
2025-09-06 17:49:00,신한,9411-94**-****-5673,49427487,승인,50000,5000,55000,00
2025-09-06 18:49:18,삼성,9430-98**-****-6853,60862538,승인,50000,5000,55000,00
2025-09-06 18:54:42,하나,9480-27**-****-4137,36152810,승인,10909,1091,12000,00
2025-09-06 18:54:52,신한,4563-78**-****-6189,30699565,승인,13636,1364,15000,00
2025-09-06 19:39:36,신한,5563-62**-****-3321,21444897,승인,27273,2727,30000,00
2025-09-06 20:06:32,삼성,9430-70**-****-2321,17632895,승인,40909,4091,45000,00
2025-09-06 21:47:59,BC,9460-76**-****-9322,14061405,승인,13636,1364,15000,00
2025-09-06 21:50:59,현대,6011-35**-****-6988,85234156,승인,72727,7273,80000,00
2025-09-06 22:55:30,현대,9440-91**-****-4502,17656723,승인,54545,5455,60000,00
2025-09-07 10:24:00,KB국민,4569-90**-****-4173,94106245,승인,72727,7273,80000,00
2025-09-07 11:52:14,신한,5563-43**-****-9702,45894863,승인,54545,5455,60000,00
2025-09-07 12:07:01,삼성,9430-55**-****-5149,36590610,승인,54545,5455,60000,00
2025-09-07 12:36:35,삼성,9430-13**-****-4636,99290446,승인,9091,909,10000,00
2025-09-07 13:08:39,하나,4568-49**-****-2403,79416639,승인,18182,1818,20000,00
2025-09-07 13:09:11,KB국민,9420-20**-****-8824,31021461,승인,4545,455,5000,00
2025-09-07 14:30:49,현대,4214-77**-****-3780,28096825,승인,54545,5455,60000,00
2025-09-07 15:19:27,BC,4556-75**-****-9717,28215592,승인,54545,5455,60000,03
2025-09-07 15:44:33,하나,5320-53**-****-7269,39068348,승인,16364,1636,18000,00
2025-09-07 16:16:13,BC,4556-27**-****-4170,69118335,승인,50000,5000,55000,00
2025-09-07 16:23:06,삼성,9430-74**-****-4791,20664282,승인,40909,4091,45000,00
2025-09-07 16:57:49,현대,4214-87**-****-7113,95751861,승인,7273,727,8000,00
2025-09-07 17:13:23,롯데,9450-33**-****-6867,47647905,승인,54545,5455,60000,00
2025-09-07 17:14:50,NH,5765-12**-****-7223,88223377,승인,59091,5909,65000,00
2025-09-07 17:34:27,하나,4568-36**-****-6980,76684613,승인,45455,4545,50000,00
2025-09-07 17:58:52,현대,4214-45**-****-1662,62269576,승인,54545,5455,60000,00
2025-09-07 17:59:57,KB국민,5370-89**-****-4379,38211997,승인,63636,6364,70000,00
2025-09-07 18:13:38,롯데,9450-25**-****-6647,15511560,승인,63636,6364,70000,00
2025-09-07 18:41:44,KB국민,5370-40**-****-3152,38146130,승인,13636,1364,15000,00
2025-09-07 19:02:05,삼성,5765-28**-****-4646,94856901,승인,63636,6364,70000,00
2025-09-07 19:18:12,현대,9440-26**-****-4565,59893153,승인,40909,4091,45000,00
2025-09-07 19:18:43,KB국민,5370-28**-****-3174,47562120,승인,45455,4545,50000,00
2025-09-07 19:30:31,KB국민,4569-43**-****-7398,88826137,승인,72727,7273,80000,00
2025-09-07 20:04:23,KB국민,5370-55**-****-1431,34362552,승인,13636,1364,15000,00
2025-09-07 20:23:03,현대,9440-67**-****-8652,40566116,승인,18182,1818,20000,00
2025-09-07 20:29:01,KB국민,5370-95**-****-6907,23979159,승인,72727,7273,80000,00
2025-09-07 20:44:01,삼성,5765-10**-****-1303,91536672,승인,22727,2273,25000,00
2025-09-07 20:46:32,삼성,5765-23**-****-4162,76170884,승인,40909,4091,45000,00
2025-09-07 21:07:33,BC,4556-33**-****-6688,42925059,승인,27273,2727,30000,00
2025-09-07 21:10:13,KB국민,5370-59**-****-8795,23738800,승인,50000,5000,55000,00
2025-09-07 21:29:35,삼성,9430-73**-****-2487,89393857,승인,59091,5909,65000,00
2025-09-07 21:36:26,신한,5563-89**-****-6805,57518328,승인,54545,5455,60000,00
2025-09-07 22:01:22,NH,5765-78**-****-3150,90946850,승인,36364,3636,40000,00
2025-09-08 14:18:38,BC,4556-64**-****-2746,60688574,승인,31818,3182,35000,00
2025-09-08 17:02:28,NH,5765-82**-****-7872,78550769,승인,54545,5455,60000,00
2025-09-08 17:18:43,삼성,9430-23**-****-6556,82501291,승인,50000,5000,55000,00
2025-09-08 18:06:19,삼성,9430-41**-****-3883,62455850,승인,45455,4545,50000,00
2025-09-08 19:33:44,신한,4563-85**-****-1080,55470218,승인,50000,5000,55000,00
2025-09-08 19:55:59,KB국민,4569-89**-****-5435,20116838,승인,13636,1364,15000,00
2025-09-08 20:01:12,신한,5563-78**-****-9614,17608415,승인,40909,4091,45000,00
2025-09-08 20:55:00,신한,9411-45**-****-3773,26342891,승인,54545,5455,60000,06
2025-09-08 21:05:03,현대,4214-92**-****-8499,30298578,승인,16364,1636,18000,00
2025-09-08 21:07:27,신한,5563-28**-****-9544,44719473,승인,10909,1091,12000,00
2025-09-08 21:13:29,삼성,9410-83**-****-5566,38556312,승인,18182,1818,20000,00
2025-09-08 21:18:49,삼성,9410-94**-****-5430,53480195,승인,40909,4091,45000,00
2025-09-08 21:43:44,NH,4547-43**-****-7325,98905694,승인,45455,4545,50000,00
2025-09-08 21:57:39,롯데,9450-56**-****-8540,69791280,승인,54545,5455,60000,00
2025-09-08 22:18:05,KB국민,5370-78**-****-8373,92027185,승인,22727,2273,25000,00
2025-09-08 22:59:01,KB국민,9420-64**-****-9949,76253213,승인,36364,3636,40000,00
2025-09-09 10:28:00,삼성,5765-59**-****-4291,56246137,승인,36364,3636,40000,00
2025-09-09 11:32:53,신한,5563-65**-****-3923,89119854,승인,40909,4091,45000,00
2025-09-09 13:03:53,현대,6011-70**-****-3605,37963296,승인,31818,3182,35000,00
2025-09-09 13:06:46,KB국민,4569-63**-****-3836,37815268,승인,27273,2727,30000,00
2025-09-09 13:15:00,KB국민,4569-94**-****-8501,77907115,승인,27273,2727,30000,00
2025-09-09 15:28:02,롯데,4280-94**-****-2299,75525210,승인,27273,2727,30000,00
2025-09-09 19:19:04,삼성,5765-39**-****-6923,94257504,승인,10909,1091,12000,00
2025-09-09 20:13:26,삼성,9410-44**-****-4312,19821354,승인,54545,5455,60000,00
2025-09-09 20:15:52,신한,5563-51**-****-9447,68207943,승인,50000,5000,55000,00
2025-09-09 20:24:01,KB국민,9420-52**-****-1013,75915047,승인,36364,3636,40000,00
2025-09-09 20:27:02,KB국민,4569-45**-****-2627,42160364,승인,36364,3636,40000,00
2025-09-09 20:34:17,NH,4547-13**-****-8228,76885393,승인,54545,5455,60000,00
2025-09-09 20:57:24,KB국민,9420-65**-****-8510,35026042,승인,9091,909,10000,00
2025-09-09 20:58:22,현대,4214-51**-****-1101,44221050,승인,18182,1818,20000,00
2025-09-09 21:22:50,삼성,5765-33**-****-5996,55690294,승인,54545,5455,60000,00
2025-09-09 22:49:31,삼성,9430-33**-****-8926,19712717,승인,36364,3636,40000,00
2025-09-09 22:53:32,KB국민,9420-47**-****-3445,82372062,승인,16364,1636,18000,00
2025-09-09 22:57:18,KB국민,4569-94**-****-2350,95487259,승인,40909,4091,45000,00
2025-09-10 11:53:52,삼성,9430-59**-****-7223,10948426,승인,36364,3636,40000,00
2025-09-10 13:32:42,BC,9460-49**-****-8139,54229072,승인,36364,3636,40000,00
2025-09-10 16:26:35,BC,9460-97**-****-7584,51623157,승인,45455,4545,50000,00
2025-09-10 16:41:25,NH,5765-61**-****-8374,59988419,승인,40909,4091,45000,00
2025-09-10 16:50:01,KB국민,5370-27**-****-4467,98827591,승인,27273,2727,30000,00
2025-09-10 19:08:13,KB국민,9420-30**-****-9587,26464887,승인,40909,4091,45000,00
2025-09-10 19:18:45,하나,4568-68**-****-7879,74824154,승인,45455,4545,50000,00
2025-09-10 20:46:27,KB국민,4569-81**-****-1767,57350485,승인,50000,5000,55000,00
2025-09-10 21:59:11,KB국민,5370-83**-****-5710,93645168,승인,6364,636,7000,00
2025-09-11 13:00:27,현대,6011-98**-****-6927,15448206,승인,27273,2727,30000,00
2025-09-11 13:07:51,신한,4563-78**-****-9220,53403768,승인,45455,4545,50000,06
2025-09-11 13:35:32,하나,4568-48**-****-6907,47027175,승인,40909,4091,45000,00
2025-09-11 14:04:59,하나,5320-93**-****-4272,77333153,승인,40909,4091,45000,00
2025-09-11 14:34:44,하나,9480-12**-****-4961,20600510,승인,31818,3182,35000,00
2025-09-11 14:59:52,BC,6243-96**-****-1952,93235223,승인,18182,1818,20000,00
2025-09-11 16:31:20,삼성,9430-29**-****-6824,86438765,승인,36364,3636,40000,00
2025-09-11 17:21:04,신한,4563-68**-****-6676,80233781,승인,45455,4545,50000,00
2025-09-11 17:38:10,BC,6243-92**-****-4803,80623560,승인,54545,5455,60000,00
2025-09-11 17:43:17,삼성,9430-49**-****-3288,65684999,승인,36364,3636,40000,00
2025-09-11 17:56:43,신한,4563-56**-****-9605,25693088,승인,22727,2273,25000,00
2025-09-11 17:59:05,신한,4563-89**-****-7950,67985571,승인,40909,4091,45000,00
2025-09-11 18:37:29,KB국민,9420-21**-****-1796,10526751,승인,9091,909,10000,00
2025-09-11 18:47:37,롯데,4280-26**-****-8080,45398178,승인,6364,636,7000,00
2025-09-11 19:04:29,NH,5765-15**-****-7341,26464071,승인,54545,5455,60000,00
2025-09-11 20:59:38,현대,4214-85**-****-3754,36296768,승인,10909,1091,12000,00
2025-09-11 21:27:12,삼성,9410-41**-****-5209,17463809,승인,54545,5455,60000,00
2025-09-11 22:15:42,BC,6243-78**-****-6822,68701881,승인,40909,4091,45000,00
2025-09-12 10:39:00,KB국민,5370-96**-****-4860,54096618,승인,72727,7273,80000,00
2025-09-12 11:09:18,롯데,5284-96**-****-4941,82270877,승인,50000,5000,55000,00
2025-09-12 11:37:40,삼성,9410-35**-****-5952,21547958,승인,72727,7273,80000,00
2025-09-12 12:17:00,삼성,9430-46**-****-9635,18797403,승인,50000,5000,55000,00
2025-09-12 13:06:25,KB국민,5370-96**-****-4475,57352968,승인,59091,5909,65000,00
2025-09-12 14:42:29,삼성,9430-83**-****-2232,15565428,승인,45455,4545,50000,00
2025-09-12 14:45:03,하나,4568-92**-****-1964,23183124,승인,7273,727,8000,00
2025-09-12 15:16:53,현대,6011-65**-****-1828,31152378,승인,9091,909,10000,00
2025-09-12 16:16:28,삼성,9430-38**-****-8795,55305628,승인,63636,6364,70000,00
2025-09-12 16:35:59,신한,9411-59**-****-3944,64530866,승인,40909,4091,45000,00
2025-09-12 17:21:57,KB국민,9420-87**-****-3089,45736271,승인,9091,909,10000,00
2025-09-12 19:15:59,롯데,4280-72**-****-4614,68541098,승인,45455,4545,50000,00
2025-09-12 19:57:10,삼성,9430-48**-****-9670,35451231,승인,36364,3636,40000,00
2025-09-12 19:57:22,삼성,5765-63**-****-5434,34544692,승인,63636,6364,70000,00
2025-09-12 20:22:03,신한,5563-33**-****-5042,79188082,승인,72727,7273,80000,03
2025-09-13 11:08:38,신한,9411-28**-****-2796,69271134,승인,36364,3636,40000,00
2025-09-13 11:40:32,NH,4547-17**-****-2743,90743345,승인,72727,7273,80000,00
2025-09-13 11:45:17,신한,9411-44**-****-7427,48936750,승인,54545,5455,60000,00
2025-09-13 12:28:32,신한,4563-60**-****-8060,60638442,승인,7273,727,8000,00
2025-09-13 15:18:09,신한,9411-19**-****-9931,39619065,승인,63636,6364,70000,06
2025-09-13 15:26:40,신한,4563-93**-****-6795,99946386,승인,50000,5000,55000,00
2025-09-13 15:52:10,KB국민,5370-90**-****-1122,17566443,승인,63636,6364,70000,00
2025-09-13 16:15:36,신한,9411-33**-****-5715,21311304,승인,59091,5909,65000,00
2025-09-13 16:26:00,롯데,4280-38**-****-4746,70089721,승인,36364,3636,40000,00
2025-09-13 16:26:07,삼성,9430-40**-****-1455,48828506,승인,72727,7273,80000,00
2025-09-13 16:29:20,신한,9411-56**-****-9432,24525751,승인,72727,7273,80000,00
2025-09-13 16:37:11,롯데,5284-83**-****-3706,73984830,승인,13636,1364,15000,00
2025-09-13 16:42:12,삼성,5765-14**-****-7050,21670126,승인,27273,2727,30000,00
2025-09-13 17:09:10,KB국민,4569-69**-****-3575,78264794,승인,72727,7273,80000,00
2025-09-13 17:55:33,NH,4547-62**-****-5860,36936963,승인,54545,5455,60000,00
2025-09-13 18:11:56,신한,4563-71**-****-6785,88903040,승인,45455,4545,50000,00
2025-09-13 18:13:42,롯데,5284-97**-****-8502,93711907,승인,10909,1091,12000,00
2025-09-13 18:48:33,NH,4547-62**-****-5860,36936963,취소,54545,5455,60000,00
2025-09-13 19:13:33,KB국민,9420-12**-****-6832,81051847,승인,16364,1636,18000,00
2025-09-13 19:21:32,NH,4547-37**-****-4095,85829234,승인,45455,4545,50000,00
2025-09-13 19:43:42,KB국민,5370-13**-****-5264,71856291,승인,10909,1091,12000,00
2025-09-13 19:44:35,KB국민,9420-97**-****-1079,85842079,승인,9091,909,10000,00
2025-09-13 19:53:46,KB국민,4569-62**-****-7496,16049710,승인,50000,5000,55000,00
2025-09-13 20:05:26,하나,5320-86**-****-6328,21924247,승인,45455,4545,50000,06
2025-09-13 20:09:11,롯데,4280-21**-****-3288,11168329,승인,63636,6364,70000,00
2025-09-13 20:09:11,삼성,9410-91**-****-6926,29945410,승인,45455,4545,50000,00
2025-09-13 20:43:41,BC,9460-79**-****-1891,72792115,승인,27273,2727,30000,00
2025-09-13 20:53:31,KB국민,9420-84**-****-6913,64812923,승인,63636,6364,70000,00
2025-09-13 21:12:34,신한,9411-37**-****-7930,95112330,승인,59091,5909,65000,03
2025-09-13 22:21:32,현대,4214-46**-****-6418,64020921,승인,63636,6364,70000,00
2025-09-14 11:24:55,삼성,9430-99**-****-9518,80031796,승인,63636,6364,70000,00
2025-09-14 11:39:15,BC,6243-46**-****-4311,94167865,승인,36364,3636,40000,00
2025-09-14 12:13:06,신한,9411-56**-****-2628,30388009,승인,59091,5909,65000,03
2025-09-14 13:12:32,BC,9460-66**-****-8082,41388411,승인,16364,1636,18000,00
2025-09-14 14:47:48,신한,4563-30**-****-7297,58445346,승인,13636,1364,15000,00
2025-09-14 14:55:02,삼성,9410-65**-****-2617,72722957,승인,7273,727,8000,00
2025-09-14 14:59:12,BC,6243-96**-****-4552,18934597,승인,50000,5000,55000,00
2025-09-14 15:00:37,삼성,9410-25**-****-5004,83720984,승인,45455,4545,50000,00
2025-09-14 15:06:34,KB국민,9420-44**-****-4123,72936837,승인,50000,5000,55000,00
2025-09-14 15:19:17,BC,6243-99**-****-4733,98016489,승인,36364,3636,40000,00
2025-09-14 15:54:01,하나,9480-35**-****-6914,20415789,승인,10909,1091,12000,00
2025-09-14 17:04:51,현대,9440-73**-****-9093,90861860,승인,45455,4545,50000,00
2025-09-14 18:01:06,KB국민,9420-24**-****-2815,68117133,승인,6364,636,7000,00
2025-09-14 18:46:18,KB국민,9420-31**-****-4524,61845608,승인,7273,727,8000,00
2025-09-14 19:17:49,삼성,9430-67**-****-1450,53265342,승인,6364,636,7000,00
2025-09-14 19:27:30,삼성,5765-87**-****-6696,12438447,승인,45455,4545,50000,00
2025-09-14 19:39:23,KB국민,4569-63**-****-6308,21633669,승인,40909,4091,45000,00
2025-09-14 19:41:07,BC,4556-13**-****-1206,60285730,승인,45455,4545,50000,00
2025-09-14 19:41:37,하나,4568-37**-****-6615,33375878,승인,40909,4091,45000,00
2025-09-14 20:10:10,현대,4214-71**-****-2370,55366754,승인,4545,455,5000,00
2025-09-14 20:17:29,신한,9411-91**-****-5150,43743082,승인,45455,4545,50000,00
2025-09-14 20:55:45,삼성,5765-79**-****-2246,41331290,승인,9091,909,10000,00
2025-09-14 21:13:51,신한,9411-41**-****-8992,94826578,승인,45455,4545,50000,00
2025-09-14 21:15:06,KB국민,9420-10**-****-1225,10765466,승인,72727,7273,80000,00
2025-09-14 21:20:18,신한,9411-90**-****-8621,17862793,승인,72727,7273,80000,00
2025-09-14 21:27:26,삼성,9430-21**-****-7329,83396464,승인,63636,6364,70000,00
2025-09-14 21:44:35,삼성,5765-14**-****-4053,44160502,승인,72727,7273,80000,00
2025-09-14 21:45:52,NH,5765-70**-****-3713,17362140,승인,63636,6364,70000,00
2025-09-14 21:54:19,신한,5563-24**-****-8880,60025368,승인,50000,5000,55000,00
2025-09-14 22:15:40,삼성,5765-30**-****-3584,13731650,승인,36364,3636,40000,00
2025-09-14 22:25:51,신한,9411-41**-****-8992,94826578,취소,45455,4545,50000,00
2025-09-14 22:29:50,KB국민,5370-32**-****-1115,52930699,승인,22727,2273,25000,00
2025-09-14 22:39:10,하나,4568-41**-****-1311,97242936,승인,54545,5455,60000,00
2025-09-15 13:07:06,BC,4556-73**-****-7666,63971244,승인,10909,1091,12000,00
2025-09-15 14:02:25,삼성,5765-91**-****-8685,46663600,승인,36364,3636,40000,00
2025-09-15 15:22:51,KB국민,9420-34**-****-7644,94658540,승인,40909,4091,45000,00
2025-09-15 16:05:48,삼성,9410-13**-****-5188,67334813,승인,31818,3182,35000,00
2025-09-15 16:35:18,NH,4547-39**-****-2020,76648945,승인,40909,4091,45000,00
2025-09-15 16:43:05,KB국민,9420-25**-****-9539,87517348,승인,9091,909,10000,00
2025-09-15 17:01:06,삼성,9410-67**-****-2549,66662106,승인,18182,1818,20000,00
2025-09-15 17:17:42,BC,6243-51**-****-4805,53979536,승인,45455,4545,50000,00
2025-09-15 18:26:57,KB국민,4569-44**-****-3117,85765148,승인,6364,636,7000,00
2025-09-15 18:27:28,KB국민,9420-13**-****-4722,97296766,승인,54545,5455,60000,00
2025-09-15 18:36:01,BC,6243-26**-****-4870,11460580,승인,36364,3636,40000,00
2025-09-15 19:00:05,NH,4547-41**-****-8253,28461026,승인,50000,5000,55000,00
2025-09-15 19:10:57,BC,4556-49**-****-1413,95190669,승인,10909,1091,12000,00
2025-09-15 21:30:51,현대,4214-95**-****-1803,62731058,승인,36364,3636,40000,00
2025-09-15 21:54:24,삼성,5765-56**-****-1647,13955424,승인,54545,5455,60000,00
2025-09-16 13:55:12,삼성,9430-78**-****-3991,45939885,승인,31818,3182,35000,00
2025-09-16 15:22:14,KB국민,5370-68**-****-8215,98196958,승인,36364,3636,40000,00
2025-09-16 17:50:09,신한,9411-49**-****-4844,10399025,승인,18182,1818,20000,00
2025-09-16 18:17:08,신한,5563-50**-****-4809,62733960,승인,18182,1818,20000,00
2025-09-16 18:25:42,신한,5563-59**-****-6051,48410672,승인,50000,5000,55000,00
2025-09-16 18:35:30,신한,5563-32**-****-9173,71549514,승인,40909,4091,45000,00
2025-09-16 20:22:08,현대,6011-94**-****-7820,70931333,승인,9091,909,10000,00
2025-09-16 21:29:48,삼성,9410-81**-****-4369,10563235,승인,36364,3636,40000,00
2025-09-16 21:40:01,현대,4214-88**-****-1491,42571755,승인,40909,4091,45000,00
2025-09-16 21:40:10,BC,4556-34**-****-7948,42996518,승인,4545,455,5000,00
2025-09-16 22:39:38,신한,5563-99**-****-6561,73430999,승인,40909,4091,45000,00
2025-09-17 13:58:26,롯데,4280-42**-****-3844,98667926,승인,10909,1091,12000,00
2025-09-17 14:29:02,신한,4563-25**-****-6948,97564351,승인,36364,3636,40000,00
2025-09-17 14:55:26,KB국민,9420-33**-****-7874,39145284,승인,31818,3182,35000,00
2025-09-17 15:56:08,신한,5563-42**-****-4215,56086149,승인,27273,2727,30000,00
2025-09-17 18:19:11,신한,4563-30**-****-2222,93757290,승인,45455,4545,50000,00
2025-09-17 21:13:17,NH,9470-53**-****-8654,45586189,승인,45455,4545,50000,00
2025-09-17 21:16:18,신한,9411-90**-****-2327,84385280,승인,54545,5455,60000,00
2025-09-18 12:04:54,KB국민,4569-23**-****-1147,24425868,승인,10909,1091,12000,00
2025-09-18 12:16:48,신한,4563-81**-****-3704,93347064,승인,4545,455,5000,00
2025-09-18 13:25:19,롯데,4280-31**-****-7290,51411338,승인,31818,3182,35000,00
2025-09-18 13:51:09,KB국민,4569-59**-****-1605,55387787,승인,6364,636,7000,00
2025-09-18 14:03:52,NH,5765-11**-****-7811,67146381,승인,27273,2727,30000,00
2025-09-18 17:47:37,삼성,9410-49**-****-8305,91488404,승인,50000,5000,55000,06
2025-09-18 18:50:55,하나,5320-24**-****-3189,33172968,승인,22727,2273,25000,00
2025-09-18 19:32:28,신한,5563-51**-****-4347,38777310,승인,40909,4091,45000,00
2025-09-18 19:39:39,NH,5765-56**-****-2937,42194198,승인,54545,5455,60000,00
2025-09-18 20:35:10,신한,9411-74**-****-1421,22319855,승인,45455,4545,50000,00
2025-09-18 21:03:29,BC,6243-77**-****-2233,39560278,승인,45455,4545,50000,00
2025-09-18 21:20:00,롯데,9450-63**-****-2333,15918992,승인,7273,727,8000,00
2025-09-18 21:30:56,삼성,9410-53**-****-1798,72483395,승인,54545,5455,60000,00
2025-09-19 10:50:08,신한,5563-87**-****-6718,94986999,승인,54545,5455,60000,00
2025-09-19 11:37:13,롯데,5284-45**-****-1072,40854702,승인,54545,5455,60000,00
2025-09-19 12:18:08,삼성,9430-23**-****-5681,80651805,승인,63636,6364,70000,00
2025-09-19 12:42:31,롯데,9450-85**-****-8869,95166003,승인,13636,1364,15000,00
2025-09-19 13:10:21,BC,4556-85**-****-8503,95929218,승인,22727,2273,25000,00
2025-09-19 14:45:54,삼성,5765-31**-****-7032,79634711,승인,63636,6364,70000,00
2025-09-19 15:17:53,삼성,5765-38**-****-8793,75543564,승인,54545,5455,60000,00
2025-09-19 15:25:23,신한,5563-70**-****-5000,70821675,승인,50000,5000,55000,00
2025-09-19 15:44:39,삼성,5765-58**-****-7472,92931320,승인,54545,5455,60000,06
2025-09-19 17:40:24,현대,4214-55**-****-4464,51238955,승인,63636,6364,70000,00
2025-09-19 18:15:21,롯데,4280-80**-****-6825,94915983,승인,63636,6364,70000,00
2025-09-19 19:38:32,KB국민,4569-83**-****-8829,72978834,승인,45455,4545,50000,06
2025-09-19 19:38:41,KB국민,4569-90**-****-6109,23382179,승인,50000,5000,55000,00
2025-09-19 19:40:48,KB국민,5370-92**-****-2010,19052828,승인,72727,7273,80000,00
2025-09-19 19:53:20,KB국민,4569-37**-****-8156,75736846,승인,54545,5455,60000,00
2025-09-19 19:58:58,삼성,9410-21**-****-3808,17642419,승인,63636,6364,70000,00
2025-09-19 20:20:29,KB국민,9420-29**-****-6777,54326480,승인,50000,5000,55000,00
2025-09-19 20:37:21,BC,6243-97**-****-7837,58656813,승인,36364,3636,40000,00
2025-09-19 21:39:17,현대,4214-30**-****-6369,38054937,승인,27273,2727,30000,00
2025-09-20 11:00:03,롯데,4280-26**-****-2345,47965971,승인,54545,5455,60000,00
2025-09-20 13:36:20,NH,4547-95**-****-3748,14506659,승인,18182,1818,20000,00
2025-09-20 13:36:47,KB국민,9420-53**-****-9902,19286610,승인,59091,5909,65000,00
2025-09-20 13:59:57,하나,5320-42**-****-5008,98704837,승인,16364,1636,18000,00
2025-09-20 14:09:33,현대,6011-94**-****-4089,39328191,승인,45455,4545,50000,00
2025-09-20 14:15:12,신한,5563-49**-****-2144,97889152,승인,40909,4091,45000,00
2025-09-20 14:34:11,신한,5563-85**-****-2386,99912043,승인,22727,2273,25000,00
2025-09-20 14:44:56,KB국민,5370-84**-****-3855,47832433,승인,27273,2727,30000,00
2025-09-20 14:47:51,KB국민,5370-69**-****-8437,24986296,승인,13636,1364,15000,00
2025-09-20 14:56:20,NH,4547-95**-****-3748,14506659,취소,18182,1818,20000,00
2025-09-20 14:56:26,삼성,5765-77**-****-9162,76575519,승인,40909,4091,45000,00
2025-09-20 15:55:37,삼성,9410-53**-****-9470,46132077,승인,36364,3636,40000,00
2025-09-20 16:21:39,신한,5563-88**-****-2815,54402396,승인,36364,3636,40000,00
2025-09-20 16:46:27,삼성,9410-60**-****-1367,43026667,승인,45455,4545,50000,06
2025-09-20 17:13:36,신한,9411-89**-****-9804,28158871,승인,59091,5909,65000,00
2025-09-20 17:51:50,삼성,9430-23**-****-5611,52926346,승인,16364,1636,18000,00
2025-09-20 18:21:47,KB국민,5370-42**-****-7168,12330551,승인,36364,3636,40000,00
2025-09-20 19:02:18,현대,6011-71**-****-2080,21412383,승인,40909,4091,45000,00
2025-09-20 19:07:47,신한,5563-65**-****-8823,31097223,승인,10909,1091,12000,00
2025-09-20 19:12:43,신한,9411-63**-****-5658,19438607,승인,72727,7273,80000,00
2025-09-20 20:18:18,KB국민,4569-63**-****-5092,97602773,승인,40909,4091,45000,00
2025-09-20 20:27:03,현대,9440-38**-****-2428,73246853,승인,45455,4545,50000,00
2025-09-20 20:44:16,신한,9411-16**-****-2767,28751567,승인,50000,5000,55000,00
2025-09-20 20:51:24,하나,9480-17**-****-4791,77726720,승인,36364,3636,40000,00
2025-09-20 21:34:03,현대,4214-62**-****-8954,76930451,승인,45455,4545,50000,03
2025-09-20 21:50:29,신한,4563-49**-****-7184,57926533,승인,72727,7273,80000,00
2025-09-21 12:06:14,삼성,5765-97**-****-3089,21784695,승인,54545,5455,60000,00
2025-09-21 12:26:26,하나,4568-59**-****-4915,43673104,승인,54545,5455,60000,00
2025-09-21 14:00:07,KB국민,4569-24**-****-1163,75479127,승인,7273,727,8000,00
2025-09-21 15:47:22,KB국민,4569-31**-****-5740,91602472,승인,18182,1818,20000,00
2025-09-21 16:00:22,KB국민,4569-31**-****-5740,91602472,취소,18182,1818,20000,00
2025-09-21 16:05:22,KB국민,4569-75**-****-9537,19426966,승인,36364,3636,40000,00
2025-09-21 16:47:29,현대,4214-96**-****-7813,65888275,승인,40909,4091,45000,00
2025-09-21 17:00:21,신한,9411-38**-****-2175,37789808,승인,59091,5909,65000,00
2025-09-21 17:06:48,삼성,5765-41**-****-7967,72638195,승인,27273,2727,30000,00
2025-09-21 17:09:11,삼성,9410-63**-****-6706,73142719,승인,9091,909,10000,00
2025-09-21 17:17:22,신한,4563-92**-****-5728,34049430,승인,72727,7273,80000,00
2025-09-21 17:25:04,삼성,9410-82**-****-8039,70538837,승인,27273,2727,30000,00
2025-09-21 17:56:53,신한,4563-64**-****-2287,43613442,승인,7273,727,8000,00
2025-09-21 18:21:16,NH,5765-72**-****-8699,90412028,승인,72727,7273,80000,00
2025-09-21 18:26:12,삼성,9410-29**-****-9368,60089087,승인,45455,4545,50000,00
2025-09-21 18:33:30,롯데,4280-35**-****-7690,21445367,승인,27273,2727,30000,00
2025-09-21 18:59:14,신한,4563-43**-****-1834,37496608,승인,4545,455,5000,00
2025-09-21 19:05:24,현대,4214-94**-****-7448,49353426,승인,59091,5909,65000,06
2025-09-21 19:45:58,BC,4556-97**-****-9026,77393840,승인,50000,5000,55000,00
2025-09-21 19:48:02,NH,4547-67**-****-7156,15836858,승인,40909,4091,45000,00
2025-09-21 20:39:43,KB국민,9420-15**-****-6631,27203328,승인,50000,5000,55000,00
2025-09-21 20:57:19,BC,6243-84**-****-7354,75241100,승인,22727,2273,25000,00
2025-09-21 21:02:53,신한,4563-96**-****-1702,43311504,승인,72727,7273,80000,00
2025-09-21 21:44:01,롯데,5284-69**-****-2256,74902028,승인,36364,3636,40000,00
2025-09-21 22:10:19,하나,5320-58**-****-9623,76506899,승인,45455,4545,50000,00
2025-09-21 22:27:16,삼성,9410-43**-****-1494,19737536,승인,59091,5909,65000,00
2025-09-21 22:41:01,신한,4563-59**-****-4706,10594718,승인,22727,2273,25000,00
2025-09-22 10:48:08,롯데,9450-48**-****-8282,61128509,승인,36364,3636,40000,00
2025-09-22 13:32:44,삼성,9410-10**-****-9848,67615305,승인,31818,3182,35000,00
2025-09-22 14:50:20,현대,9440-62**-****-6595,20853327,승인,31818,3182,35000,00
2025-09-22 15:26:54,KB국민,4569-11**-****-6509,35836198,승인,13636,1364,15000,00
2025-09-22 17:25:41,신한,9411-19**-****-9308,97247431,승인,27273,2727,30000,00
2025-09-22 18:12:58,현대,9440-74**-****-3680,20549791,승인,36364,3636,40000,00
2025-09-22 18:50:38,BC,9460-64**-****-7411,61665474,승인,4545,455,5000,00
2025-09-22 21:43:45,신한,4563-94**-****-3273,19006996,승인,54545,5455,60000,00
2025-09-22 21:53:45,신한,5563-70**-****-3610,37278333,승인,36364,3636,40000,00
2025-09-23 11:11:42,신한,9411-56**-****-9037,39354443,승인,45455,4545,50000,00
2025-09-23 11:25:32,KB국민,4569-26**-****-2098,63420935,승인,40909,4091,45000,00
2025-09-23 13:37:29,KB국민,4569-41**-****-2462,63681551,승인,40909,4091,45000,00
2025-09-23 14:54:47,롯데,5284-71**-****-8504,64932527,승인,36364,3636,40000,00
2025-09-23 16:18:54,신한,9411-55**-****-9200,31471289,승인,45455,4545,50000,00
2025-09-23 16:44:12,현대,9440-53**-****-5111,26930815,승인,27273,2727,30000,00
2025-09-23 16:49:47,현대,6011-99**-****-2481,59325557,승인,27273,2727,30000,00
2025-09-23 17:35:49,현대,4214-77**-****-1562,76132106,승인,13636,1364,15000,00
2025-09-23 18:46:25,KB국민,5370-82**-****-4412,97398934,승인,18182,1818,20000,00
2025-09-23 18:59:28,삼성,9410-38**-****-1476,95078826,승인,7273,727,8000,00
2025-09-23 19:51:48,삼성,9430-82**-****-5405,99444020,승인,50000,5000,55000,00
2025-09-23 20:26:54,KB국민,5370-31**-****-9325,27968754,승인,45455,4545,50000,00
2025-09-23 20:28:44,KB국민,9420-16**-****-6608,43490657,승인,45455,4545,50000,00
2025-09-23 20:38:32,KB국민,5370-19**-****-1065,54024238,승인,40909,4091,45000,00
2025-09-23 20:56:54,KB국민,9420-84**-****-5317,49795905,승인,40909,4091,45000,00
2025-09-23 21:04:46,NH,5765-53**-****-8158,93930900,승인,40909,4091,45000,00
2025-09-23 21:37:49,삼성,5765-13**-****-8531,65709534,승인,10909,1091,12000,00
2025-09-23 22:50:48,하나,5320-59**-****-4084,12048834,승인,13636,1364,15000,00
2025-09-24 10:58:37,하나,9480-36**-****-8385,79666060,승인,27273,2727,30000,00
2025-09-24 11:16:25,신한,9411-60**-****-2243,43723221,승인,40909,4091,45000,00
2025-09-24 12:04:10,롯데,4280-60**-****-7994,73986391,승인,27273,2727,30000,00
2025-09-24 13:05:57,현대,9440-86**-****-6789,50296404,승인,27273,2727,30000,00
2025-09-24 13:33:20,신한,9411-35**-****-2789,11781382,승인,45455,4545,50000,03
2025-09-24 15:25:48,신한,9411-23**-****-5526,38275360,승인,45455,4545,50000,00
2025-09-24 16:06:08,BC,4556-50**-****-3093,46523595,승인,45455,4545,50000,00
2025-09-24 16:08:59,현대,6011-55**-****-3869,94591893,승인,22727,2273,25000,00
2025-09-24 16:28:39,롯데,4280-97**-****-1595,40637785,승인,27273,2727,30000,00
2025-09-24 16:54:05,KB국민,4569-11**-****-8648,15487533,승인,36364,3636,40000,00
2025-09-24 17:14:28,하나,9480-38**-****-8271,49626185,승인,40909,4091,45000,00
2025-09-24 18:20:16,KB국민,5370-73**-****-6063,47991300,승인,50000,5000,55000,00
2025-09-24 18:39:28,하나,9480-38**-****-8271,49626185,취소,40909,4091,45000,00
2025-09-24 19:03:48,KB국민,9420-17**-****-3040,31585967,승인,45455,4545,50000,00
2025-09-24 19:22:25,KB국민,5370-72**-****-7685,74198514,승인,45455,4545,50000,00
2025-09-24 20:00:36,삼성,5765-18**-****-5631,34352638,승인,10909,1091,12000,00
2025-09-24 20:00:37,신한,5563-73**-****-9727,42358124,승인,45455,4545,50000,00
2025-09-24 20:08:15,KB국민,4569-69**-****-7860,62236048,승인,22727,2273,25000,00
2025-09-24 20:32:14,신한,4563-84**-****-2648,94413093,승인,50000,5000,55000,00
2025-09-24 22:49:32,현대,6011-76**-****-6370,16945612,승인,36364,3636,40000,00
2025-09-25 14:00:24,KB국민,4569-86**-****-2814,96356746,승인,40909,4091,45000,00
2025-09-25 14:39:52,KB국민,9420-46**-****-8555,48949526,승인,40909,4091,45000,00
2025-09-25 14:48:36,현대,6011-11**-****-8335,34207580,승인,31818,3182,35000,00
2025-09-25 14:48:38,현대,9440-51**-****-7193,55849267,승인,40909,4091,45000,00
2025-09-25 16:28:17,신한,5563-40**-****-4042,11736679,승인,27273,2727,30000,00
2025-09-25 17:19:51,현대,6011-28**-****-9713,53370970,승인,10909,1091,12000,00
2025-09-25 17:21:28,KB국민,5370-95**-****-3237,84985134,승인,50000,5000,55000,00
2025-09-25 17:24:15,삼성,9430-81**-****-6061,20716593,승인,54545,5455,60000,03
2025-09-25 18:07:14,BC,9460-70**-****-2272,78364441,승인,40909,4091,45000,00
2025-09-25 18:08:48,BC,9460-77**-****-3557,69580724,승인,36364,3636,40000,00
2025-09-25 19:06:44,신한,4563-32**-****-6839,57706896,승인,10909,1091,12000,00
2025-09-25 19:41:12,KB국민,9420-62**-****-4220,42053645,승인,36364,3636,40000,00
2025-09-25 20:29:04,NH,4547-71**-****-7786,44730666,승인,40909,4091,45000,00
2025-09-25 20:33:36,NH,9470-12**-****-6074,96928218,승인,45455,4545,50000,00
2025-09-26 10:43:35,현대,6011-98**-****-8272,34886763,승인,59091,5909,65000,00
2025-09-26 12:43:33,삼성,9410-56**-****-3785,83064767,승인,22727,2273,25000,00
2025-09-26 12:50:45,NH,9470-99**-****-9362,10131046,승인,45455,4545,50000,00
2025-09-26 14:47:50,삼성,9430-79**-****-3828,64731709,승인,13636,1364,15000,00
2025-09-26 15:39:56,삼성,9430-53**-****-1878,20352257,승인,59091,5909,65000,00
2025-09-26 16:21:23,삼성,9410-78**-****-6214,81113532,승인,54545,5455,60000,00
2025-09-26 16:27:18,KB국민,5370-78**-****-7778,11240901,승인,63636,6364,70000,06
2025-09-26 16:56:55,롯데,4280-61**-****-3186,35820600,승인,59091,5909,65000,00
2025-09-26 17:01:12,KB국민,4569-34**-****-8779,53806449,승인,7273,727,8000,00
2025-09-26 17:06:36,NH,9470-83**-****-3930,47650461,승인,50000,5000,55000,00
2025-09-26 17:27:53,KB국민,4569-21**-****-3281,36132051,승인,22727,2273,25000,00
2025-09-26 17:33:38,KB국민,9420-60**-****-4497,38096761,승인,10909,1091,12000,00
2025-09-26 17:42:33,롯데,4280-90**-****-9376,60711968,승인,63636,6364,70000,00
2025-09-26 18:00:52,BC,6243-69**-****-3381,21901518,승인,50000,5000,55000,00
2025-09-26 18:29:47,KB국민,5370-90**-****-4532,73000853,승인,54545,5455,60000,00
2025-09-26 19:11:48,신한,9411-90**-****-5073,50157303,승인,72727,7273,80000,00
2025-09-26 19:55:39,신한,4563-58**-****-9956,58357238,승인,4545,455,5000,00
2025-09-26 20:20:47,KB국민,5370-54**-****-9903,20008306,승인,63636,6364,70000,00
2025-09-26 20:38:36,현대,6011-23**-****-6985,23827875,승인,36364,3636,40000,00
2025-09-26 20:57:22,신한,9411-83**-****-9855,30230621,승인,63636,6364,70000,00
2025-09-26 21:20:24,하나,9480-66**-****-5883,61888758,승인,10909,1091,12000,00
2025-09-26 21:48:54,신한,5563-22**-****-5107,77350472,승인,63636,6364,70000,00
2025-09-26 21:58:15,신한,9411-39**-****-1838,56594543,승인,6364,636,7000,00
2025-09-26 22:34:12,하나,9480-65**-****-5246,53434323,승인,50000,5000,55000,00
2025-09-27 10:35:18,삼성,5765-29**-****-7457,79007979,승인,63636,6364,70000,00
2025-09-27 11:44:06,KB국민,4569-28**-****-3931,80351767,승인,63636,6364,70000,00
2025-09-27 12:05:27,신한,9411-39**-****-1566,22753004,승인,50000,5000,55000,00
2025-09-27 14:00:52,KB국민,9420-19**-****-9992,57853708,승인,7273,727,8000,00
2025-09-27 15:30:55,BC,9460-54**-****-8054,17513283,승인,50000,5000,55000,00
2025-09-27 15:53:20,삼성,5765-68**-****-6427,92587043,승인,54545,5455,60000,00
2025-09-27 17:39:42,신한,5563-58**-****-2735,27998275,승인,59091,5909,65000,00
2025-09-27 17:47:51,삼성,5765-47**-****-3717,87710695,승인,6364,636,7000,00
2025-09-27 18:33:27,삼성,5765-15**-****-7792,98560124,승인,40909,4091,45000,00
2025-09-27 19:49:07,롯데,5284-83**-****-8456,52518752,승인,18182,1818,20000,00
2025-09-27 20:11:03,KB국민,9420-27**-****-6803,24852890,승인,22727,2273,25000,00
2025-09-27 20:11:55,NH,5765-91**-****-1288,23945741,승인,63636,6364,70000,00
2025-09-27 20:15:13,신한,5563-46**-****-9185,86633382,승인,63636,6364,70000,06
2025-09-27 20:39:33,삼성,5765-54**-****-1418,95724054,승인,59091,5909,65000,00
2025-09-27 20:54:53,KB국민,5370-97**-****-1250,72284373,승인,36364,3636,40000,00
2025-09-27 20:55:25,삼성,9410-87**-****-7833,67728553,승인,22727,2273,25000,00
2025-09-27 21:01:53,KB국민,9420-39**-****-6567,39846710,승인,63636,6364,70000,00
2025-09-27 21:17:04,KB국민,9420-79**-****-9054,83061083,승인,36364,3636,40000,00
2025-09-27 21:54:24,삼성,9410-91**-****-2705,10245998,승인,45455,4545,50000,00
2025-09-27 21:58:43,삼성,5765-54**-****-4195,45712217,승인,54545,5455,60000,00
2025-09-28 13:13:29,삼성,9430-46**-****-5147,44514839,승인,72727,7273,80000,03
2025-09-28 14:53:56,신한,5563-11**-****-4607,38077388,승인,22727,2273,25000,00
2025-09-28 14:58:27,KB국민,9420-37**-****-1840,99447980,승인,16364,1636,18000,00
2025-09-28 15:41:35,신한,9411-59**-****-8986,45920948,승인,6364,636,7000,00
2025-09-28 16:03:15,신한,9411-42**-****-8968,90578161,승인,45455,4545,50000,00
2025-09-28 16:03:30,하나,5320-39**-****-2038,90635939,승인,50000,5000,55000,00
2025-09-28 16:19:30,하나,5320-39**-****-2038,90635939,취소,50000,5000,55000,00
2025-09-28 17:08:25,롯데,5284-66**-****-8915,60125961,승인,27273,2727,30000,00
2025-09-28 17:09:50,KB국민,4569-16**-****-5844,41134289,승인,50000,5000,55000,00
2025-09-28 18:12:27,KB국민,9420-55**-****-3520,27818576,승인,22727,2273,25000,00
2025-09-28 18:25:22,신한,4563-81**-****-3529,57830152,승인,54545,5455,60000,00
2025-09-28 18:41:15,KB국민,5370-17**-****-6450,46558491,승인,45455,4545,50000,06
2025-09-28 18:44:14,현대,4214-72**-****-3045,43745610,승인,40909,4091,45000,00
2025-09-28 19:22:12,현대,6011-40**-****-8667,48960688,승인,7273,727,8000,00
2025-09-28 19:25:24,KB국민,5370-58**-****-7451,17791469,승인,36364,3636,40000,00
2025-09-28 19:27:12,KB국민,5370-50**-****-8535,30061479,승인,16364,1636,18000,00
2025-09-28 20:01:12,하나,5320-22**-****-5172,48585210,승인,50000,5000,55000,00
2025-09-28 20:43:37,삼성,9410-56**-****-5047,25699005,승인,10909,1091,12000,00
2025-09-28 20:54:56,신한,9411-81**-****-1109,24176585,승인,18182,1818,20000,00
2025-09-28 21:00:01,현대,6011-98**-****-9259,47183826,승인,50000,5000,55000,00
2025-09-28 21:32:54,현대,9440-25**-****-6160,84771859,승인,72727,7273,80000,00
2025-09-28 21:33:25,현대,9440-47**-****-8845,47330850,승인,59091,5909,65000,00
2025-09-28 21:48:22,KB국민,5370-15**-****-7506,80050732,승인,9091,909,10000,00
2025-09-29 11:19:23,하나,4568-67**-****-8852,41274659,승인,40909,4091,45000,00
2025-09-29 13:20:32,신한,4563-49**-****-5050,19414613,승인,18182,1818,20000,00
2025-09-29 14:16:34,KB국민,9420-67**-****-7874,24814473,승인,13636,1364,15000,00
2025-09-29 17:29:02,롯데,9450-68**-****-7832,81673532,승인,45455,4545,50000,00
2025-09-29 18:58:57,KB국민,9420-16**-****-2582,79644074,승인,50000,5000,55000,00
2025-09-29 19:06:49,현대,6011-12**-****-5109,56053199,승인,36364,3636,40000,00
2025-09-29 19:32:29,BC,6243-83**-****-7952,88946010,승인,18182,1818,20000,00
2025-09-29 19:38:31,KB국민,9420-35**-****-9019,97805700,승인,45455,4545,50000,00
2025-09-29 19:56:13,KB국민,9420-23**-****-3646,77492709,승인,36364,3636,40000,00
2025-09-29 21:01:18,현대,4214-64**-****-6140,93872594,승인,36364,3636,40000,00
2025-09-30 11:56:25,현대,4214-99**-****-2637,56664121,승인,27273,2727,30000,00
2025-09-30 14:57:26,삼성,9430-82**-****-7036,64164841,승인,31818,3182,35000,00
2025-09-30 15:37:47,신한,5563-65**-****-1903,76513637,승인,7273,727,8000,00
2025-09-30 16:02:09,롯데,9450-64**-****-1834,51922716,승인,31818,3182,35000,00
2025-09-30 18:35:20,현대,9440-70**-****-2750,48852779,승인,9091,909,10000,00
2025-09-30 18:57:21,삼성,5765-43**-****-5380,89012683,승인,45455,4545,50000,00
2025-09-30 19:35:49,BC,6243-17**-****-4717,47325990,승인,45455,4545,50000,00
2025-09-30 19:36:52,삼성,9410-98**-****-8871,36159865,승인,54545,5455,60000,00
2025-09-30 19:42:46,하나,4568-17**-****-2096,53300586,승인,9091,909,10000,00
2025-09-30 19:54:06,롯데,4280-14**-****-5452,69668196,승인,45455,4545,50000,03
2025-09-30 20:26:40,하나,4568-69**-****-9335,85201148,승인,45455,4545,50000,00
2025-09-30 20:39:41,KB국민,5370-83**-****-5231,88181822,승인,54545,5455,60000,00
2025-09-30 20:44:10,BC,9460-31**-****-2927,75839702,승인,54545,5455,60000,00
2025-09-30 22:01:31,KB국민,9420-42**-****-5185,83475696,승인,36364,3636,40000,00
2025-09-30 22:02:28,KB국민,9420-32**-****-3643,85405680,승인,54545,5455,60000,00
2025-10-01 11:59:10,신한,9411-47**-****-1765,26229275,승인,36364,3636,40000,00
2025-10-01 12:58:46,KB국민,5370-66**-****-3751,14650051,승인,40909,4091,45000,00
2025-10-01 13:46:38,현대,9440-80**-****-9384,94432954,승인,27273,2727,30000,00
2025-10-01 14:06:26,BC,4556-28**-****-6769,74464347,승인,40909,4091,45000,00
2025-10-01 14:22:19,하나,4568-83**-****-4803,18958421,승인,9091,909,10000,00
2025-10-01 16:19:26,NH,9470-63**-****-6496,17271774,승인,10909,1091,12000,00
2025-10-01 17:47:20,KB국민,4569-99**-****-3923,71541402,승인,36364,3636,40000,00
2025-10-01 20:00:28,하나,4568-23**-****-8679,68932126,승인,36364,3636,40000,00
2025-10-01 20:24:51,하나,5320-93**-****-3581,16013383,승인,18182,1818,20000,00
2025-10-02 10:44:58,신한,5563-14**-****-6749,99002940,승인,27273,2727,30000,00
2025-10-02 12:04:39,KB국민,5370-35**-****-2834,46083687,승인,18182,1818,20000,00
2025-10-02 13:37:12,BC,4556-37**-****-6481,18981450,승인,18182,1818,20000,00
2025-10-02 15:49:51,BC,6243-47**-****-7305,57902053,승인,40909,4091,45000,00
2025-10-02 16:23:05,BC,6243-98**-****-8319,58752121,승인,18182,1818,20000,00
2025-10-02 16:23:08,삼성,9410-66**-****-1494,11494439,승인,40909,4091,45000,00
2025-10-02 17:20:18,신한,5563-45**-****-3928,31041612,승인,36364,3636,40000,00
2025-10-02 17:31:56,신한,9411-96**-****-6630,88742725,승인,45455,4545,50000,00
2025-10-02 18:54:44,KB국민,4569-86**-****-7506,30195622,승인,54545,5455,60000,00
2025-10-02 19:41:07,하나,4568-99**-****-4664,32369333,승인,50000,5000,55000,00
2025-10-02 20:11:29,신한,4563-77**-****-6476,96753736,승인,9091,909,10000,00
2025-10-02 20:15:20,삼성,9430-52**-****-4065,99323518,승인,16364,1636,18000,00
2025-10-02 20:25:58,신한,9411-38**-****-8721,22562333,승인,36364,3636,40000,00
2025-10-02 21:09:50,BC,6243-59**-****-8077,68928640,승인,36364,3636,40000,00
2025-10-02 21:15:33,하나,4568-33**-****-4675,25534970,승인,36364,3636,40000,00
2025-10-02 21:32:47,NH,5765-56**-****-1197,84359376,승인,50000,5000,55000,00
2025-10-02 22:22:42,하나,5320-14**-****-7119,85447701,승인,45455,4545,50000,03
2025-10-03 11:11:06,하나,5320-82**-****-7796,50729804,승인,50000,5000,55000,00
2025-10-03 13:33:44,삼성,5765-19**-****-8253,92600750,승인,40909,4091,45000,00
2025-10-03 14:15:14,롯데,5284-57**-****-8089,66002753,승인,6364,636,7000,00
2025-10-03 15:24:04,삼성,9430-41**-****-6494,30289477,승인,59091,5909,65000,00
2025-10-03 15:32:36,신한,9411-44**-****-7519,57205665,승인,16364,1636,18000,00
2025-10-03 15:53:01,하나,5320-98**-****-2840,16472606,승인,59091,5909,65000,00
2025-10-03 16:45:14,하나,5320-85**-****-8079,89228584,승인,59091,5909,65000,00
2025-10-03 17:56:08,삼성,9430-67**-****-8047,66643291,승인,40909,4091,45000,00
2025-10-03 18:17:02,신한,4563-27**-****-2956,63935391,승인,54545,5455,60000,00
2025-10-03 18:31:48,삼성,9430-79**-****-9437,89560229,승인,50000,5000,55000,03
2025-10-03 18:44:46,KB국민,5370-10**-****-7369,87675137,승인,13636,1364,15000,00
2025-10-03 19:00:21,KB국민,4569-34**-****-1263,39075638,승인,36364,3636,40000,00
2025-10-03 19:13:01,하나,5320-17**-****-6658,50695666,승인,10909,1091,12000,00
2025-10-03 20:08:54,NH,9470-22**-****-9356,10323611,승인,54545,5455,60000,00
2025-10-03 20:09:32,삼성,5765-82**-****-6680,80287868,승인,40909,4091,45000,00
2025-10-03 20:25:49,삼성,9430-81**-****-9343,45360977,승인,7273,727,8000,00
2025-10-03 22:22:31,롯데,5284-72**-****-6806,78758497,승인,6364,636,7000,00
2025-10-04 13:24:42,신한,4563-45**-****-4498,22815432,승인,54545,5455,60000,00
2025-10-04 14:06:59,KB국민,4569-39**-****-1570,60796280,승인,10909,1091,12000,00
2025-10-04 14:08:23,KB국민,5370-68**-****-8470,43856974,승인,18182,1818,20000,00
2025-10-04 14:59:47,삼성,5765-88**-****-4702,27404252,승인,54545,5455,60000,00
2025-10-04 15:14:37,현대,6011-79**-****-9014,77846804,승인,16364,1636,18000,00
2025-10-04 15:39:59,KB국민,4569-39**-****-1570,60796280,취소,10909,1091,12000,00
2025-10-04 15:52:59,BC,4556-77**-****-9437,57361445,승인,54545,5455,60000,00
2025-10-04 16:39:12,신한,4563-68**-****-3327,68464044,승인,45455,4545,50000,00
2025-10-04 17:43:21,삼성,9410-77**-****-9538,56207800,승인,4545,455,5000,00
2025-10-04 18:59:32,KB국민,5370-88**-****-8100,61415291,승인,40909,4091,45000,00
2025-10-04 19:08:15,KB국민,5370-53**-****-8700,40963485,승인,63636,6364,70000,00
2025-10-04 19:36:23,KB국민,4569-74**-****-2942,11787930,승인,59091,5909,65000,00
2025-10-04 19:47:16,KB국민,5370-20**-****-2598,98834351,승인,72727,7273,80000,00
2025-10-04 19:54:32,KB국민,5370-38**-****-9488,59525410,승인,50000,5000,55000,00
2025-10-04 20:07:52,BC,4556-64**-****-1818,66643742,승인,63636,6364,70000,00
2025-10-04 20:11:51,롯데,4280-69**-****-5675,54456350,승인,4545,455,5000,00
2025-10-04 20:41:34,KB국민,9420-92**-****-6665,39754560,승인,72727,7273,80000,00
2025-10-04 20:52:47,삼성,9410-12**-****-9420,21801832,승인,36364,3636,40000,00
2025-10-04 21:07:34,현대,4214-91**-****-6557,73122528,승인,50000,5000,55000,00
2025-10-04 21:18:00,KB국민,4569-60**-****-3841,12394936,승인,50000,5000,55000,00
2025-10-04 21:31:05,KB국민,9420-56**-****-5852,12379696,승인,36364,3636,40000,00
2025-10-04 21:45:59,신한,9411-12**-****-4704,73319051,승인,59091,5909,65000,00
2025-10-04 22:17:57,KB국민,5370-22**-****-7770,39201777,승인,72727,7273,80000,00
2025-10-04 22:53:41,현대,9440-33**-****-4554,41988563,승인,54545,5455,60000,00
2025-10-05 14:21:15,현대,4214-20**-****-7673,66329361,승인,45455,4545,50000,06
2025-10-05 15:13:31,KB국민,9420-74**-****-4222,88304361,승인,72727,7273,80000,00
2025-10-05 16:28:11,하나,5320-21**-****-1846,93050274,승인,50000,5000,55000,00
2025-10-05 17:53:22,롯데,4280-96**-****-9084,72379893,승인,10909,1091,12000,00
2025-10-05 18:23:42,KB국민,4569-97**-****-5004,89153979,승인,54545,5455,60000,00
2025-10-05 18:41:07,롯데,9450-32**-****-5186,77727572,승인,4545,455,5000,00
2025-10-05 18:45:30,현대,9440-12**-****-3214,15904568,승인,22727,2273,25000,00
2025-10-05 18:50:04,신한,9411-83**-****-4683,53697017,승인,63636,6364,70000,00
2025-10-05 19:18:49,하나,5320-24**-****-2059,85198859,승인,59091,5909,65000,00
2025-10-05 19:45:41,KB국민,9420-92**-****-8292,70700759,승인,72727,7273,80000,00
2025-10-06 11:11:20,신한,4563-23**-****-6573,44005150,승인,27273,2727,30000,00
2025-10-06 16:46:44,하나,4568-94**-****-6727,27248138,승인,27273,2727,30000,00
2025-10-06 19:42:51,현대,9440-43**-****-1025,94713199,승인,36364,3636,40000,00
2025-10-06 21:32:44,NH,5765-71**-****-3858,96048381,승인,50000,5000,55000,00
2025-10-06 21:49:48,KB국민,4569-22**-****-8295,94888219,승인,36364,3636,40000,00
2025-10-07 16:28:43,KB국민,5370-26**-****-5107,62076839,승인,40909,4091,45000,00
2025-10-07 19:55:58,신한,4563-65**-****-4801,72182504,승인,45455,4545,50000,00
2025-10-07 20:49:21,BC,9460-11**-****-2140,50205791,승인,54545,5455,60000,00
2025-10-07 21:22:07,삼성,5765-18**-****-6437,34164746,승인,50000,5000,55000,00
2025-10-08 12:00:30,삼성,5765-75**-****-3987,14005874,승인,40909,4091,45000,00
2025-10-08 13:13:47,롯데,9450-90**-****-8805,94691154,승인,13636,1364,15000,00
2025-10-08 14:01:03,신한,9411-16**-****-2935,58144301,승인,40909,4091,45000,00
2025-10-08 14:24:05,현대,6011-94**-****-4352,64342573,승인,36364,3636,40000,00
2025-10-08 15:26:23,KB국민,9420-86**-****-3673,52533981,승인,7273,727,8000,00
2025-10-08 15:37:55,KB국민,5370-60**-****-6519,63807671,승인,27273,2727,30000,00
2025-10-08 16:37:37,KB국민,5370-87**-****-7294,90707984,승인,4545,455,5000,00
2025-10-08 18:34:25,KB국민,9420-52**-****-2002,58391134,승인,18182,1818,20000,00
2025-10-08 19:15:06,KB국민,4569-60**-****-6468,50012072,승인,54545,5455,60000,00
2025-10-08 19:24:16,KB국민,4569-48**-****-1908,77300729,승인,36364,3636,40000,00
2025-10-08 19:31:53,KB국민,9420-68**-****-2476,26066798,승인,45455,4545,50000,00
2025-10-08 19:41:38,BC,4556-96**-****-7802,19660505,승인,45455,4545,50000,00
2025-10-08 19:56:23,KB국민,4569-36**-****-9021,52973285,승인,45455,4545,50000,00
2025-10-08 20:10:18,신한,4563-94**-****-9199,42880642,승인,40909,4091,45000,00
2025-10-08 20:30:35,롯데,4280-32**-****-9179,80141098,승인,36364,3636,40000,00
2025-10-08 20:47:03,삼성,9410-83**-****-7338,59890730,승인,40909,4091,45000,00
2025-10-08 21:20:18,신한,4563-16**-****-1155,98161970,승인,22727,2273,25000,00
2025-10-08 22:26:05,KB국민,4569-60**-****-7460,65338281,승인,54545,5455,60000,00
2025-10-09 14:40:41,삼성,5765-62**-****-6786,21404943,승인,36364,3636,40000,00
2025-10-09 15:23:31,삼성,9410-77**-****-2104,45690208,승인,40909,4091,45000,00
2025-10-09 16:08:44,신한,9411-34**-****-8162,10770682,승인,45455,4545,50000,00
2025-10-09 16:47:31,KB국민,9420-51**-****-6897,14540382,승인,10909,1091,12000,00
2025-10-09 16:57:38,신한,9411-77**-****-7726,99145904,승인,40909,4091,45000,00
2025-10-09 17:09:57,신한,9411-80**-****-3013,57435606,승인,22727,2273,25000,00
2025-10-09 18:16:26,삼성,9410-79**-****-8119,81906385,승인,36364,3636,40000,00
2025-10-09 18:42:58,신한,9411-98**-****-4606,59472852,승인,45455,4545,50000,00
2025-10-09 20:09:49,KB국민,9420-87**-****-3905,39903297,승인,40909,4091,45000,00
2025-10-09 20:22:09,BC,4556-57**-****-2701,36023004,승인,54545,5455,60000,00
2025-10-09 20:52:06,하나,4568-83**-****-9344,36177262,승인,40909,4091,45000,00
2025-10-10 13:27:15,신한,4563-42**-****-8846,74085159,승인,27273,2727,30000,00
2025-10-10 13:40:39,신한,4563-86**-****-5324,62385593,승인,22727,2273,25000,00
2025-10-10 14:18:13,신한,9411-31**-****-6294,25475831,승인,72727,7273,80000,00
2025-10-10 16:29:28,KB국민,5370-80**-****-2333,85535778,승인,13636,1364,15000,00
2025-10-10 17:39:28,KB국민,9420-48**-****-8379,77909494,승인,22727,2273,25000,00
2025-10-10 17:47:36,하나,4568-29**-****-3423,67767878,승인,63636,6364,70000,00
2025-10-10 17:53:24,KB국민,5370-48**-****-4833,69621375,승인,54545,5455,60000,00
2025-10-10 18:16:16,KB국민,4569-80**-****-9706,67279907,승인,72727,7273,80000,00
2025-10-10 18:17:15,현대,9440-38**-****-3320,78127460,승인,18182,1818,20000,00
2025-10-10 18:41:00,KB국민,9420-72**-****-7888,89797909,승인,59091,5909,65000,00
2025-10-10 18:58:41,삼성,5765-67**-****-8975,41707979,승인,63636,6364,70000,06
2025-10-10 18:59:34,신한,4563-96**-****-1418,55421749,승인,72727,7273,80000,00
2025-10-10 19:00:20,신한,9411-13**-****-7827,93793965,승인,36364,3636,40000,00
2025-10-10 19:05:28,KB국민,9420-59**-****-4798,68497067,승인,10909,1091,12000,00
2025-10-10 19:43:43,NH,4547-24**-****-8416,42848486,승인,13636,1364,15000,00
2025-10-10 21:10:32,현대,9440-10**-****-6651,34336115,승인,40909,4091,45000,00
2025-10-10 22:26:24,KB국민,9420-84**-****-6195,25415109,승인,36364,3636,40000,00
2025-10-11 10:28:39,현대,9440-55**-****-7631,29826155,승인,50000,5000,55000,00
2025-10-11 15:36:56,롯데,9450-83**-****-5731,32904132,승인,22727,2273,25000,00
2025-10-11 16:14:30,KB국민,5370-98**-****-7981,35798812,승인,6364,636,7000,00
2025-10-11 16:37:55,삼성,5765-91**-****-1663,13820906,승인,50000,5000,55000,00
2025-10-11 16:50:12,현대,6011-12**-****-9875,86547283,승인,59091,5909,65000,00
2025-10-11 17:10:22,KB국민,9420-54**-****-2284,67090187,승인,54545,5455,60000,06
2025-10-11 17:15:35,롯데,9450-76**-****-8921,54774913,승인,18182,1818,20000,00
2025-10-11 17:26:28,삼성,9410-23**-****-9761,52623801,승인,7273,727,8000,00
2025-10-11 17:35:23,삼성,9410-45**-****-4671,50656800,승인,54545,5455,60000,00
2025-10-11 17:51:10,롯데,5284-77**-****-1001,75778330,승인,45455,4545,50000,00
2025-10-11 18:04:29,신한,5563-31**-****-8246,47307264,승인,72727,7273,80000,00
2025-10-11 18:48:40,현대,6011-99**-****-3396,73900081,승인,59091,5909,65000,00
2025-10-11 18:53:33,KB국민,5370-81**-****-7684,45004550,승인,13636,1364,15000,00
2025-10-11 19:15:56,롯데,5284-40**-****-6508,37135918,승인,36364,3636,40000,00
2025-10-11 19:28:45,현대,6011-97**-****-1445,20964239,승인,45455,4545,50000,00
2025-10-11 19:31:32,NH,9470-45**-****-5789,58828387,승인,59091,5909,65000,00
2025-10-11 19:32:13,롯데,4280-64**-****-3025,69464552,승인,16364,1636,18000,00
2025-10-11 19:32:46,BC,4556-82**-****-1446,77044223,승인,50000,5000,55000,00
2025-10-11 20:20:35,현대,6011-95**-****-8542,14603529,승인,40909,4091,45000,00
2025-10-11 20:23:12,신한,9411-76**-****-8166,39115196,승인,63636,6364,70000,00
2025-10-11 21:18:26,BC,4556-27**-****-2689,35292502,승인,45455,4545,50000,00
2025-10-11 21:20:37,신한,4563-66**-****-2856,40885476,승인,36364,3636,40000,00
2025-10-11 21:23:02,롯데,5284-34**-****-2344,16099108,승인,72727,7273,80000,00
2025-10-11 22:29:54,신한,4563-38**-****-8465,87986452,승인,63636,6364,70000,00
2025-10-11 22:42:32,삼성,9430-98**-****-4284,83903008,승인,54545,5455,60000,00
2025-10-12 10:18:07,롯데,9450-17**-****-7059,72668283,승인,36364,3636,40000,00
2025-10-12 11:37:32,신한,9411-24**-****-9209,63418652,승인,72727,7273,80000,00
2025-10-12 11:48:49,BC,4556-92**-****-5458,95369388,승인,54545,5455,60000,00
2025-10-12 11:53:19,KB국민,5370-12**-****-8824,64510880,승인,59091,5909,65000,03
2025-10-12 14:44:52,삼성,5765-51**-****-6245,80947290,승인,40909,4091,45000,00
2025-10-12 15:06:08,KB국민,9420-60**-****-8412,33114349,승인,18182,1818,20000,00
2025-10-12 15:13:37,신한,5563-63**-****-9908,76547190,승인,36364,3636,40000,00
2025-10-12 15:26:24,신한,9411-29**-****-2830,56866275,승인,7273,727,8000,00
2025-10-12 15:38:06,KB국민,5370-42**-****-7242,53689880,승인,45455,4545,50000,00
2025-10-12 16:47:48,KB국민,4569-47**-****-1195,15247808,승인,72727,7273,80000,00
2025-10-12 16:54:16,롯데,5284-65**-****-4036,45062480,승인,10909,1091,12000,00
2025-10-12 17:13:21,KB국민,4569-15**-****-3440,80651527,승인,72727,7273,80000,00
2025-10-12 17:35:03,현대,6011-25**-****-8394,72578653,승인,27273,2727,30000,00
2025-10-12 17:42:26,NH,4547-57**-****-8876,56962250,승인,36364,3636,40000,00
2025-10-12 17:43:52,삼성,5765-90**-****-7008,61325758,승인,40909,4091,45000,00
2025-10-12 18:28:50,롯데,5284-22**-****-5761,10403374,승인,50000,5000,55000,00
2025-10-12 19:21:27,롯데,4280-15**-****-9293,40234460,승인,59091,5909,65000,00
2025-10-12 19:53:20,신한,5563-24**-****-7168,68724299,승인,40909,4091,45000,00
2025-10-12 20:10:50,신한,4563-72**-****-6063,47594104,승인,27273,2727,30000,00
2025-10-12 20:25:13,KB국민,5370-56**-****-5987,53648604,승인,50000,5000,55000,00
2025-10-12 20:58:47,KB국민,9420-40**-****-4619,56906175,승인,40909,4091,45000,00
2025-10-12 20:59:48,KB국민,4569-76**-****-1225,25956147,승인,54545,5455,60000,00
2025-10-12 21:11:24,신한,4563-21**-****-8336,66021490,승인,6364,636,7000,00
2025-10-12 21:36:39,NH,4547-87**-****-6081,51305577,승인,36364,3636,40000,00
2025-10-12 21:39:40,KB국민,9420-15**-****-1577,14679668,승인,63636,6364,70000,00
2025-10-12 21:41:14,롯데,5284-64**-****-2540,14942280,승인,6364,636,7000,00
2025-10-12 22:05:14,삼성,5765-15**-****-6837,15649518,승인,54545,5455,60000,00
2025-10-12 22:34:58,신한,9411-90**-****-4765,83225650,승인,40909,4091,45000,00
2025-10-13 10:51:31,현대,9440-65**-****-6095,45101901,승인,36364,3636,40000,00
2025-10-13 14:09:20,신한,9411-28**-****-4235,67746152,승인,36364,3636,40000,00
2025-10-13 14:39:13,KB국민,5370-29**-****-5067,64587643,승인,18182,1818,20000,00
2025-10-13 15:32:31,삼성,5765-80**-****-4102,35814466,승인,40909,4091,45000,00
2025-10-13 16:23:25,KB국민,9420-32**-****-9611,11777607,승인,45455,4545,50000,06
2025-10-13 17:30:04,KB국민,5370-14**-****-6027,99115076,승인,40909,4091,45000,00
2025-10-13 17:38:25,롯데,9450-95**-****-8786,65954812,승인,45455,4545,50000,00
2025-10-13 18:28:15,삼성,9430-67**-****-3054,70016368,승인,9091,909,10000,00
2025-10-13 19:36:51,BC,6243-81**-****-8584,15977606,승인,36364,3636,40000,00
2025-10-13 19:53:05,KB국민,5370-54**-****-6899,19716575,승인,40909,4091,45000,00
2025-10-13 20:09:38,롯데,5284-21**-****-5209,98564865,승인,50000,5000,55000,00
2025-10-13 20:36:42,신한,5563-28**-****-6931,74591322,승인,45455,4545,50000,00
2025-10-13 20:37:40,롯데,4280-91**-****-8312,71445473,승인,10909,1091,12000,00
2025-10-13 20:37:43,하나,4568-87**-****-5398,91949970,승인,7273,727,8000,00
2025-10-13 20:57:17,롯데,5284-34**-****-3031,57285415,승인,36364,3636,40000,00
2025-10-13 21:27:28,KB국민,9420-74**-****-6500,78276238,승인,10909,1091,12000,00
2025-10-14 12:20:50,KB국민,5370-61**-****-7521,47520239,승인,27273,2727,30000,00
2025-10-14 15:33:53,현대,4214-19**-****-4177,24810745,승인,27273,2727,30000,00
2025-10-14 15:52:38,NH,4547-61**-****-4766,97125454,승인,27273,2727,30000,00
2025-10-14 16:19:02,KB국민,9420-34**-****-4630,36804030,승인,31818,3182,35000,00
2025-10-14 16:49:56,KB국민,9420-56**-****-2544,75053619,승인,9091,909,10000,00
2025-10-14 17:22:40,삼성,5765-62**-****-7607,77730785,승인,50000,5000,55000,00
2025-10-14 17:28:41,신한,9411-60**-****-2239,26568150,승인,54545,5455,60000,00
2025-10-14 18:00:10,KB국민,9420-25**-****-1955,90126854,승인,40909,4091,45000,00
2025-10-14 21:45:49,BC,4556-86**-****-8375,11988274,승인,40909,4091,45000,00
2025-10-15 11:25:02,KB국민,9420-28**-****-3860,51733564,승인,31818,3182,35000,00
2025-10-15 12:14:30,삼성,5765-20**-****-8428,47657937,승인,9091,909,10000,00
2025-10-15 12:34:13,KB국민,4569-24**-****-3686,49045368,승인,16364,1636,18000,00
2025-10-15 13:03:33,삼성,9430-88**-****-8865,88105918,승인,36364,3636,40000,00
2025-10-15 18:05:01,롯데,9450-58**-****-4861,57407891,승인,50000,5000,55000,06
2025-10-15 18:41:01,삼성,5765-14**-****-2053,85743248,승인,50000,5000,55000,00
2025-10-15 20:37:01,현대,6011-13**-****-3540,16985910,승인,9091,909,10000,00
2025-10-15 21:31:35,삼성,9430-91**-****-2716,83854958,승인,54545,5455,60000,00
2025-10-15 22:09:55,하나,9480-15**-****-6527,65809222,승인,50000,5000,55000,00
2025-10-15 22:30:41,신한,5563-63**-****-7482,60220136,승인,45455,4545,50000,00
2025-10-16 10:47:31,하나,5320-34**-****-1888,25511482,승인,40909,4091,45000,00
2025-10-16 11:30:52,삼성,9430-61**-****-4550,65175694,승인,45455,4545,50000,00
2025-10-16 14:05:19,삼성,5765-36**-****-4275,53872530,승인,16364,1636,18000,00
2025-10-16 14:14:34,NH,9470-86**-****-3501,37811670,승인,27273,2727,30000,00
2025-10-16 14:15:07,현대,6011-43**-****-7889,12467794,승인,36364,3636,40000,00
2025-10-16 14:36:29,하나,4568-14**-****-5193,25050316,승인,31818,3182,35000,00
2025-10-16 14:54:59,삼성,9410-16**-****-7278,86107746,승인,16364,1636,18000,00
2025-10-16 15:05:32,KB국민,9420-68**-****-5395,83293374,승인,45455,4545,50000,00
2025-10-16 16:01:17,KB국민,9420-56**-****-9074,15193215,승인,36364,3636,40000,00
2025-10-16 16:42:54,KB국민,4569-57**-****-9016,49143401,승인,31818,3182,35000,00
2025-10-16 17:02:30,현대,6011-73**-****-5661,48307942,승인,36364,3636,40000,00
2025-10-16 17:09:06,롯데,5284-10**-****-9197,47950463,승인,36364,3636,40000,00
2025-10-16 18:20:57,현대,6011-18**-****-3814,41009196,승인,50000,5000,55000,00
2025-10-16 22:53:33,KB국민,4569-91**-****-6889,97183463,승인,40909,4091,45000,00
2025-10-17 10:18:37,하나,4568-66**-****-8213,48594110,승인,45455,4545,50000,00
2025-10-17 11:35:09,삼성,5765-25**-****-8354,90807852,승인,50000,5000,55000,03
2025-10-17 12:19:37,신한,9411-53**-****-9165,35721885,승인,36364,3636,40000,00
2025-10-17 13:10:01,하나,4568-55**-****-7237,66625181,승인,9091,909,10000,00
2025-10-17 13:11:51,KB국민,4569-51**-****-7786,66831998,승인,63636,6364,70000,00
2025-10-17 13:44:51,하나,4568-37**-****-8202,19980836,승인,54545,5455,60000,00
2025-10-17 13:45:31,현대,4214-60**-****-3674,26377550,승인,72727,7273,80000,00
2025-10-17 15:01:04,삼성,5765-47**-****-6196,27432227,승인,27273,2727,30000,00
2025-10-17 15:48:24,BC,9460-22**-****-7211,49303646,승인,63636,6364,70000,00
2025-10-17 16:29:58,KB국민,9420-22**-****-5084,74068948,승인,40909,4091,45000,00
2025-10-17 16:30:51,신한,9411-93**-****-4929,13775646,승인,63636,6364,70000,00
2025-10-17 16:48:33,삼성,9410-47**-****-7970,26951157,승인,7273,727,8000,00
2025-10-17 17:17:13,롯데,9450-94**-****-5963,19357245,승인,10909,1091,12000,00
2025-10-17 17:28:51,현대,4214-56**-****-4700,90275738,승인,50000,5000,55000,00
2025-10-17 18:52:00,신한,5563-73**-****-2487,64132288,승인,50000,5000,55000,00
2025-10-17 19:23:01,KB국민,9420-10**-****-1190,54656200,승인,40909,4091,45000,00
2025-10-17 19:28:13,신한,9411-90**-****-9558,97238441,승인,22727,2273,25000,00
2025-10-17 20:16:56,신한,4563-65**-****-7484,29393638,승인,18182,1818,20000,00
2025-10-17 20:18:20,NH,4547-87**-****-2804,99372587,승인,72727,7273,80000,00
2025-10-17 20:46:03,KB국민,5370-19**-****-5766,26505050,승인,18182,1818,20000,00
2025-10-17 21:00:43,KB국민,4569-79**-****-1876,57229041,승인,63636,6364,70000,00
2025-10-17 21:05:29,KB국민,5370-24**-****-1602,23895390,승인,4545,455,5000,00
2025-10-17 21:17:20,NH,4547-87**-****-2804,99372587,취소,72727,7273,80000,00
2025-10-17 21:59:13,삼성,5765-21**-****-5320,86955662,승인,72727,7273,80000,00
2025-10-17 22:20:55,삼성,9430-43**-****-3662,25570537,승인,40909,4091,45000,00
2025-10-18 10:39:22,KB국민,9420-14**-****-6804,90391455,승인,45455,4545,50000,00
2025-10-18 11:20:41,삼성,9410-93**-****-8795,23988945,승인,54545,5455,60000,00
2025-10-18 12:43:20,현대,4214-40**-****-4939,45898504,승인,54545,5455,60000,00
2025-10-18 14:50:11,현대,9440-50**-****-4302,97316431,승인,72727,7273,80000,00
2025-10-18 15:05:11,KB국민,4569-98**-****-1037,38748039,승인,59091,5909,65000,00
2025-10-18 16:17:02,삼성,5765-75**-****-1424,81503272,승인,63636,6364,70000,00
2025-10-18 16:48:59,삼성,9430-11**-****-6152,67733505,승인,50000,5000,55000,00
2025-10-18 16:58:36,KB국민,4569-59**-****-3511,63448243,승인,45455,4545,50000,00
2025-10-18 17:14:33,삼성,5765-40**-****-3438,47457170,승인,59091,5909,65000,00
2025-10-18 17:24:03,KB국민,9420-11**-****-4726,46814511,승인,40909,4091,45000,00
2025-10-18 17:49:23,BC,9460-95**-****-2253,74919405,승인,45455,4545,50000,00
2025-10-18 18:22:48,삼성,9430-43**-****-2902,22338495,승인,63636,6364,70000,00
2025-10-18 18:25:13,신한,5563-21**-****-2554,90104772,승인,45455,4545,50000,00
2025-10-18 18:44:31,삼성,9410-29**-****-6071,11592550,승인,10909,1091,12000,00
2025-10-18 19:11:02,KB국민,4569-24**-****-5274,59609009,승인,18182,1818,20000,00
2025-10-18 19:23:41,신한,4563-22**-****-1564,99235146,승인,72727,7273,80000,00
2025-10-18 19:29:04,현대,4214-53**-****-3350,16766491,승인,27273,2727,30000,00
2025-10-18 19:45:38,KB국민,9420-72**-****-3984,38300551,승인,9091,909,10000,00
2025-10-18 20:20:03,하나,9480-12**-****-8762,21087241,승인,54545,5455,60000,00
2025-10-18 20:36:23,현대,6011-72**-****-9968,76353255,승인,13636,1364,15000,00
2025-10-18 21:07:33,현대,6011-44**-****-8334,96471608,승인,59091,5909,65000,00
2025-10-18 21:27:25,삼성,9430-64**-****-5696,44510135,승인,59091,5909,65000,00
2025-10-18 21:41:43,현대,9440-97**-****-2723,11594745,승인,54545,5455,60000,00
2025-10-18 22:10:33,현대,6011-44**-****-8334,96471608,취소,59091,5909,65000,00
2025-10-18 22:34:38,현대,6011-83**-****-8016,53114723,승인,36364,3636,40000,00
2025-10-18 22:42:21,삼성,9430-92**-****-4706,10293374,승인,27273,2727,30000,00
2025-10-18 22:47:41,KB국민,5370-25**-****-2458,30145147,승인,36364,3636,40000,00
2025-10-18 22:52:07,NH,9470-30**-****-3433,38141066,승인,72727,7273,80000,00
2025-10-19 10:58:14,신한,5563-36**-****-3132,45406764,승인,59091,5909,65000,00
2025-10-19 11:49:48,신한,9411-71**-****-5072,11602218,승인,54545,5455,60000,00
2025-10-19 12:20:06,현대,6011-40**-****-2206,97993516,승인,40909,4091,45000,00
2025-10-19 14:04:23,현대,9440-79**-****-8358,50479544,승인,40909,4091,45000,00
2025-10-19 14:06:01,신한,5563-32**-****-1726,44914574,승인,72727,7273,80000,00
2025-10-19 14:54:10,KB국민,5370-51**-****-9580,73687896,승인,36364,3636,40000,00
2025-10-19 15:38:34,KB국민,9420-93**-****-5559,68743205,승인,50000,5000,55000,00
2025-10-19 17:36:17,현대,9440-27**-****-4459,26925127,승인,54545,5455,60000,00
2025-10-19 18:06:42,롯데,9450-82**-****-3935,97497841,승인,40909,4091,45000,00
2025-10-19 18:23:27,삼성,9410-14**-****-4544,69894418,승인,10909,1091,12000,00
2025-10-19 18:25:10,BC,9460-72**-****-8202,12047614,승인,54545,5455,60000,00
2025-10-19 18:35:48,하나,5320-55**-****-8967,39418084,승인,7273,727,8000,00
2025-10-19 18:40:06,하나,9480-84**-****-3091,29943158,승인,63636,6364,70000,00
2025-10-19 19:13:48,삼성,5765-65**-****-2131,22522362,승인,9091,909,10000,00
2025-10-19 19:33:20,BC,9460-45**-****-9764,76055891,승인,4545,455,5000,00
2025-10-19 20:00:48,삼성,5765-65**-****-2131,22522362,취소,9091,909,10000,00
2025-10-19 20:24:26,현대,4214-92**-****-1997,98919392,승인,16364,1636,18000,00
2025-10-19 21:51:14,삼성,9410-17**-****-8297,43582265,승인,40909,4091,45000,00
2025-10-19 22:07:27,삼성,5765-89**-****-1106,90001444,승인,45455,4545,50000,00
2025-10-19 22:22:35,하나,5320-25**-****-3776,40224643,승인,72727,7273,80000,00
2025-10-20 10:14:20,삼성,5765-82**-****-2617,91133340,승인,36364,3636,40000,00
2025-10-20 10:15:31,롯데,9450-97**-****-5188,17660115,승인,31818,3182,35000,00
2025-10-20 12:20:16,NH,5765-20**-****-6923,59647650,승인,4545,455,5000,00
2025-10-20 15:31:39,하나,9480-72**-****-4521,86804278,승인,27273,2727,30000,00
2025-10-20 16:50:58,삼성,9430-27**-****-6381,87246783,승인,36364,3636,40000,00
2025-10-20 17:45:28,롯데,5284-47**-****-5317,34890651,승인,54545,5455,60000,00
2025-10-20 19:01:21,KB국민,4569-26**-****-2960,13251916,승인,40909,4091,45000,00
2025-10-20 19:13:01,삼성,9410-11**-****-1833,48493069,승인,50000,5000,55000,00
2025-10-20 20:10:58,현대,4214-94**-****-9990,91247233,승인,36364,3636,40000,00
2025-10-20 20:28:44,삼성,9430-41**-****-8834,29787890,승인,45455,4545,50000,00
2025-10-20 20:50:54,KB국민,9420-45**-****-5309,53195741,승인,50000,5000,55000,00
2025-10-20 21:42:20,KB국민,4569-82**-****-1157,33392724,승인,16364,1636,18000,00
2025-10-20 22:23:33,삼성,9410-60**-****-2581,34496326,승인,40909,4091,45000,00
2025-10-21 12:55:02,롯데,4280-59**-****-1854,94567684,승인,36364,3636,40000,00
2025-10-21 15:03:00,NH,9470-47**-****-1368,65343852,승인,27273,2727,30000,00
2025-10-21 15:18:17,KB국민,4569-92**-****-6987,77790188,승인,16364,1636,18000,00
2025-10-21 15:22:16,KB국민,5370-78**-****-5844,69152414,승인,45455,4545,50000,00
2025-10-21 16:21:38,신한,9411-12**-****-6541,68947411,승인,27273,2727,30000,00
2025-10-21 16:23:26,신한,5563-46**-****-3326,63192552,승인,27273,2727,30000,00
2025-10-21 17:20:28,삼성,5765-99**-****-1647,73151137,승인,50000,5000,55000,00
2025-10-21 18:30:03,신한,4563-62**-****-2632,78437049,승인,7273,727,8000,00
2025-10-21 18:36:04,롯데,5284-49**-****-6887,79678758,승인,45455,4545,50000,00
2025-10-21 19:30:51,BC,6243-34**-****-7345,23626173,승인,50000,5000,55000,00
2025-10-21 19:44:57,롯데,9450-25**-****-5055,88374884,승인,9091,909,10000,00
2025-10-21 19:47:05,하나,9480-95**-****-3795,24330053,승인,36364,3636,40000,00
2025-10-21 19:48:11,현대,9440-39**-****-9884,34859854,승인,10909,1091,12000,00
2025-10-21 20:24:22,현대,4214-81**-****-1981,25770808,승인,40909,4091,45000,00
2025-10-21 20:38:47,현대,9440-42**-****-4671,94244568,승인,54545,5455,60000,03
2025-10-21 21:59:54,롯데,5284-90**-****-2165,68094483,승인,36364,3636,40000,00
2025-10-22 11:15:17,신한,5563-78**-****-2632,71012489,승인,31818,3182,35000,00
2025-10-22 14:08:54,KB국민,4569-65**-****-8234,71435608,승인,22727,2273,25000,00
2025-10-22 18:53:51,KB국민,5370-60**-****-8838,99399657,승인,54545,5455,60000,06
2025-10-22 19:51:30,BC,4556-67**-****-4371,81287183,승인,50000,5000,55000,00
2025-10-22 20:10:49,KB국민,9420-44**-****-2512,50176369,승인,54545,5455,60000,00
2025-10-22 21:50:15,현대,6011-73**-****-5571,89953062,승인,50000,5000,55000,00
2025-10-22 21:55:34,NH,5765-92**-****-3534,48815255,승인,45455,4545,50000,00
2025-10-22 22:58:58,하나,5320-59**-****-6071,55601414,승인,54545,5455,60000,03
2025-10-23 13:36:42,신한,5563-11**-****-9130,81262542,승인,45455,4545,50000,00
2025-10-23 16:17:50,KB국민,4569-44**-****-2818,14570082,승인,40909,4091,45000,00
2025-10-23 16:28:54,하나,9480-56**-****-3208,12452387,승인,40909,4091,45000,00
2025-10-23 16:46:21,KB국민,9420-36**-****-7717,42484152,승인,40909,4091,45000,00
2025-10-23 18:17:53,롯데,4280-61**-****-7985,13066978,승인,7273,727,8000,00
2025-10-23 19:05:37,현대,4214-58**-****-3681,43972968,승인,36364,3636,40000,00
2025-10-23 19:23:23,신한,5563-51**-****-9818,71510769,승인,45455,4545,50000,00
2025-10-23 19:49:09,KB국민,9420-17**-****-9158,84534128,승인,50000,5000,55000,00
2025-10-23 20:08:23,하나,4568-80**-****-5376,46116215,승인,50000,5000,55000,00
2025-10-23 20:13:50,현대,4214-15**-****-8945,98794949,승인,54545,5455,60000,00
2025-10-23 20:26:48,신한,5563-93**-****-7140,68528488,승인,50000,5000,55000,00
2025-10-23 20:44:17,삼성,9430-82**-****-1432,55830158,승인,40909,4091,45000,00
2025-10-23 22:49:00,삼성,9430-77**-****-3142,93889776,승인,50000,5000,55000,00
2025-10-24 10:13:49,신한,4563-45**-****-3876,93687141,승인,72727,7273,80000,00
2025-10-24 10:46:11,KB국민,5370-83**-****-8437,37427210,승인,72727,7273,80000,00
2025-10-24 11:42:02,KB국민,5370-49**-****-4534,87781486,승인,36364,3636,40000,00
2025-10-24 13:41:44,KB국민,4569-41**-****-1645,19149798,승인,45455,4545,50000,00
2025-10-24 15:06:26,KB국민,4569-97**-****-4162,67489072,승인,54545,5455,60000,03
2025-10-24 15:29:09,하나,5320-72**-****-8559,89078901,승인,16364,1636,18000,00
2025-10-24 15:35:00,현대,6011-88**-****-6774,92298647,승인,40909,4091,45000,00
2025-10-24 16:05:41,삼성,9410-57**-****-1975,90898067,승인,45455,4545,50000,00
2025-10-24 16:15:30,신한,5563-16**-****-6316,42700856,승인,72727,7273,80000,00
2025-10-24 17:04:22,현대,4214-28**-****-9349,37938721,승인,63636,6364,70000,00
2025-10-24 17:39:38,신한,5563-96**-****-6000,78588835,승인,7273,727,8000,00
2025-10-24 18:01:54,BC,9460-14**-****-6640,23302118,승인,72727,7273,80000,00
2025-10-24 18:50:40,롯데,5284-79**-****-5328,33149789,승인,45455,4545,50000,00
2025-10-24 19:46:30,NH,4547-77**-****-3605,77230872,승인,59091,5909,65000,00
2025-10-24 19:49:38,신한,9411-87**-****-8896,63432510,승인,54545,5455,60000,00
2025-10-24 20:25:10,삼성,9430-35**-****-6775,31198408,승인,13636,1364,15000,00
2025-10-24 20:27:22,KB국민,4569-42**-****-9609,28732296,승인,50000,5000,55000,00
2025-10-24 20:50:24,신한,5563-22**-****-5615,52512601,승인,13636,1364,15000,00
2025-10-24 21:05:03,삼성,9430-86**-****-3709,60620822,승인,10909,1091,12000,00
2025-10-24 21:46:32,KB국민,4569-31**-****-2298,80674710,승인,22727,2273,25000,00
2025-10-24 22:27:43,현대,9440-34**-****-5752,84843081,승인,63636,6364,70000,00
2025-10-24 22:28:10,KB국민,4569-78**-****-9156,61479193,승인,22727,2273,25000,00
2025-10-24 22:34:09,하나,4568-55**-****-8121,89205032,승인,72727,7273,80000,00
2025-10-25 11:37:13,신한,9411-51**-****-2864,78606375,승인,59091,5909,65000,03
2025-10-25 13:49:51,신한,4563-33**-****-1921,66684607,승인,54545,5455,60000,00
2025-10-25 14:41:20,하나,4568-53**-****-5088,82811158,승인,40909,4091,45000,00
2025-10-25 14:53:38,BC,9460-22**-****-1093,98654682,승인,72727,7273,80000,00
2025-10-25 16:05:57,롯데,4280-83**-****-2843,54020460,승인,59091,5909,65000,00
2025-10-25 16:25:28,하나,9480-17**-****-8817,16217166,승인,50000,5000,55000,00
2025-10-25 16:33:59,신한,4563-55**-****-4637,52661126,승인,40909,4091,45000,00
2025-10-25 17:13:33,신한,5563-61**-****-7985,17113856,승인,63636,6364,70000,00
2025-10-25 17:47:35,BC,4556-43**-****-1764,46350421,승인,16364,1636,18000,00
2025-10-25 17:54:20,NH,4547-29**-****-7160,52523431,승인,10909,1091,12000,00
2025-10-25 17:56:16,KB국민,5370-53**-****-9061,44608384,승인,22727,2273,25000,00
2025-10-25 18:00:53,삼성,9430-43**-****-7565,17636483,승인,10909,1091,12000,00
2025-10-25 18:09:01,삼성,9430-82**-****-2675,19269251,승인,54545,5455,60000,03
2025-10-25 18:33:59,신한,4563-55**-****-4637,52661126,취소,40909,4091,45000,00
2025-10-25 18:50:55,신한,4563-81**-****-1688,32871224,승인,13636,1364,15000,00
2025-10-25 18:52:50,KB국민,4569-19**-****-1345,86171554,승인,6364,636,7000,00
2025-10-25 19:53:17,삼성,5765-14**-****-1506,50645552,승인,72727,7273,80000,00
2025-10-25 19:58:57,삼성,9410-61**-****-8895,90587725,승인,16364,1636,18000,00
2025-10-25 20:14:00,하나,5320-37**-****-8295,70819987,승인,45455,4545,50000,00
2025-10-25 20:45:04,신한,4563-63**-****-6889,13727046,승인,72727,7273,80000,00
2025-10-25 20:51:56,롯데,5284-87**-****-8941,68656013,승인,10909,1091,12000,00
2025-10-25 21:18:36,KB국민,5370-11**-****-5277,10011582,승인,45455,4545,50000,03
2025-10-25 21:47:33,KB국민,4569-24**-****-2791,50279989,승인,7273,727,8000,00
2025-10-26 11:22:54,삼성,9410-66**-****-4724,99802619,승인,36364,3636,40000,00
2025-10-26 12:43:49,신한,5563-46**-****-5384,72454752,승인,36364,3636,40000,00
2025-10-26 13:04:26,신한,9411-58**-****-8295,98511951,승인,40909,4091,45000,00
2025-10-26 13:05:38,롯데,9450-85**-****-5905,25746460,승인,45455,4545,50000,00
2025-10-26 15:00:40,삼성,9410-89**-****-6956,75132743,승인,45455,4545,50000,00
2025-10-26 16:27:06,NH,9470-64**-****-8101,75512214,승인,63636,6364,70000,00
2025-10-26 17:03:08,신한,4563-72**-****-9412,35233943,승인,13636,1364,15000,00
2025-10-26 17:15:29,신한,4563-89**-****-6522,57210060,승인,4545,455,5000,00
2025-10-26 17:36:30,현대,6011-60**-****-8659,65179104,승인,45455,4545,50000,00
2025-10-26 17:52:42,롯데,5284-16**-****-3759,97747615,승인,4545,455,5000,00
2025-10-26 18:12:27,NH,5765-77**-****-1891,87340671,승인,72727,7273,80000,00
2025-10-26 18:26:49,KB국민,9420-15**-****-8278,49367965,승인,45455,4545,50000,00
2025-10-26 18:28:41,삼성,5765-43**-****-2274,39522955,승인,36364,3636,40000,00
2025-10-26 19:09:36,BC,4556-60**-****-9875,35885543,승인,16364,1636,18000,00
2025-10-26 19:49:25,삼성,5765-53**-****-3706,64358801,승인,36364,3636,40000,00
2025-10-26 20:03:34,KB국민,9420-14**-****-9842,29961112,승인,50000,5000,55000,00
2025-10-26 20:27:00,현대,4214-24**-****-6699,82059413,승인,40909,4091,45000,00
2025-10-26 20:39:59,롯데,5284-77**-****-1307,82318972,승인,54545,5455,60000,00
2025-10-26 20:43:03,신한,9411-14**-****-6282,13932056,승인,59091,5909,65000,00
2025-10-26 21:00:57,NH,9470-46**-****-9305,59354974,승인,72727,7273,80000,00
2025-10-26 21:33:59,롯데,5284-77**-****-1307,82318972,취소,54545,5455,60000,00
2025-10-26 21:39:06,삼성,9430-19**-****-7206,68464298,승인,13636,1364,15000,00
2025-10-26 21:51:03,삼성,9430-56**-****-5520,16174094,승인,27273,2727,30000,00
2025-10-27 11:30:00,KB국민,9420-30**-****-1386,71128806,승인,31818,3182,35000,00
2025-10-27 14:34:32,KB국민,5370-49**-****-8941,13269775,승인,27273,2727,30000,00
2025-10-27 15:03:14,BC,6243-10**-****-7784,81629587,승인,36364,3636,40000,00
2025-10-27 16:18:32,하나,9480-13**-****-4791,10780585,승인,36364,3636,40000,00
2025-10-27 17:23:07,삼성,9410-90**-****-6253,16701934,승인,40909,4091,45000,00
2025-10-27 17:32:10,신한,9411-30**-****-8281,56234566,승인,22727,2273,25000,00
2025-10-27 19:00:18,KB국민,5370-80**-****-6159,42558680,승인,45455,4545,50000,00
2025-10-27 19:35:51,BC,6243-22**-****-9159,81916114,승인,50000,5000,55000,00
2025-10-27 19:54:40,NH,5765-70**-****-5013,60058247,승인,50000,5000,55000,00
2025-10-27 21:07:57,KB국민,4569-48**-****-6380,74719372,승인,54545,5455,60000,00
2025-10-27 21:40:56,NH,9470-65**-****-1073,62279136,승인,45455,4545,50000,00
2025-10-28 10:23:07,하나,5320-77**-****-2972,95242092,승인,31818,3182,35000,00
2025-10-28 11:27:37,NH,9470-62**-****-8746,93881692,승인,45455,4545,50000,00
2025-10-28 13:49:24,KB국민,4569-38**-****-8341,78575639,승인,45455,4545,50000,00
2025-10-28 15:32:01,롯데,5284-26**-****-2668,12961615,승인,36364,3636,40000,00
2025-10-28 16:08:34,삼성,9430-24**-****-1918,35304126,승인,36364,3636,40000,00
2025-10-28 16:16:29,삼성,9430-70**-****-9358,56375778,승인,27273,2727,30000,00
2025-10-28 18:24:03,KB국민,4569-66**-****-1743,20865413,승인,13636,1364,15000,00
2025-10-28 18:39:12,KB국민,5370-32**-****-7056,37334106,승인,36364,3636,40000,00
2025-10-28 22:59:52,KB국민,9420-45**-****-1683,60154723,승인,36364,3636,40000,00
2025-10-29 14:27:24,신한,4563-64**-****-4400,56968743,승인,45455,4545,50000,00
2025-10-29 15:14:44,KB국민,5370-10**-****-7333,29485157,승인,45455,4545,50000,00
2025-10-29 15:43:48,삼성,9410-29**-****-5607,38211372,승인,27273,2727,30000,00
2025-10-29 15:53:34,NH,4547-48**-****-9439,72720220,승인,16364,1636,18000,00
2025-10-29 16:39:46,KB국민,4569-13**-****-1094,51652412,승인,7273,727,8000,00
2025-10-29 17:14:50,KB국민,9420-62**-****-8846,40637210,승인,36364,3636,40000,00
2025-10-29 18:07:23,롯데,4280-23**-****-6236,49399106,승인,36364,3636,40000,00
2025-10-29 18:39:54,현대,4214-18**-****-9768,86167516,승인,45455,4545,50000,00
2025-10-29 19:12:05,NH,5765-57**-****-5586,66467130,승인,45455,4545,50000,00
2025-10-30 10:07:02,삼성,5765-89**-****-1071,83292056,승인,45455,4545,50000,00
2025-10-30 14:43:17,신한,9411-79**-****-7918,20076878,승인,40909,4091,45000,00
2025-10-30 15:16:26,KB국민,9420-91**-****-8501,28186165,승인,36364,3636,40000,00
2025-10-30 16:33:44,삼성,9410-94**-****-9306,93930438,승인,40909,4091,45000,00
2025-10-30 17:01:22,하나,4568-77**-****-4170,17769049,승인,40909,4091,45000,00
2025-10-30 17:11:06,삼성,5765-64**-****-1484,66706653,승인,9091,909,10000,00
2025-10-30 17:47:10,신한,5563-64**-****-7856,37184089,승인,50000,5000,55000,00
2025-10-30 19:26:19,신한,5563-91**-****-8807,50760958,승인,4545,455,5000,00
2025-10-30 19:33:04,KB국민,5370-30**-****-6104,59591484,승인,40909,4091,45000,00
2025-10-30 19:37:34,신한,4563-90**-****-1825,72641097,승인,40909,4091,45000,00
2025-10-30 19:38:08,현대,9440-87**-****-8476,69440435,승인,40909,4091,45000,00
2025-10-30 19:56:27,하나,9480-61**-****-7199,77672396,승인,54545,5455,60000,00
2025-10-30 20:49:33,신한,9411-13**-****-8543,22531591,승인,40909,4091,45000,00
2025-10-30 21:22:56,신한,4563-44**-****-1729,81670142,승인,45455,4545,50000,00
2025-10-30 21:41:53,BC,6243-74**-****-3848,97096070,승인,50000,5000,55000,00
2025-10-31 12:26:47,삼성,9410-50**-****-6466,75311851,승인,72727,7273,80000,00
2025-10-31 13:49:16,신한,9411-39**-****-8180,84772464,승인,6364,636,7000,00
2025-10-31 14:45:26,현대,9440-95**-****-8101,13150213,승인,18182,1818,20000,00
2025-10-31 16:27:21,신한,4563-43**-****-3452,54842190,승인,45455,4545,50000,00
2025-10-31 17:23:31,현대,9440-35**-****-6114,75848897,승인,10909,1091,12000,00
2025-10-31 17:24:08,KB국민,9420-75**-****-8959,98879522,승인,40909,4091,45000,00
2025-10-31 17:34:33,하나,5320-35**-****-3211,81993205,승인,9091,909,10000,00
2025-10-31 18:26:11,KB국민,4569-17**-****-2423,40421174,승인,27273,2727,30000,00
2025-10-31 18:27:25,삼성,5765-69**-****-1898,31745582,승인,72727,7273,80000,00
2025-10-31 18:35:00,KB국민,9420-40**-****-6479,68896775,승인,50000,5000,55000,00
2025-10-31 18:40:06,현대,6011-46**-****-2275,32426236,승인,50000,5000,55000,00
2025-10-31 18:45:58,신한,4563-67**-****-8245,49500612,승인,63636,6364,70000,03
2025-10-31 19:02:22,KB국민,9420-11**-****-6061,69127088,승인,72727,7273,80000,00
2025-10-31 19:05:45,BC,6243-62**-****-3636,29549956,승인,10909,1091,12000,00
2025-10-31 19:38:33,삼성,9430-64**-****-5143,97131924,승인,16364,1636,18000,00
2025-10-31 19:46:16,신한,5563-67**-****-3605,40337472,승인,50000,5000,55000,00
2025-10-31 22:07:53,현대,9440-71**-****-5425,89752231,승인,72727,7273,80000,00
2025-11-01 10:25:02,롯데,9450-62**-****-8011,48301522,승인,36364,3636,40000,00
2025-11-01 12:56:33,BC,6243-48**-****-9043,97351052,승인,54545,5455,60000,00
2025-11-01 13:21:41,KB국민,9420-56**-****-2451,80973199,승인,13636,1364,15000,00
2025-11-01 13:25:23,KB국민,9420-17**-****-8330,94181119,승인,63636,6364,70000,00
2025-11-01 15:24:40,삼성,9410-55**-****-7941,77903501,승인,54545,5455,60000,00
2025-11-01 16:38:30,하나,9480-76**-****-5656,89475621,승인,4545,455,5000,00
2025-11-01 16:40:57,NH,5765-17**-****-4068,44940823,승인,72727,7273,80000,00
2025-11-01 16:42:37,신한,5563-14**-****-5073,17338859,승인,59091,5909,65000,00
2025-11-01 16:58:27,삼성,9410-73**-****-5660,75812955,승인,59091,5909,65000,00
2025-11-01 17:17:18,신한,9411-54**-****-6064,71276995,승인,54545,5455,60000,00
2025-11-01 18:01:26,삼성,5765-85**-****-4921,54127937,승인,9091,909,10000,00
2025-11-01 18:42:25,BC,4556-37**-****-2527,99784360,승인,40909,4091,45000,00
2025-11-01 18:58:58,현대,6011-47**-****-1881,73410883,승인,72727,7273,80000,00
2025-11-01 19:14:16,NH,4547-93**-****-2916,29781944,승인,13636,1364,15000,00
2025-11-01 19:16:05,하나,9480-75**-****-3571,60198579,승인,40909,4091,45000,00
2025-11-01 19:18:06,KB국민,9420-12**-****-2220,14320679,승인,36364,3636,40000,00
2025-11-01 19:18:15,NH,5765-51**-****-5415,93131441,승인,13636,1364,15000,00
2025-11-01 19:28:35,신한,5563-84**-****-3704,86493167,승인,54545,5455,60000,00
2025-11-01 19:35:36,현대,9440-35**-****-9176,31185715,승인,72727,7273,80000,00
2025-11-01 19:51:52,NH,4547-26**-****-3963,55617225,승인,36364,3636,40000,00
2025-11-01 19:56:22,현대,6011-73**-****-9806,56085239,승인,50000,5000,55000,00
2025-11-01 20:06:25,롯데,4280-87**-****-3193,76438792,승인,54545,5455,60000,03
2025-11-01 20:36:58,삼성,5765-65**-****-2742,62643935,승인,40909,4091,45000,00
2025-11-01 20:43:22,삼성,5765-39**-****-3698,16675165,승인,59091,5909,65000,00
2025-11-01 21:00:40,신한,4563-32**-****-5419,29823280,승인,45455,4545,50000,00
2025-11-01 21:08:16,현대,4214-75**-****-3463,38331922,승인,63636,6364,70000,00
2025-11-01 21:40:52,KB국민,4569-46**-****-2236,91184060,승인,36364,3636,40000,00
2025-11-01 22:14:18,NH,4547-69**-****-1915,13600571,승인,9091,909,10000,00
2025-11-01 22:26:58,신한,5563-95**-****-6023,65552368,승인,54545,5455,60000,00
2025-11-02 12:36:59,롯데,5284-55**-****-2219,70460640,승인,7273,727,8000,00
2025-11-02 14:19:52,신한,9411-22**-****-7930,72383239,승인,72727,7273,80000,00
2025-11-02 14:41:12,BC,6243-76**-****-2783,50338032,승인,63636,6364,70000,00
2025-11-02 15:49:31,롯데,5284-72**-****-1849,17816791,승인,50000,5000,55000,00
2025-11-02 15:50:13,KB국민,9420-66**-****-1430,53643792,승인,22727,2273,25000,00
2025-11-02 16:01:28,현대,6011-91**-****-1327,63979769,승인,36364,3636,40000,00
2025-11-02 16:09:00,현대,9440-75**-****-8885,93417910,승인,72727,7273,80000,06
2025-11-02 16:11:12,BC,6243-76**-****-2783,50338032,취소,63636,6364,70000,00
2025-11-02 16:17:06,하나,4568-77**-****-3516,32223567,승인,50000,5000,55000,00
2025-11-02 16:40:08,신한,9411-34**-****-7910,22825011,승인,59091,5909,65000,00
2025-11-02 16:43:36,삼성,9430-80**-****-4317,47306306,승인,16364,1636,18000,00
2025-11-02 17:09:47,삼성,9430-50**-****-2714,90970512,승인,36364,3636,40000,00
2025-11-02 17:12:46,신한,5563-42**-****-5911,97797117,승인,6364,636,7000,00
2025-11-02 17:40:03,삼성,9410-73**-****-3810,80913119,승인,45455,4545,50000,03
2025-11-02 17:42:39,NH,5765-17**-****-8603,10670907,승인,59091,5909,65000,00
2025-11-02 18:36:58,현대,4214-96**-****-5701,61646980,승인,45455,4545,50000,00
2025-11-02 19:00:21,NH,4547-31**-****-4411,84663795,승인,50000,5000,55000,00
2025-11-02 19:47:14,하나,5320-19**-****-4730,99273858,승인,50000,5000,55000,06
2025-11-02 19:51:50,KB국민,9420-94**-****-7153,46261057,승인,6364,636,7000,00
2025-11-02 20:11:25,현대,6011-20**-****-9370,52860548,승인,54545,5455,60000,00
2025-11-02 20:11:25,신한,5563-30**-****-6700,99702232,승인,72727,7273,80000,00
2025-11-02 20:20:10,NH,5765-22**-****-9095,58468339,승인,72727,7273,80000,00
2025-11-02 21:24:42,신한,4563-26**-****-4312,67366342,승인,50000,5000,55000,00
2025-11-02 22:46:53,삼성,9410-91**-****-2201,23523012,승인,40909,4091,45000,00
2025-11-02 22:47:54,KB국민,4569-94**-****-9104,54132351,승인,50000,5000,55000,00
2025-11-03 10:31:45,삼성,9430-84**-****-3440,37164702,승인,45455,4545,50000,00
2025-11-03 10:33:20,삼성,5765-40**-****-3488,42703867,승인,45455,4545,50000,00
2025-11-03 11:50:19,롯데,9450-49**-****-2921,75126483,승인,40909,4091,45000,00
2025-11-03 12:58:07,NH,9470-65**-****-9704,70791381,승인,27273,2727,30000,00
2025-11-03 13:01:30,KB국민,4569-57**-****-5551,65599802,승인,36364,3636,40000,00
2025-11-03 13:36:51,삼성,9410-24**-****-8847,16775479,승인,16364,1636,18000,00
2025-11-03 16:41:28,신한,9411-29**-****-9874,56919123,승인,27273,2727,30000,00
2025-11-03 17:07:25,삼성,9430-17**-****-8530,54514736,승인,27273,2727,30000,00
2025-11-03 17:12:06,KB국민,4569-66**-****-7756,14332478,승인,27273,2727,30000,00
2025-11-03 17:58:04,KB국민,4569-11**-****-7167,22380861,승인,54545,5455,60000,00
2025-11-03 18:17:07,KB국민,9420-66**-****-8688,91709271,승인,6364,636,7000,00
2025-11-03 18:39:24,KB국민,4569-18**-****-7884,29960753,승인,4545,455,5000,00
2025-11-03 19:03:45,신한,9411-33**-****-1016,62641718,승인,45455,4545,50000,00
2025-11-03 19:21:29,현대,4214-56**-****-7468,71469239,승인,50000,5000,55000,00
2025-11-03 19:55:26,BC,4556-69**-****-4609,39491385,승인,36364,3636,40000,00
2025-11-03 20:50:00,신한,4563-79**-****-3701,90048927,승인,45455,4545,50000,00
2025-11-03 21:46:08,현대,4214-17**-****-2369,55306853,승인,54545,5455,60000,00
2025-11-04 10:42:48,KB국민,4569-67**-****-8685,85589440,승인,40909,4091,45000,00
2025-11-04 11:17:42,현대,9440-57**-****-2733,86512099,승인,31818,3182,35000,00
2025-11-04 14:44:14,BC,9460-18**-****-8213,53547380,승인,27273,2727,30000,00
2025-11-04 15:52:21,하나,9480-67**-****-7302,30318884,승인,45455,4545,50000,03
2025-11-04 17:15:30,삼성,5765-56**-****-2027,24255006,승인,54545,5455,60000,00
2025-11-04 17:33:47,KB국민,5370-42**-****-8323,77407019,승인,50000,5000,55000,00
2025-11-04 18:01:39,BC,4556-91**-****-1818,66740021,승인,22727,2273,25000,00
2025-11-04 18:04:45,KB국민,9420-13**-****-1383,47012987,승인,40909,4091,45000,00
2025-11-04 18:56:05,현대,6011-65**-****-3630,81793735,승인,36364,3636,40000,00
2025-11-04 18:58:32,신한,9411-54**-****-8459,93446015,승인,40909,4091,45000,00
2025-11-04 18:58:34,하나,4568-87**-****-6055,96243023,승인,40909,4091,45000,00
2025-11-04 19:34:04,삼성,5765-29**-****-5177,76372523,승인,45455,4545,50000,00
2025-11-04 20:05:04,KB국민,9420-45**-****-2083,12384156,승인,45455,4545,50000,00
2025-11-04 20:33:04,신한,9411-91**-****-8027,67262776,승인,10909,1091,12000,00
2025-11-04 20:50:51,현대,4214-63**-****-2306,53762011,승인,36364,3636,40000,00
2025-11-04 21:38:03,KB국민,9420-17**-****-5288,56589213,승인,45455,4545,50000,00
2025-11-05 12:04:47,BC,4556-32**-****-8130,30445510,승인,45455,4545,50000,00
2025-11-05 12:48:29,BC,4556-10**-****-3673,64925681,승인,31818,3182,35000,00
2025-11-05 13:55:51,신한,4563-28**-****-3193,69467403,승인,40909,4091,45000,00
2025-11-05 14:39:42,롯데,5284-98**-****-4252,47347106,승인,36364,3636,40000,00
2025-11-05 15:43:00,현대,4214-97**-****-8938,89109091,승인,36364,3636,40000,00
2025-11-05 15:50:11,신한,5563-25**-****-1068,26202090,승인,27273,2727,30000,00
2025-11-05 16:54:21,KB국민,4569-96**-****-2632,59748834,승인,40909,4091,45000,00
2025-11-05 19:39:19,KB국민,5370-85**-****-5431,56471027,승인,50000,5000,55000,00
2025-11-05 20:06:13,KB국민,4569-41**-****-7036,31084819,승인,27273,2727,30000,00
2025-11-05 21:30:03,하나,5320-80**-****-6646,30612766,승인,54545,5455,60000,00
2025-11-05 21:31:44,삼성,9430-64**-****-3710,77934857,승인,50000,5000,55000,00
2025-11-05 21:59:13,하나,9480-20**-****-1620,11345171,승인,40909,4091,45000,00
2025-11-05 22:20:44,삼성,9410-17**-****-4776,36480611,승인,50000,5000,55000,00
2025-11-06 10:26:45,BC,4556-76**-****-6342,15945726,승인,36364,3636,40000,00
2025-11-06 13:24:11,롯데,4280-33**-****-8220,87381907,승인,36364,3636,40000,00
2025-11-06 14:46:47,삼성,9430-90**-****-3576,95871785,승인,40909,4091,45000,00
2025-11-06 15:44:09,롯데,4280-71**-****-6725,87323498,승인,27273,2727,30000,00
2025-11-06 16:32:29,KB국민,9420-57**-****-1991,57252720,승인,31818,3182,35000,00
2025-11-06 16:32:48,현대,9440-69**-****-2923,52898193,승인,31818,3182,35000,00
2025-11-06 17:01:04,신한,9411-13**-****-8360,38860488,승인,6364,636,7000,00
2025-11-06 18:52:43,KB국민,5370-62**-****-2354,71765027,승인,7273,727,8000,00
2025-11-06 20:34:32,신한,4563-40**-****-2470,68999537,승인,16364,1636,18000,00
2025-11-06 20:49:06,NH,4547-53**-****-8811,60966433,승인,10909,1091,12000,00
2025-11-06 21:20:27,KB국민,4569-38**-****-4232,60168687,승인,40909,4091,45000,00
2025-11-06 21:52:20,현대,6011-28**-****-4610,47414539,승인,40909,4091,45000,00
2025-11-06 22:19:50,삼성,9410-96**-****-8796,82619028,승인,54545,5455,60000,00
2025-11-07 10:01:55,신한,5563-32**-****-2232,30137388,승인,59091,5909,65000,00
2025-11-07 11:24:42,KB국민,5370-58**-****-2156,29555941,승인,50000,5000,55000,00
2025-11-07 11:37:30,신한,5563-32**-****-5283,25736338,승인,72727,7273,80000,00
2025-11-07 12:13:20,KB국민,9420-96**-****-1027,83608713,승인,45455,4545,50000,00
2025-11-07 12:59:32,BC,9460-48**-****-9396,42304973,승인,36364,3636,40000,00
2025-11-07 13:33:07,롯데,9450-32**-****-6053,42815948,승인,18182,1818,20000,00
2025-11-07 14:05:45,삼성,9410-55**-****-7331,93096530,승인,9091,909,10000,00
2025-11-07 15:47:11,현대,6011-74**-****-1480,97262148,승인,50000,5000,55000,06
2025-11-07 16:35:42,신한,9411-27**-****-8994,25157133,승인,54545,5455,60000,00
2025-11-07 16:38:21,NH,9470-88**-****-7280,50276393,승인,63636,6364,70000,00
2025-11-07 16:51:10,KB국민,5370-24**-****-5287,61144320,승인,4545,455,5000,00
2025-11-07 16:55:29,BC,9460-11**-****-2686,87147665,승인,7273,727,8000,00
2025-11-07 18:35:48,삼성,5765-45**-****-8741,72096216,승인,36364,3636,40000,00
2025-11-07 18:46:24,신한,9411-19**-****-8332,85027830,승인,40909,4091,45000,00
2025-11-07 18:48:24,BC,9460-59**-****-6368,30761756,승인,54545,5455,60000,00
2025-11-07 19:19:24,신한,9411-23**-****-4481,27841713,승인,4545,455,5000,00
2025-11-07 19:24:02,KB국민,5370-53**-****-5308,19964119,승인,63636,6364,70000,00
2025-11-07 19:49:14,BC,6243-34**-****-6959,96591665,승인,63636,6364,70000,00
2025-11-07 20:06:48,신한,5563-91**-****-4123,11673273,승인,36364,3636,40000,00
2025-11-07 20:11:27,하나,9480-19**-****-4664,88831407,승인,72727,7273,80000,00
2025-11-07 20:31:54,KB국민,9420-20**-****-2505,81546420,승인,13636,1364,15000,00
2025-11-07 21:09:00,롯데,5284-26**-****-5404,88931606,승인,50000,5000,55000,00
2025-11-07 21:48:48,롯데,9450-68**-****-1059,23349595,승인,63636,6364,70000,00
2025-11-07 22:33:46,삼성,9430-57**-****-9304,76486755,승인,63636,6364,70000,00
2025-11-08 10:55:58,KB국민,9420-61**-****-4870,14812340,승인,54545,5455,60000,00
2025-11-08 10:57:52,KB국민,9420-51**-****-3963,18648397,승인,40909,4091,45000,00
2025-11-08 12:53:50,신한,4563-56**-****-7064,78567977,승인,4545,455,5000,00
2025-11-08 13:19:27,신한,9411-60**-****-5390,58683852,승인,22727,2273,25000,00
2025-11-08 13:32:06,삼성,9410-10**-****-3771,22740257,승인,27273,2727,30000,00
2025-11-08 14:42:08,KB국민,4569-17**-****-4326,88717477,승인,36364,3636,40000,00
2025-11-08 15:07:31,삼성,5765-53**-****-2222,23488183,승인,50000,5000,55000,00
2025-11-08 15:55:40,삼성,9410-37**-****-2231,98919839,승인,45455,4545,50000,00
2025-11-08 16:07:25,KB국민,5370-49**-****-1584,87335158,승인,45455,4545,50000,00
2025-11-08 17:02:11,BC,6243-86**-****-2490,51840510,승인,36364,3636,40000,00
2025-11-08 19:01:50,삼성,9430-56**-****-8997,15878669,승인,54545,5455,60000,00
2025-11-08 19:26:26,신한,9411-38**-****-7289,98709251,승인,59091,5909,65000,00
2025-11-08 19:46:45,KB국민,9420-92**-****-5711,31654232,승인,10909,1091,12000,00
2025-11-08 20:52:50,신한,9411-53**-****-4301,86109929,승인,45455,4545,50000,06
2025-11-08 21:31:09,삼성,9430-16**-****-6971,86693202,승인,72727,7273,80000,00
2025-11-08 22:00:27,현대,4214-40**-****-4746,37757470,승인,50000,5000,55000,00
2025-11-08 22:23:30,신한,5563-74**-****-6244,12608239,승인,54545,5455,60000,00
2025-11-09 11:21:07,KB국민,4569-12**-****-6805,47656625,승인,45455,4545,50000,00
2025-11-09 14:11:34,NH,4547-18**-****-5901,76006460,승인,36364,3636,40000,00
2025-11-09 14:20:27,삼성,9410-36**-****-5164,65409278,승인,54545,5455,60000,00
2025-11-09 14:20:58,현대,4214-67**-****-2528,66540768,승인,50000,5000,55000,00
2025-11-09 15:10:35,KB국민,9420-37**-****-4345,92004417,승인,40909,4091,45000,00
2025-11-09 15:53:36,KB국민,4569-11**-****-8676,87862790,승인,27273,2727,30000,00
2025-11-09 16:03:35,NH,9470-93**-****-2273,51030729,승인,10909,1091,12000,00
2025-11-09 16:26:53,신한,4563-58**-****-6826,32759715,승인,18182,1818,20000,00
2025-11-09 16:43:02,KB국민,4569-54**-****-1592,83734495,승인,40909,4091,45000,00
2025-11-09 17:07:31,롯데,9450-32**-****-3742,58721761,승인,36364,3636,40000,00
2025-11-09 17:56:25,현대,6011-35**-****-5649,91080336,승인,45455,4545,50000,00
2025-11-09 18:48:18,신한,9411-24**-****-8684,88120534,승인,40909,4091,45000,00
2025-11-09 19:02:50,KB국민,5370-51**-****-5277,17608335,승인,36364,3636,40000,00
2025-11-09 19:07:16,현대,9440-63**-****-4245,10809415,승인,63636,6364,70000,00
2025-11-09 19:22:27,롯데,9450-42**-****-1057,84586097,승인,72727,7273,80000,00
2025-11-09 19:22:27,삼성,9410-46**-****-7271,61870271,승인,6364,636,7000,00
2025-11-09 19:35:59,KB국민,5370-72**-****-2836,56849992,승인,36364,3636,40000,00
2025-11-09 20:39:40,삼성,5765-84**-****-3680,66812324,승인,40909,4091,45000,00
2025-11-09 21:18:21,삼성,5765-55**-****-7032,12056964,승인,50000,5000,55000,00
2025-11-09 22:03:03,현대,4214-49**-****-6735,73145540,승인,45455,4545,50000,00
2025-11-09 22:05:56,BC,4556-39**-****-6560,48158816,승인,36364,3636,40000,00
2025-11-10 10:31:56,KB국민,5370-72**-****-6799,49357654,승인,27273,2727,30000,00
2025-11-10 14:54:13,롯데,5284-11**-****-4190,68124842,승인,45455,4545,50000,00
2025-11-10 15:45:30,삼성,9430-72**-****-4741,15756641,승인,9091,909,10000,00
2025-11-10 15:55:40,삼성,5765-51**-****-1660,64904534,승인,27273,2727,30000,00
2025-11-10 17:00:09,신한,9411-40**-****-5110,80962614,승인,54545,5455,60000,00
2025-11-10 18:50:25,삼성,9410-12**-****-3015,54074654,승인,54545,5455,60000,00
2025-11-10 18:51:27,신한,5563-41**-****-6000,25629156,승인,18182,1818,20000,00
2025-11-10 18:56:00,신한,9411-65**-****-2713,95543216,승인,54545,5455,60000,06
2025-11-10 19:09:20,삼성,5765-62**-****-9872,55278020,승인,45455,4545,50000,00
2025-11-10 19:38:58,현대,6011-33**-****-7178,64886627,승인,18182,1818,20000,00
2025-11-10 20:07:34,BC,6243-14**-****-9668,56827127,승인,36364,3636,40000,00
2025-11-10 20:59:40,롯데,5284-73**-****-7769,66990273,승인,13636,1364,15000,00
2025-11-10 22:48:19,NH,4547-49**-****-2906,43183143,승인,45455,4545,50000,00
2025-11-11 10:55:41,NH,5765-15**-****-4184,26720230,승인,45455,4545,50000,00
2025-11-11 11:47:18,KB국민,5370-66**-****-1412,37510972,승인,40909,4091,45000,00
2025-11-11 13:17:11,KB국민,5370-42**-****-8232,98796322,승인,31818,3182,35000,00
2025-11-11 14:15:34,삼성,9410-43**-****-9610,35874262,승인,27273,2727,30000,00
2025-11-11 15:12:22,현대,4214-62**-****-3341,26687988,승인,40909,4091,45000,00
2025-11-11 15:34:30,롯데,5284-45**-****-2983,53435937,승인,31818,3182,35000,00
2025-11-11 16:42:23,KB국민,5370-57**-****-7628,68192673,승인,18182,1818,20000,00
2025-11-11 19:14:09,롯데,4280-20**-****-9967,96025578,승인,54545,5455,60000,00
2025-11-11 19:27:02,BC,6243-70**-****-2692,10997753,승인,45455,4545,50000,00
2025-11-11 20:32:34,KB국민,5370-91**-****-8756,12527833,승인,45455,4545,50000,00
2025-11-11 21:16:04,신한,9411-60**-****-8345,79573553,승인,40909,4091,45000,00
2025-11-11 21:50:59,BC,9460-93**-****-2052,23114809,승인,50000,5000,55000,00
2025-11-12 11:03:41,신한,4563-70**-****-2190,79941392,승인,31818,3182,35000,00
2025-11-12 14:14:59,현대,6011-91**-****-3643,75415337,승인,40909,4091,45000,00
2025-11-12 14:44:24,NH,5765-37**-****-8495,68241151,승인,27273,2727,30000,00
2025-11-12 15:25:51,KB국민,5370-18**-****-8081,72718389,승인,31818,3182,35000,00
2025-11-12 17:00:09,KB국민,5370-30**-****-8734,65517458,승인,54545,5455,60000,00
2025-11-12 17:31:26,KB국민,5370-81**-****-7670,22852628,승인,45455,4545,50000,00
2025-11-12 18:11:33,현대,6011-87**-****-4627,96989107,승인,54545,5455,60000,00
2025-11-12 18:23:44,KB국민,5370-60**-****-4278,75321395,승인,54545,5455,60000,03
2025-11-12 18:57:40,신한,9411-33**-****-3543,70134699,승인,27273,2727,30000,00
2025-11-12 19:00:49,롯데,4280-93**-****-2834,20859238,승인,54545,5455,60000,00
2025-11-12 20:05:16,신한,9411-67**-****-4112,27944432,승인,54545,5455,60000,00
2025-11-12 20:37:47,KB국민,5370-53**-****-6005,10906671,승인,40909,4091,45000,00
2025-11-12 20:49:35,KB국민,4569-36**-****-6658,98471258,승인,36364,3636,40000,00
2025-11-12 21:43:16,KB국민,5370-63**-****-2443,74528137,승인,54545,5455,60000,03
2025-11-12 21:50:16,KB국민,9420-95**-****-1618,27429420,승인,36364,3636,40000,00
2025-11-13 10:26:48,현대,6011-91**-****-6436,18894259,승인,31818,3182,35000,00
2025-11-13 12:43:05,KB국민,9420-39**-****-3609,16977416,승인,36364,3636,40000,00
2025-11-13 15:21:32,KB국민,9420-99**-****-9405,35749854,승인,31818,3182,35000,00
2025-11-13 15:28:19,신한,4563-92**-****-9921,84646397,승인,45455,4545,50000,00
2025-11-13 15:36:22,KB국민,5370-85**-****-7909,79334558,승인,31818,3182,35000,00
2025-11-13 16:28:30,NH,4547-98**-****-3262,91790169,승인,40909,4091,45000,00
2025-11-13 17:04:30,BC,9460-68**-****-8407,64657165,승인,40909,4091,45000,00
2025-11-13 17:19:34,NH,9470-14**-****-7182,47855818,승인,27273,2727,30000,00
2025-11-13 17:56:55,삼성,5765-63**-****-4302,27201397,승인,40909,4091,45000,00
2025-11-13 18:53:53,KB국민,9420-55**-****-5462,39719626,승인,45455,4545,50000,00
2025-11-13 19:16:41,하나,4568-41**-****-7630,43096758,승인,40909,4091,45000,00
2025-11-13 19:26:35,BC,4556-19**-****-5780,65416446,승인,54545,5455,60000,06
2025-11-13 20:15:49,삼성,9410-75**-****-5923,65609613,승인,40909,4091,45000,00
2025-11-13 20:24:31,삼성,9430-72**-****-7319,15020681,승인,54545,5455,60000,00
2025-11-13 22:17:45,BC,6243-42**-****-1014,49574632,승인,36364,3636,40000,00
2025-11-14 10:22:53,KB국민,4569-32**-****-9471,92926267,승인,63636,6364,70000,03
2025-11-14 10:26:49,현대,6011-10**-****-8577,76575651,승인,40909,4091,45000,00
2025-11-14 12:10:27,KB국민,4569-50**-****-6223,26122691,승인,36364,3636,40000,00
2025-11-14 15:06:08,삼성,5765-67**-****-4950,92203715,승인,16364,1636,18000,00
2025-11-14 16:10:43,롯데,9450-15**-****-6881,18852895,승인,72727,7273,80000,00
2025-11-14 16:18:40,신한,9411-77**-****-6010,69715139,승인,4545,455,5000,00
2025-11-14 16:37:35,NH,9470-39**-****-1055,68808628,승인,40909,4091,45000,00
2025-11-14 17:03:34,KB국민,4569-81**-****-9479,14858322,승인,6364,636,7000,00
2025-11-14 17:29:44,KB국민,4569-39**-****-4488,61951154,승인,40909,4091,45000,00
2025-11-14 18:00:49,롯데,5284-62**-****-2907,18970926,승인,36364,3636,40000,00
2025-11-14 18:17:49,KB국민,4569-40**-****-4184,80449660,승인,7273,727,8000,00
2025-11-14 18:52:40,현대,6011-85**-****-8130,63721448,승인,10909,1091,12000,00
2025-11-14 19:12:05,신한,4563-98**-****-5782,60267929,승인,72727,7273,80000,03
2025-11-14 19:13:48,KB국민,4569-72**-****-4504,44287439,승인,45455,4545,50000,03
2025-11-14 19:35:04,현대,6011-95**-****-9116,10427367,승인,36364,3636,40000,00
2025-11-14 20:25:03,하나,5320-24**-****-5650,16817369,승인,59091,5909,65000,00
2025-11-14 20:47:32,현대,9440-26**-****-4848,93548101,승인,50000,5000,55000,00
2025-11-14 21:25:23,신한,4563-58**-****-9543,38479433,승인,72727,7273,80000,00
2025-11-14 21:28:21,신한,4563-12**-****-7442,61607457,승인,72727,7273,80000,00
2025-11-15 13:36:41,신한,5563-51**-****-3840,62840139,승인,27273,2727,30000,00
2025-11-15 15:26:33,현대,9440-81**-****-1304,97533338,승인,27273,2727,30000,00
2025-11-15 15:38:24,신한,4563-52**-****-6138,70606217,승인,72727,7273,80000,06
2025-11-15 17:04:41,삼성,9430-40**-****-2622,63544234,승인,59091,5909,65000,00
2025-11-15 18:07:51,삼성,9430-95**-****-5324,13209445,승인,45455,4545,50000,00
2025-11-15 18:15:03,현대,4214-77**-****-8319,36586421,승인,63636,6364,70000,00
2025-11-15 18:17:57,KB국민,5370-88**-****-5025,26630455,승인,4545,455,5000,00
2025-11-15 18:30:24,현대,6011-26**-****-4305,27797295,승인,72727,7273,80000,00
2025-11-15 19:34:31,KB국민,9420-55**-****-8695,13946400,승인,18182,1818,20000,00
2025-11-15 19:38:01,KB국민,4569-59**-****-7571,84761345,승인,36364,3636,40000,00
2025-11-15 19:57:38,BC,6243-47**-****-5771,38917021,승인,50000,5000,55000,00
2025-11-15 20:09:57,KB국민,5370-88**-****-5025,26630455,취소,4545,455,5000,00
2025-11-15 20:16:29,신한,4563-44**-****-5917,56115831,승인,54545,5455,60000,03
2025-11-15 20:28:25,하나,4568-72**-****-7338,46176531,승인,54545,5455,60000,00
2025-11-15 20:30:35,삼성,9430-93**-****-8537,31892181,승인,63636,6364,70000,00
2025-11-15 20:33:27,현대,6011-39**-****-7944,85812225,승인,63636,6364,70000,06
2025-11-15 21:04:43,삼성,5765-52**-****-6300,68992211,승인,45455,4545,50000,00
2025-11-15 21:19:07,신한,5563-97**-****-1867,47775818,승인,50000,5000,55000,06
2025-11-15 21:24:51,신한,5563-81**-****-3758,14159480,승인,4545,455,5000,00
2025-11-15 21:34:45,NH,5765-27**-****-9656,60609171,승인,54545,5455,60000,00
2025-11-16 12:48:15,하나,4568-41**-****-2195,44536250,승인,54545,5455,60000,00
2025-11-16 12:57:20,BC,9460-91**-****-6132,71226374,승인,45455,4545,50000,06
2025-11-16 14:01:22,BC,4556-61**-****-6814,80415512,승인,50000,5000,55000,00
2025-11-16 14:26:23,신한,4563-99**-****-7053,58587342,승인,45455,4545,50000,00
2025-11-16 15:00:13,KB국민,5370-41**-****-8976,99706562,승인,40909,4091,45000,00
2025-11-16 15:25:23,KB국민,4569-60**-****-4686,49855029,승인,54545,5455,60000,00
2025-11-16 15:28:09,신한,9411-25**-****-4801,52358308,승인,13636,1364,15000,00
2025-11-16 15:47:04,BC,9460-45**-****-9874,65211852,승인,45455,4545,50000,00
2025-11-16 15:51:15,하나,4568-26**-****-2690,24621304,승인,54545,5455,60000,00
2025-11-16 16:44:17,KB국민,5370-71**-****-3859,70272497,승인,45455,4545,50000,00
2025-11-16 17:11:27,신한,5563-87**-****-9358,25371105,승인,54545,5455,60000,03
2025-11-16 17:26:26,롯데,5284-61**-****-2146,41196548,승인,72727,7273,80000,00
2025-11-16 17:26:38,삼성,9410-37**-****-3775,35252222,승인,36364,3636,40000,00
2025-11-16 18:24:19,하나,5320-44**-****-5100,27141273,승인,9091,909,10000,00
2025-11-16 18:31:26,롯데,5284-61**-****-2146,41196548,취소,72727,7273,80000,00
2025-11-16 18:44:20,현대,9440-36**-****-3701,24423852,승인,10909,1091,12000,00
2025-11-16 19:19:49,BC,4556-18**-****-8903,79628631,승인,63636,6364,70000,00
2025-11-16 19:24:10,NH,5765-19**-****-1514,33707331,승인,36364,3636,40000,00
2025-11-16 19:34:56,현대,9440-95**-****-6665,52314549,승인,7273,727,8000,00
2025-11-16 19:41:27,삼성,5765-85**-****-6714,70979572,승인,6364,636,7000,00
2025-11-16 19:52:27,BC,4556-73**-****-1038,78609845,승인,45455,4545,50000,00
2025-11-16 20:26:08,현대,4214-13**-****-5966,91878418,승인,54545,5455,60000,00
2025-11-16 20:26:45,삼성,9410-88**-****-7578,13098232,승인,13636,1364,15000,00
2025-11-16 20:29:43,현대,6011-12**-****-6198,60238229,승인,10909,1091,12000,00
2025-11-16 20:46:53,BC,4556-88**-****-8141,51703184,승인,50000,5000,55000,00
2025-11-16 20:48:35,신한,9411-35**-****-1169,29114425,승인,63636,6364,70000,00
2025-11-16 21:01:05,신한,4563-20**-****-7196,65588835,승인,54545,5455,60000,00
2025-11-16 21:39:15,NH,9470-96**-****-1386,89083928,승인,54545,5455,60000,00
2025-11-16 21:43:13,하나,5320-33**-****-5295,56016753,승인,59091,5909,65000,00
2025-11-16 21:45:42,NH,5765-16**-****-6963,65622246,승인,45455,4545,50000,00
2025-11-17 10:21:43,롯데,5284-58**-****-6672,29819709,승인,36364,3636,40000,00
2025-11-17 11:37:35,현대,9440-53**-****-8956,98987822,승인,27273,2727,30000,00
2025-11-17 12:19:40,BC,4556-97**-****-1213,74111113,승인,10909,1091,12000,00
2025-11-17 14:48:12,KB국민,5370-60**-****-2179,92998231,승인,16364,1636,18000,00
2025-11-17 15:06:36,삼성,5765-25**-****-1006,19068751,승인,18182,1818,20000,00
2025-11-17 15:56:54,현대,6011-14**-****-1441,42198069,승인,36364,3636,40000,00
2025-11-17 16:26:10,현대,4214-10**-****-8663,38078195,승인,36364,3636,40000,00
2025-11-17 18:22:05,KB국민,4569-66**-****-9961,81236704,승인,54545,5455,60000,00
2025-11-17 18:40:25,NH,4547-88**-****-4115,32514597,승인,45455,4545,50000,00
2025-11-17 19:33:12,현대,9440-56**-****-8080,94713208,승인,36364,3636,40000,00
2025-11-17 19:54:49,신한,5563-67**-****-1290,49236250,승인,54545,5455,60000,00
2025-11-17 20:16:59,NH,9470-63**-****-7427,98890689,승인,7273,727,8000,00
2025-11-17 20:40:46,하나,5320-59**-****-3606,29084167,승인,40909,4091,45000,00
2025-11-17 20:51:14,신한,4563-19**-****-4400,13957323,승인,54545,5455,60000,00
2025-11-17 21:02:16,롯데,9450-46**-****-8581,37938376,승인,50000,5000,55000,00
2025-11-17 21:19:38,신한,5563-79**-****-8251,39479606,승인,50000,5000,55000,00
2025-11-17 21:28:06,BC,4556-67**-****-9526,54051462,승인,54545,5455,60000,00
2025-11-17 21:50:56,하나,4568-75**-****-3950,42514110,승인,54545,5455,60000,06
2025-11-18 11:10:51,삼성,9430-15**-****-9733,24056956,승인,45455,4545,50000,00
2025-11-18 12:24:05,신한,9411-17**-****-1765,76074301,승인,45455,4545,50000,00
2025-11-18 13:08:54,KB국민,9420-45**-****-5130,73645470,승인,36364,3636,40000,00
2025-11-18 13:24:03,삼성,9430-72**-****-4881,70817881,승인,40909,4091,45000,00
2025-11-18 16:51:47,BC,6243-36**-****-5387,15057815,승인,40909,4091,45000,00
2025-11-18 17:46:20,롯데,5284-12**-****-2361,88263481,승인,54545,5455,60000,00
2025-11-18 18:01:51,삼성,9410-60**-****-2579,75865373,승인,45455,4545,50000,00
2025-11-18 18:56:39,삼성,9410-25**-****-9902,15282137,승인,40909,4091,45000,00
2025-11-18 19:25:20,신한,9411-10**-****-9815,48790592,승인,7273,727,8000,00
2025-11-18 19:29:03,롯데,4280-52**-****-8021,82390649,승인,45455,4545,50000,00
2025-11-18 19:29:48,KB국민,9420-61**-****-4685,94346710,승인,45455,4545,50000,03
2025-11-18 20:45:39,BC,4556-46**-****-9671,82468717,승인,54545,5455,60000,00
2025-11-18 22:31:44,신한,4563-56**-****-7886,28143299,승인,54545,5455,60000,00
2025-11-18 22:45:01,신한,9411-93**-****-1187,10693328,승인,54545,5455,60000,00
2025-11-19 12:08:28,현대,6011-10**-****-2731,85788291,승인,27273,2727,30000,00
2025-11-19 13:09:59,KB국민,9420-24**-****-8399,19756490,승인,16364,1636,18000,00
2025-11-19 15:13:01,현대,6011-13**-****-3852,72143971,승인,36364,3636,40000,00
2025-11-19 17:12:51,KB국민,9420-64**-****-2464,38295650,승인,54545,5455,60000,00
2025-11-19 18:06:54,하나,4568-57**-****-4817,27273211,승인,18182,1818,20000,00
2025-11-19 18:19:19,삼성,9430-71**-****-8609,27028262,승인,40909,4091,45000,00
2025-11-19 18:21:05,KB국민,5370-16**-****-4314,35831420,승인,36364,3636,40000,00
2025-11-19 20:22:32,삼성,9410-38**-****-7361,43312361,승인,40909,4091,45000,00
2025-11-19 21:00:01,KB국민,4569-53**-****-6726,45150449,승인,40909,4091,45000,00
2025-11-19 21:34:49,롯데,4280-80**-****-5230,95532360,승인,36364,3636,40000,00
2025-11-19 22:00:34,현대,9440-31**-****-2758,59302897,승인,54545,5455,60000,00
2025-11-20 18:11:21,신한,4563-78**-****-7223,88241090,승인,40909,4091,45000,00
2025-11-20 18:33:41,신한,4563-47**-****-2652,73439255,승인,50000,5000,55000,00
2025-11-20 19:09:14,현대,4214-29**-****-9049,55203038,승인,4545,455,5000,00
2025-11-20 19:24:02,롯데,4280-94**-****-5082,74481042,승인,40909,4091,45000,00
2025-11-20 19:26:04,신한,5563-97**-****-6645,94415276,승인,6364,636,7000,00
2025-11-20 20:01:06,현대,6011-96**-****-2012,69041765,승인,45455,4545,50000,06
2025-11-20 20:14:51,롯데,9450-26**-****-7447,87801254,승인,22727,2273,25000,00
2025-11-20 20:40:44,현대,9440-21**-****-7126,62080402,승인,50000,5000,55000,00
2025-11-20 20:51:04,현대,9440-95**-****-7225,94714232,승인,13636,1364,15000,00
2025-11-20 21:22:55,BC,6243-34**-****-6499,95335171,승인,54545,5455,60000,00
2025-11-21 14:47:48,신한,5563-60**-****-7694,17189981,승인,40909,4091,45000,00
2025-11-21 16:06:08,KB국민,4569-42**-****-1115,23997010,승인,72727,7273,80000,00
2025-11-21 16:33:50,신한,9411-23**-****-4657,35131690,승인,45455,4545,50000,00
2025-11-21 16:44:16,현대,4214-28**-****-7351,22661870,승인,40909,4091,45000,00
2025-11-21 17:11:04,신한,4563-41**-****-2709,59870846,승인,18182,1818,20000,00
2025-11-21 18:44:59,KB국민,5370-72**-****-5659,29457977,승인,72727,7273,80000,00
2025-11-21 19:02:31,KB국민,9420-76**-****-8530,50012596,승인,16364,1636,18000,00
2025-11-21 19:09:40,신한,4563-13**-****-8442,94044402,승인,22727,2273,25000,00
2025-11-21 19:12:08,KB국민,9420-13**-****-8913,91072220,승인,63636,6364,70000,00
2025-11-21 19:13:16,신한,4563-51**-****-5090,68400628,승인,50000,5000,55000,00
2025-11-21 19:40:11,삼성,5765-81**-****-1663,51898647,승인,59091,5909,65000,00
2025-11-21 19:50:58,삼성,5765-54**-****-1950,21253777,승인,50000,5000,55000,00
2025-11-21 19:55:47,신한,4563-53**-****-7968,34441709,승인,10909,1091,12000,00
2025-11-21 20:00:40,신한,4563-97**-****-5256,54630791,승인,4545,455,5000,00
2025-11-21 20:08:19,BC,4556-52**-****-9454,25411407,승인,16364,1636,18000,00
2025-11-21 20:31:47,신한,4563-48**-****-9188,27513127,승인,54545,5455,60000,00
2025-11-22 11:54:34,NH,4547-31**-****-3786,37523827,승인,40909,4091,45000,00
2025-11-22 12:43:49,BC,6243-90**-****-2302,32739121,승인,72727,7273,80000,00
2025-11-22 14:26:05,현대,6011-96**-****-1935,91835402,승인,10909,1091,12000,00
2025-11-22 14:38:49,현대,6011-45**-****-2570,54063502,승인,22727,2273,25000,00
2025-11-22 15:11:29,삼성,9410-54**-****-4219,91422869,승인,63636,6364,70000,00
2025-11-22 15:11:40,NH,4547-78**-****-9865,25931230,승인,45455,4545,50000,00
2025-11-22 15:41:13,BC,9460-20**-****-8121,98934278,승인,22727,2273,25000,00
2025-11-22 16:05:03,삼성,5765-40**-****-4763,58245443,승인,27273,2727,30000,00
2025-11-22 16:27:29,신한,5563-93**-****-3569,15657032,승인,27273,2727,30000,00
2025-11-22 16:44:04,KB국민,9420-68**-****-3078,27997388,승인,36364,3636,40000,00
2025-11-22 16:52:26,KB국민,9420-31**-****-1233,41944189,승인,59091,5909,65000,00
2025-11-22 17:00:42,BC,4556-72**-****-2767,66897260,승인,50000,5000,55000,00
2025-11-22 17:33:32,KB국민,5370-93**-****-9445,39670911,승인,13636,1364,15000,00
2025-11-22 18:22:20,KB국민,5370-99**-****-1303,95395394,승인,22727,2273,25000,00
2025-11-22 18:24:20,삼성,9410-56**-****-1133,87794526,승인,63636,6364,70000,00
2025-11-22 18:42:55,BC,6243-11**-****-9379,10929706,승인,40909,4091,45000,00
2025-11-22 18:54:15,KB국민,4569-81**-****-4280,88198725,승인,54545,5455,60000,00
2025-11-22 18:58:16,NH,9470-13**-****-4150,82190341,승인,36364,3636,40000,00
2025-11-22 19:00:00,NH,9470-60**-****-9948,80315538,승인,59091,5909,65000,00
2025-11-22 19:08:29,삼성,9430-51**-****-2722,61697458,승인,72727,7273,80000,00
2025-11-22 19:10:10,BC,4556-87**-****-2587,92908877,승인,36364,3636,40000,00
2025-11-22 19:10:53,BC,6243-37**-****-7699,54578081,승인,54545,5455,60000,00
2025-11-22 19:21:12,BC,9460-46**-****-8387,46428171,승인,36364,3636,40000,00
2025-11-22 19:22:19,삼성,9410-14**-****-2789,97794901,승인,63636,6364,70000,00
2025-11-22 20:20:35,삼성,9410-63**-****-8611,43800065,승인,54545,5455,60000,00
2025-11-22 20:32:52,하나,4568-81**-****-5615,11099806,승인,50000,5000,55000,00
2025-11-22 20:40:10,삼성,9410-68**-****-1165,19465118,승인,45455,4545,50000,00
2025-11-22 20:40:52,KB국민,9420-88**-****-5412,53460345,승인,22727,2273,25000,00
2025-11-22 20:59:34,BC,6243-70**-****-2982,94065177,승인,6364,636,7000,00
2025-11-22 21:37:29,하나,9480-44**-****-7001,19273697,승인,63636,6364,70000,00
2025-11-23 10:58:22,KB국민,5370-93**-****-7441,70192963,승인,40909,4091,45000,00
2025-11-23 11:09:10,삼성,5765-54**-****-8810,71295554,승인,50000,5000,55000,00
2025-11-23 15:13:48,KB국민,9420-52**-****-3111,56149880,승인,59091,5909,65000,00
2025-11-23 15:41:29,현대,6011-43**-****-1235,28067675,승인,54545,5455,60000,00
2025-11-23 15:49:52,하나,9480-71**-****-9212,60753938,승인,63636,6364,70000,00
2025-11-23 16:16:25,신한,9411-46**-****-4910,69689820,승인,10909,1091,12000,00
2025-11-23 16:28:23,신한,4563-59**-****-6304,82558971,승인,59091,5909,65000,00
2025-11-23 16:46:27,신한,4563-31**-****-9603,98294136,승인,63636,6364,70000,00
2025-11-23 17:09:17,신한,5563-71**-****-5676,14988966,승인,45455,4545,50000,00
2025-11-23 17:18:52,현대,4214-14**-****-7092,54149676,승인,6364,636,7000,00
2025-11-23 17:42:34,하나,9480-14**-****-1930,66045185,승인,36364,3636,40000,00
2025-11-23 17:55:32,삼성,9410-16**-****-1840,33589060,승인,18182,1818,20000,00
2025-11-23 18:31:18,KB국민,5370-37**-****-9706,54734846,승인,72727,7273,80000,00
2025-11-23 18:49:33,신한,9411-94**-****-9081,34883859,승인,63636,6364,70000,00
2025-11-23 19:22:08,신한,5563-46**-****-9334,48631598,승인,27273,2727,30000,00
2025-11-23 19:24:13,KB국민,4569-93**-****-6486,24214231,승인,9091,909,10000,00
2025-11-23 20:19:34,신한,9411-63**-****-3855,34675793,승인,72727,7273,80000,00
2025-11-23 20:33:06,KB국민,5370-78**-****-4241,96562128,승인,27273,2727,30000,00
2025-11-23 20:46:00,삼성,5765-26**-****-2822,38328517,승인,36364,3636,40000,00
2025-11-23 21:19:44,롯데,5284-30**-****-8939,48555903,승인,54545,5455,60000,06
2025-11-23 22:53:03,신한,9411-82**-****-2316,76805247,승인,36364,3636,40000,00
2025-11-23 22:57:44,BC,9460-44**-****-9965,66954946,승인,59091,5909,65000,00
2025-11-24 10:20:44,신한,9411-48**-****-9708,55098584,승인,40909,4091,45000,00
2025-11-24 12:00:55,현대,4214-99**-****-8233,71845342,승인,27273,2727,30000,00
2025-11-24 13:47:15,신한,5563-35**-****-3825,33681518,승인,10909,1091,12000,00
2025-11-24 15:52:12,삼성,9430-89**-****-9937,10338962,승인,40909,4091,45000,00
2025-11-24 15:59:41,신한,5563-69**-****-8540,21693253,승인,31818,3182,35000,00
2025-11-24 16:36:17,삼성,5765-95**-****-2690,35629217,승인,31818,3182,35000,00
2025-11-24 18:12:05,KB국민,9420-98**-****-2103,69998690,승인,54545,5455,60000,00
2025-11-24 18:17:30,하나,5320-71**-****-6009,62403388,승인,45455,4545,50000,00
2025-11-24 19:26:33,신한,4563-40**-****-9493,70535116,승인,6364,636,7000,00
2025-11-24 19:33:34,신한,9411-90**-****-7405,22171050,승인,54545,5455,60000,00
2025-11-24 19:33:42,BC,6243-77**-****-6183,17484446,승인,50000,5000,55000,00
2025-11-24 19:34:48,KB국민,4569-82**-****-7133,22626119,승인,18182,1818,20000,00
2025-11-24 20:06:50,현대,9440-84**-****-6710,51211454,승인,22727,2273,25000,00
2025-11-24 20:44:33,하나,9480-54**-****-5734,52849647,승인,4545,455,5000,00
2025-11-24 20:47:02,BC,9460-27**-****-2061,66360847,승인,36364,3636,40000,00
2025-11-24 21:33:21,삼성,9430-97**-****-4659,65784365,승인,54545,5455,60000,00
2025-11-25 10:40:54,KB국민,4569-36**-****-5485,37867319,승인,40909,4091,45000,00
2025-11-25 15:26:00,현대,6011-36**-****-7149,42969022,승인,31818,3182,35000,00
2025-11-25 18:26:12,KB국민,5370-36**-****-3520,23372668,승인,40909,4091,45000,00
2025-11-25 18:40:57,삼성,5765-15**-****-2216,61048256,승인,36364,3636,40000,00
2025-11-25 19:31:02,신한,9411-21**-****-6898,46102405,승인,40909,4091,45000,00
2025-11-25 19:46:14,BC,9460-26**-****-8779,97190626,승인,13636,1364,15000,00
2025-11-25 20:11:51,신한,9411-86**-****-5636,26852397,승인,50000,5000,55000,00
2025-11-25 20:25:17,현대,6011-85**-****-3936,83455043,승인,36364,3636,40000,00
2025-11-26 15:01:03,신한,9411-14**-****-2720,67658058,승인,16364,1636,18000,00
2025-11-26 15:57:20,BC,9460-61**-****-1744,20315843,승인,36364,3636,40000,00
2025-11-26 16:16:46,KB국민,5370-16**-****-7364,95027005,승인,36364,3636,40000,00
2025-11-26 17:20:00,KB국민,4569-76**-****-6295,89893537,승인,45455,4545,50000,00
2025-11-26 17:24:00,현대,4214-13**-****-7066,23769381,승인,54545,5455,60000,06
2025-11-26 18:06:08,신한,5563-96**-****-7736,26188579,승인,7273,727,8000,00
2025-11-26 18:13:52,NH,9470-89**-****-8550,26881045,승인,40909,4091,45000,00
2025-11-26 18:28:19,롯데,9450-54**-****-1717,58261020,승인,54545,5455,60000,00
2025-11-26 18:37:35,KB국민,5370-36**-****-5270,92211615,승인,36364,3636,40000,00
2025-11-26 18:48:42,BC,6243-16**-****-3408,30667686,승인,6364,636,7000,00
2025-11-26 18:50:47,삼성,9410-33**-****-5742,15654709,승인,7273,727,8000,00
2025-11-26 18:54:40,신한,9411-72**-****-9299,14799727,승인,40909,4091,45000,00
2025-11-26 20:26:35,신한,4563-61**-****-6860,42193641,승인,40909,4091,45000,00
2025-11-26 20:30:53,롯데,9450-40**-****-7255,55618085,승인,6364,636,7000,00
2025-11-26 20:40:47,현대,4214-60**-****-9763,89289109,승인,36364,3636,40000,00
2025-11-26 21:09:52,신한,5563-29**-****-8710,32609951,승인,40909,4091,45000,00
2025-11-26 22:14:39,삼성,9430-87**-****-9697,28146851,승인,36364,3636,40000,00
2025-11-27 14:28:33,삼성,9410-94**-****-5337,41647872,승인,45455,4545,50000,00
2025-11-27 15:09:14,롯데,9450-13**-****-1247,22953274,승인,31818,3182,35000,00
2025-11-27 16:41:37,KB국민,9420-52**-****-4822,40904085,승인,40909,4091,45000,00
2025-11-27 17:57:59,신한,9411-34**-****-8948,26372005,승인,9091,909,10000,00
2025-11-27 19:21:27,BC,9460-18**-****-7904,75751000,승인,18182,1818,20000,00
2025-11-27 19:58:49,KB국민,9420-47**-****-3385,53117599,승인,9091,909,10000,00
2025-11-27 20:38:20,삼성,9430-85**-****-4011,47671930,승인,50000,5000,55000,00
2025-11-27 20:57:55,BC,4556-58**-****-4531,19276427,승인,54545,5455,60000,00
2025-11-27 21:00:35,삼성,9430-86**-****-1651,17214711,승인,40909,4091,45000,00
2025-11-27 21:19:08,신한,5563-31**-****-3559,48553201,승인,40909,4091,45000,00
2025-11-27 21:44:33,KB국민,4569-17**-****-5683,82122671,승인,45455,4545,50000,00
2025-11-28 12:12:27,삼성,9430-35**-****-6323,30922226,승인,10909,1091,12000,00
2025-11-28 12:19:21,신한,4563-59**-****-7056,69428285,승인,45455,4545,50000,00
2025-11-28 12:20:17,삼성,9430-47**-****-2100,39615919,승인,9091,909,10000,00
2025-11-28 12:35:15,하나,4568-81**-****-1677,95634270,승인,59091,5909,65000,00
2025-11-28 13:17:27,KB국민,5370-38**-****-9684,36413154,승인,45455,4545,50000,00
2025-11-28 14:55:49,신한,4563-66**-****-5615,83688700,승인,16364,1636,18000,00
2025-11-28 15:47:44,삼성,5765-18**-****-7903,84833535,승인,50000,5000,55000,00
2025-11-28 16:03:44,KB국민,4569-44**-****-3447,35509985,승인,9091,909,10000,00
2025-11-28 17:10:44,신한,4563-55**-****-2850,36407444,승인,50000,5000,55000,00
2025-11-28 17:52:19,KB국민,4569-31**-****-6735,93184327,승인,54545,5455,60000,00
2025-11-28 18:27:28,신한,9411-62**-****-9294,94188783,승인,16364,1636,18000,00
2025-11-28 18:28:55,신한,9411-34**-****-5927,77437735,승인,72727,7273,80000,00
2025-11-28 18:36:22,KB국민,5370-71**-****-6658,27328917,승인,36364,3636,40000,00
2025-11-28 18:50:05,KB국민,5370-37**-****-3676,55345640,승인,50000,5000,55000,00
2025-11-28 19:01:24,KB국민,5370-45**-****-2571,50170607,승인,45455,4545,50000,06
2025-11-28 19:04:09,현대,6011-13**-****-9313,96887596,승인,63636,6364,70000,00
2025-11-28 19:33:42,KB국민,9420-14**-****-6709,47519480,승인,50000,5000,55000,00
2025-11-28 20:02:38,신한,4563-41**-****-9740,97314737,승인,6364,636,7000,00
2025-11-28 20:36:08,KB국민,9420-32**-****-1011,54686408,승인,45455,4545,50000,00
2025-11-28 20:43:43,BC,6243-90**-****-5328,23865154,승인,59091,5909,65000,00
2025-11-28 20:47:42,NH,4547-62**-****-6817,33882612,승인,36364,3636,40000,00
2025-11-28 20:51:59,신한,9411-53**-****-5390,85348869,승인,36364,3636,40000,00
2025-11-28 21:35:52,신한,5563-89**-****-6983,20695343,승인,50000,5000,55000,00
2025-11-28 21:39:58,신한,9411-30**-****-4052,58781560,승인,13636,1364,15000,00
2025-11-28 21:44:52,신한,5563-89**-****-6983,20695343,취소,50000,5000,55000,00
2025-11-28 21:52:16,롯데,4280-48**-****-7591,74944305,승인,36364,3636,40000,00
2025-11-29 10:09:20,KB국민,4569-32**-****-6257,50351368,승인,36364,3636,40000,00
2025-11-29 11:03:42,KB국민,9420-98**-****-4151,19581319,승인,36364,3636,40000,00
2025-11-29 11:06:41,하나,5320-33**-****-9174,52627143,승인,63636,6364,70000,06
2025-11-29 13:32:30,현대,9440-42**-****-5578,88406318,승인,54545,5455,60000,00
2025-11-29 13:44:54,KB국민,4569-52**-****-2259,89343747,승인,45455,4545,50000,00
2025-11-29 13:44:55,신한,9411-68**-****-6823,87354147,승인,9091,909,10000,00
2025-11-29 13:53:18,신한,5563-26**-****-5871,24064014,승인,36364,3636,40000,00
2025-11-29 14:17:12,롯데,5284-73**-****-8712,92883552,승인,4545,455,5000,00
2025-11-29 14:35:11,롯데,5284-59**-****-2374,96292873,승인,9091,909,10000,00
2025-11-29 15:56:16,삼성,9410-15**-****-8510,46842387,승인,40909,4091,45000,00
2025-11-29 16:07:54,KB국민,4569-33**-****-2218,29545541,승인,36364,3636,40000,00
2025-11-29 16:33:32,KB국민,5370-66**-****-8055,58012833,승인,72727,7273,80000,06
2025-11-29 18:07:17,NH,5765-18**-****-3557,56004651,승인,45455,4545,50000,00
2025-11-29 18:42:24,KB국민,5370-73**-****-1189,10408648,승인,18182,1818,20000,00
2025-11-29 18:57:08,하나,5320-91**-****-4655,58118466,승인,10909,1091,12000,00
2025-11-29 19:13:04,BC,4556-37**-****-1152,21833256,승인,36364,3636,40000,00
2025-11-29 19:17:07,KB국민,5370-61**-****-6441,12821198,승인,54545,5455,60000,00
2025-11-29 20:09:25,신한,9411-41**-****-8851,81477159,승인,16364,1636,18000,00
2025-11-29 20:16:39,BC,4556-48**-****-4141,54396042,승인,7273,727,8000,00
2025-11-29 20:26:02,현대,6011-19**-****-4892,89293279,승인,40909,4091,45000,00
2025-11-29 20:29:33,롯데,4280-14**-****-2133,24648063,승인,40909,4091,45000,00
2025-11-29 20:34:24,삼성,9430-25**-****-3001,20639799,승인,40909,4091,45000,00
2025-11-29 20:51:18,하나,5320-12**-****-4407,65599477,승인,45455,4545,50000,00
2025-11-29 21:02:21,하나,9480-99**-****-3222,72857819,승인,6364,636,7000,00
2025-11-29 21:27:11,BC,4556-43**-****-4158,25013901,승인,72727,7273,80000,00
2025-11-29 21:27:40,BC,4556-80**-****-5562,18395571,승인,27273,2727,30000,00
2025-11-29 21:35:33,현대,6011-50**-****-3102,40901748,승인,63636,6364,70000,06
2025-11-29 22:49:45,롯데,9450-24**-****-8400,88816856,승인,54545,5455,60000,03
2025-11-30 10:44:42,신한,4563-92**-****-6554,36719522,승인,36364,3636,40000,00
2025-11-30 12:07:48,롯데,5284-36**-****-9791,65439603,승인,40909,4091,45000,00
2025-11-30 13:03:29,삼성,5765-36**-****-1422,76112895,승인,22727,2273,25000,00
2025-11-30 13:27:31,KB국민,4569-60**-****-6899,73348300,승인,10909,1091,12000,00
2025-11-30 15:26:04,삼성,5765-66**-****-1693,63543254,승인,63636,6364,70000,03
2025-11-30 16:45:34,BC,4556-35**-****-1586,88280734,승인,9091,909,10000,00
2025-11-30 17:25:41,KB국민,4569-12**-****-6803,80615430,승인,72727,7273,80000,00
2025-11-30 18:16:39,신한,9411-66**-****-8371,47457917,승인,36364,3636,40000,00
2025-11-30 18:44:05,롯데,5284-52**-****-8190,59841715,승인,40909,4091,45000,00
2025-11-30 18:54:00,삼성,5765-10**-****-3347,77481727,승인,6364,636,7000,00
2025-11-30 19:06:21,신한,5563-32**-****-3167,93321634,승인,18182,1818,20000,00
2025-11-30 19:11:23,현대,6011-14**-****-9274,57175479,승인,36364,3636,40000,00
2025-11-30 19:31:18,KB국민,5370-10**-****-9134,79540945,승인,9091,909,10000,00
2025-11-30 19:41:02,BC,6243-15**-****-4573,65846585,승인,59091,5909,65000,03
2025-11-30 19:47:36,현대,4214-71**-****-7407,39038461,승인,45455,4545,50000,00
2025-11-30 20:01:49,신한,9411-15**-****-6676,62496358,승인,63636,6364,70000,00
2025-11-30 20:58:09,롯데,5284-17**-****-7572,85464293,승인,59091,5909,65000,00
2025-11-30 21:26:37,롯데,9450-10**-****-5437,42127507,승인,63636,6364,70000,00
2025-11-30 21:54:13,하나,4568-43**-****-5068,98770562,승인,13636,1364,15000,00
2025-11-30 22:23:57,NH,9470-18**-****-5717,27019390,승인,63636,6364,70000,00
2025-12-01 10:54:11,현대,4214-52**-****-6827,88480462,승인,45455,4545,50000,00
2025-12-01 13:05:45,KB국민,9420-42**-****-7565,93854031,승인,45455,4545,50000,00
2025-12-01 13:06:01,신한,5563-31**-****-1616,61212783,승인,36364,3636,40000,00
2025-12-01 15:17:57,삼성,5765-95**-****-5733,63509768,승인,45455,4545,50000,00
2025-12-01 16:49:47,현대,4214-37**-****-7428,24050955,승인,18182,1818,20000,00
2025-12-01 17:50:40,신한,5563-95**-****-4679,69212474,승인,45455,4545,50000,00
2025-12-01 18:13:41,삼성,5765-11**-****-1262,31266515,승인,10909,1091,12000,00
2025-12-01 18:13:54,현대,4214-55**-****-5496,35527270,승인,40909,4091,45000,00
2025-12-01 19:27:41,삼성,9410-98**-****-8638,69580659,승인,40909,4091,45000,00
2025-12-01 19:34:51,삼성,9410-73**-****-1302,63182758,승인,45455,4545,50000,00
2025-12-01 21:04:34,삼성,5765-81**-****-5817,69175880,승인,36364,3636,40000,00
2025-12-01 21:24:49,현대,9440-52**-****-9390,68835232,승인,4545,455,5000,00
2025-12-01 21:52:49,삼성,9410-54**-****-8602,75641258,승인,50000,5000,55000,00
2025-12-02 13:45:25,하나,9480-19**-****-4652,56245164,승인,36364,3636,40000,00
2025-12-02 14:41:47,신한,9411-36**-****-9322,36749817,승인,10909,1091,12000,00
2025-12-02 16:44:14,KB국민,5370-58**-****-5157,62352009,승인,45455,4545,50000,00
2025-12-02 16:50:57,삼성,9430-61**-****-9059,10607908,승인,31818,3182,35000,00
2025-12-02 18:10:45,삼성,9430-80**-****-6906,27555113,승인,45455,4545,50000,00
2025-12-02 18:50:21,BC,4556-94**-****-7545,20525577,승인,40909,4091,45000,00
2025-12-02 19:01:33,하나,4568-60**-****-9700,15845034,승인,36364,3636,40000,00
2025-12-02 19:12:01,삼성,9410-47**-****-1695,80713683,승인,50000,5000,55000,00
2025-12-02 19:33:27,삼성,9410-91**-****-9447,40318829,승인,4545,455,5000,00
2025-12-02 20:13:35,신한,9411-47**-****-5924,94021213,승인,45455,4545,50000,00
2025-12-02 20:35:33,신한,4563-28**-****-6039,56984008,승인,6364,636,7000,00
2025-12-02 20:59:38,삼성,9430-89**-****-9284,69831485,승인,50000,5000,55000,06
2025-12-02 21:15:59,BC,9460-87**-****-3938,80841928,승인,10909,1091,12000,00
2025-12-03 11:24:04,BC,4556-20**-****-1483,76115765,승인,36364,3636,40000,00
2025-12-03 13:19:30,신한,9411-67**-****-4166,46580536,승인,27273,2727,30000,00
2025-12-03 15:51:35,KB국민,4569-43**-****-6381,10019807,승인,40909,4091,45000,00
2025-12-03 17:27:28,BC,9460-34**-****-6256,52773072,승인,50000,5000,55000,00
2025-12-03 18:04:28,삼성,9430-70**-****-9117,37241646,승인,54545,5455,60000,00
2025-12-03 18:08:02,KB국민,9420-93**-****-1975,17449413,승인,40909,4091,45000,00
2025-12-03 18:58:54,현대,4214-36**-****-8411,39162415,승인,50000,5000,55000,00
2025-12-03 19:00:49,KB국민,5370-55**-****-7850,96552780,승인,7273,727,8000,00
2025-12-03 19:32:56,하나,4568-63**-****-4966,50498040,승인,40909,4091,45000,00
2025-12-03 19:49:05,신한,9411-51**-****-3540,65340518,승인,54545,5455,60000,03
2025-12-03 19:50:12,NH,4547-67**-****-3071,79831617,승인,45455,4545,50000,00
2025-12-03 20:05:53,롯데,5284-63**-****-8155,18642288,승인,50000,5000,55000,00
2025-12-03 20:21:11,신한,5563-71**-****-7167,58579440,승인,27273,2727,30000,00
2025-12-03 22:04:17,하나,4568-20**-****-5601,57820213,승인,40909,4091,45000,00
2025-12-04 12:22:28,KB국민,9420-53**-****-2393,64577819,승인,45455,4545,50000,00
2025-12-04 13:56:25,삼성,9430-58**-****-4467,73580889,승인,31818,3182,35000,00
2025-12-04 14:29:36,삼성,9430-93**-****-7632,84094574,승인,7273,727,8000,00
2025-12-04 14:47:43,현대,6011-83**-****-9564,96308601,승인,16364,1636,18000,00
2025-12-04 16:17:55,BC,9460-88**-****-3553,44833949,승인,31818,3182,35000,00
2025-12-04 16:46:09,KB국민,4569-39**-****-9482,46429290,승인,45455,4545,50000,00
2025-12-04 17:56:57,NH,9470-66**-****-6035,72458202,승인,45455,4545,50000,00
2025-12-04 18:45:44,현대,6011-18**-****-1183,85456541,승인,40909,4091,45000,00
2025-12-04 19:23:39,신한,4563-33**-****-3777,16589366,승인,45455,4545,50000,00
2025-12-04 19:30:56,삼성,5765-74**-****-2245,28604744,승인,16364,1636,18000,00
2025-12-04 19:41:49,신한,5563-40**-****-8637,83700965,승인,45455,4545,50000,00
2025-12-04 19:56:40,현대,6011-79**-****-1766,70583091,승인,54545,5455,60000,00
2025-12-04 20:15:47,롯데,5284-99**-****-1328,95873564,승인,54545,5455,60000,00
2025-12-04 20:21:43,삼성,5765-83**-****-9358,43125161,승인,45455,4545,50000,00
2025-12-04 20:29:24,삼성,9430-75**-****-4932,82500891,승인,54545,5455,60000,00
2025-12-04 20:34:48,신한,4563-77**-****-9446,61705455,승인,36364,3636,40000,00
2025-12-04 21:16:28,신한,4563-60**-****-9108,58056785,승인,36364,3636,40000,00
2025-12-04 22:57:04,현대,4214-25**-****-7805,66934872,승인,54545,5455,60000,00
2025-12-05 11:01:50,신한,9411-53**-****-5114,46156385,승인,50000,5000,55000,06
2025-12-05 13:18:30,하나,4568-76**-****-6155,34922959,승인,40909,4091,45000,00
2025-12-05 13:29:34,현대,4214-86**-****-3479,77478680,승인,59091,5909,65000,00
2025-12-05 14:02:04,BC,4556-59**-****-7076,35900578,승인,54545,5455,60000,00
2025-12-05 14:07:06,NH,9470-29**-****-9382,89462991,승인,7273,727,8000,00
2025-12-05 14:25:56,삼성,9410-56**-****-4652,42860147,승인,54545,5455,60000,00
2025-12-05 14:55:07,삼성,9430-41**-****-6123,84294434,승인,50000,5000,55000,00
2025-12-05 15:26:04,BC,4556-59**-****-7076,35900578,취소,54545,5455,60000,00
2025-12-05 15:58:47,BC,9460-53**-****-3629,50253247,승인,45455,4545,50000,00
2025-12-05 17:25:53,삼성,5765-68**-****-6886,91830476,승인,72727,7273,80000,00
2025-12-05 17:26:40,하나,4568-84**-****-6069,78150266,승인,10909,1091,12000,00
2025-12-05 18:14:06,삼성,5765-57**-****-3063,84069218,승인,72727,7273,80000,00
2025-12-05 18:30:34,삼성,5765-74**-****-4392,74442079,승인,7273,727,8000,00
2025-12-05 19:12:37,NH,9470-57**-****-2717,10346126,승인,27273,2727,30000,00
2025-12-05 19:28:20,신한,5563-83**-****-6868,70264249,승인,40909,4091,45000,00
2025-12-05 20:00:28,KB국민,4569-95**-****-8003,91298573,승인,36364,3636,40000,00
2025-12-05 20:17:28,하나,5320-16**-****-6590,67829936,승인,10909,1091,12000,00
2025-12-05 20:36:08,신한,5563-45**-****-1377,28871540,승인,4545,455,5000,00
2025-12-05 20:37:18,현대,9440-21**-****-2251,92437241,승인,7273,727,8000,00
2025-12-05 20:55:30,KB국민,9420-65**-****-4775,77183002,승인,27273,2727,30000,00
2025-12-05 21:01:42,NH,9470-62**-****-3167,70192727,승인,16364,1636,18000,00
2025-12-05 21:04:35,BC,4556-66**-****-2380,22358622,승인,40909,4091,45000,00
2025-12-06 10:22:31,신한,9411-54**-****-2961,45710565,승인,54545,5455,60000,00
2025-12-06 10:48:05,NH,9470-12**-****-7821,93760951,승인,59091,5909,65000,00
2025-12-06 10:51:44,삼성,9430-40**-****-4460,65873121,승인,50000,5000,55000,00
2025-12-06 11:41:26,하나,9480-83**-****-7039,50618180,승인,59091,5909,65000,00
2025-12-06 13:32:58,현대,4214-15**-****-9694,45052440,승인,59091,5909,65000,00
2025-12-06 13:56:02,삼성,9430-55**-****-9432,50858588,승인,4545,455,5000,00
2025-12-06 14:03:00,삼성,9410-35**-****-6484,94652269,승인,63636,6364,70000,00
2025-12-06 14:17:00,삼성,9410-41**-****-2654,61846838,승인,13636,1364,15000,00
2025-12-06 14:18:02,NH,4547-22**-****-5738,20811481,승인,59091,5909,65000,00
2025-12-06 15:05:09,신한,5563-82**-****-7709,96229367,승인,4545,455,5000,00
2025-12-06 17:13:38,신한,9411-87**-****-5370,76156093,승인,54545,5455,60000,00
2025-12-06 17:35:56,신한,9411-82**-****-7627,38228469,승인,59091,5909,65000,00
2025-12-06 18:13:50,삼성,9410-63**-****-2221,79772205,승인,63636,6364,70000,00
2025-12-06 18:27:05,KB국민,9420-75**-****-7361,14622056,승인,63636,6364,70000,00
2025-12-06 18:39:40,KB국민,4569-86**-****-2765,60858769,승인,45455,4545,50000,00
2025-12-06 18:50:12,신한,9411-67**-****-4511,73282654,승인,36364,3636,40000,00
2025-12-06 19:06:46,현대,6011-74**-****-5109,23895700,승인,7273,727,8000,00
2025-12-06 19:12:38,삼성,9430-91**-****-9844,53547939,승인,54545,5455,60000,03
2025-12-06 19:33:22,현대,4214-76**-****-5128,71572948,승인,9091,909,10000,00
2025-12-06 19:35:34,BC,4556-15**-****-9117,45531275,승인,36364,3636,40000,00
2025-12-06 20:04:44,BC,4556-89**-****-1435,58354708,승인,63636,6364,70000,00
2025-12-06 20:56:39,현대,9440-58**-****-4849,49297826,승인,36364,3636,40000,00
2025-12-06 21:04:51,신한,9411-98**-****-6719,97755635,승인,9091,909,10000,00
2025-12-06 21:36:13,신한,9411-75**-****-4841,96429058,승인,59091,5909,65000,00
2025-12-06 22:02:19,삼성,9430-63**-****-5425,79901984,승인,36364,3636,40000,00
2025-12-06 22:50:01,신한,4563-32**-****-8078,51374539,승인,59091,5909,65000,00
2025-12-07 11:03:56,신한,9411-24**-****-2893,38311056,승인,45455,4545,50000,03
2025-12-07 11:04:04,현대,6011-25**-****-1375,66340040,승인,45455,4545,50000,00
2025-12-07 11:10:01,현대,4214-59**-****-3823,52192512,승인,45455,4545,50000,00
2025-12-07 11:27:19,신한,4563-74**-****-8833,13729462,승인,54545,5455,60000,00
2025-12-07 11:53:03,현대,9440-23**-****-5190,76605891,승인,50000,5000,55000,00
2025-12-07 12:12:08,삼성,9430-82**-****-3811,81771743,승인,54545,5455,60000,00
2025-12-07 13:19:14,삼성,9410-61**-****-8067,93410225,승인,9091,909,10000,00
2025-12-07 13:28:31,삼성,9430-69**-****-4031,48478350,승인,45455,4545,50000,00
2025-12-07 13:52:50,하나,5320-99**-****-2442,95511771,승인,63636,6364,70000,00
2025-12-07 14:06:04,NH,4547-46**-****-1134,29111134,승인,7273,727,8000,00
2025-12-07 14:44:23,롯데,9450-36**-****-3265,84075787,승인,27273,2727,30000,00
2025-12-07 14:46:41,KB국민,4569-49**-****-4946,47789125,승인,50000,5000,55000,00
2025-12-07 15:45:02,롯데,9450-19**-****-7739,27678448,승인,63636,6364,70000,00
2025-12-07 16:42:37,현대,9440-54**-****-4468,12069306,승인,63636,6364,70000,00
2025-12-07 17:10:11,롯데,5284-50**-****-1913,36805154,승인,36364,3636,40000,00
2025-12-07 17:17:17,NH,5765-67**-****-9881,18220248,승인,40909,4091,45000,00
2025-12-07 17:47:19,KB국민,4569-67**-****-9489,34673455,승인,72727,7273,80000,00
2025-12-07 17:52:24,하나,4568-41**-****-8613,35066481,승인,59091,5909,65000,00
2025-12-07 18:55:46,신한,5563-10**-****-7016,92511786,승인,36364,3636,40000,00
2025-12-07 19:10:20,NH,4547-51**-****-3393,58471823,승인,59091,5909,65000,00
2025-12-07 19:12:13,KB국민,5370-66**-****-1656,25191101,승인,27273,2727,30000,00
2025-12-07 19:45:50,삼성,9410-27**-****-6200,28485525,승인,59091,5909,65000,00
2025-12-07 20:07:07,NH,4547-39**-****-9439,31146021,승인,40909,4091,45000,00
2025-12-07 20:15:06,신한,4563-57**-****-3247,40485556,승인,54545,5455,60000,00
2025-12-07 20:29:50,삼성,9410-27**-****-6200,28485525,취소,59091,5909,65000,00
2025-12-07 20:41:41,현대,4214-72**-****-6498,79215283,승인,50000,5000,55000,00
2025-12-07 20:44:27,현대,4214-31**-****-8400,70025831,승인,10909,1091,12000,00
2025-12-07 20:47:56,신한,4563-80**-****-2492,51874039,승인,40909,4091,45000,00
2025-12-07 20:58:46,삼성,9430-39**-****-9903,63318377,승인,54545,5455,60000,00
2025-12-07 21:39:55,KB국민,5370-91**-****-6835,34697956,승인,10909,1091,12000,00
2025-12-07 22:07:03,KB국민,4569-83**-****-8545,78308057,승인,59091,5909,65000,00
2025-12-07 22:23:21,롯데,5284-94**-****-1385,27030337,승인,45455,4545,50000,00
2025-12-08 10:41:44,현대,9440-77**-****-9154,44650890,승인,40909,4091,45000,00
2025-12-08 13:31:34,삼성,5765-35**-****-1983,76400084,승인,40909,4091,45000,00
2025-12-08 13:41:23,KB국민,4569-36**-****-3133,64117511,승인,45455,4545,50000,00
2025-12-08 14:52:28,신한,4563-76**-****-8178,49149188,승인,40909,4091,45000,00
2025-12-08 15:17:19,KB국민,5370-59**-****-7652,67413674,승인,31818,3182,35000,00
2025-12-08 16:08:29,현대,9440-91**-****-2676,79321557,승인,31818,3182,35000,00
2025-12-08 17:29:40,롯데,4280-70**-****-1999,69319593,승인,4545,455,5000,00
2025-12-08 18:02:31,삼성,5765-18**-****-6414,24756256,승인,36364,3636,40000,00
2025-12-08 18:04:26,KB국민,9420-66**-****-9024,96518956,승인,36364,3636,40000,00
2025-12-08 19:17:03,삼성,9430-75**-****-5267,90850278,승인,36364,3636,40000,00
2025-12-08 19:53:19,신한,9411-12**-****-1439,19561156,승인,13636,1364,15000,00
2025-12-08 20:50:21,현대,6011-53**-****-6765,98835475,승인,10909,1091,12000,00
2025-12-08 20:57:33,신한,4563-46**-****-6359,26227999,승인,6364,636,7000,00
2025-12-08 21:28:04,KB국민,4569-76**-****-1422,99933433,승인,45455,4545,50000,00
2025-12-08 21:46:53,신한,5563-58**-****-5679,87948087,승인,45455,4545,50000,00
2025-12-08 22:18:19,롯데,4280-24**-****-8512,26042897,승인,54545,5455,60000,00
2025-12-09 12:30:11,KB국민,5370-83**-****-4005,94068201,승인,36364,3636,40000,00
2025-12-09 15:00:26,NH,4547-68**-****-1687,31734195,승인,36364,3636,40000,00
2025-12-09 16:32:47,롯데,9450-26**-****-4028,16883776,승인,31818,3182,35000,00
2025-12-09 16:59:41,신한,9411-37**-****-5418,68755967,승인,40909,4091,45000,00
2025-12-09 17:00:27,삼성,5765-90**-****-7361,25235645,승인,13636,1364,15000,00
2025-12-09 17:03:39,KB국민,5370-14**-****-7126,17374681,승인,50000,5000,55000,00
2025-12-09 17:10:45,하나,5320-45**-****-2750,78927238,승인,36364,3636,40000,00
2025-12-09 18:10:07,신한,5563-32**-****-4196,17946893,승인,27273,2727,30000,00
2025-12-09 18:24:28,신한,4563-53**-****-6996,96669167,승인,40909,4091,45000,00
2025-12-09 19:49:21,KB국민,4569-26**-****-6754,39181726,승인,22727,2273,25000,00
2025-12-09 21:10:20,KB국민,4569-55**-****-9712,67857247,승인,36364,3636,40000,00
2025-12-10 11:22:11,삼성,9410-31**-****-6965,29856960,승인,45455,4545,50000,00
2025-12-10 12:23:07,신한,5563-70**-****-7165,89220762,승인,40909,4091,45000,00
2025-12-10 12:43:02,KB국민,5370-81**-****-3349,72650510,승인,40909,4091,45000,00
2025-12-10 12:47:01,롯데,4280-14**-****-3795,82178116,승인,27273,2727,30000,00
2025-12-10 14:31:21,신한,5563-60**-****-1491,97642319,승인,27273,2727,30000,00
2025-12-10 15:11:16,KB국민,9420-80**-****-7539,43600929,승인,36364,3636,40000,00
2025-12-10 15:59:38,NH,5765-61**-****-4153,75315479,승인,36364,3636,40000,00
2025-12-10 17:13:57,롯데,9450-18**-****-2701,37731098,승인,54545,5455,60000,00
2025-12-10 17:17:54,NH,5765-63**-****-3774,24070060,승인,6364,636,7000,00
2025-12-10 18:31:25,신한,4563-41**-****-3355,35031757,승인,36364,3636,40000,00
2025-12-10 19:13:17,삼성,9430-46**-****-1764,39123689,승인,40909,4091,45000,00
2025-12-10 20:56:36,삼성,9430-20**-****-4839,46320822,승인,50000,5000,55000,00
2025-12-10 21:10:34,삼성,9430-95**-****-8719,81107087,승인,50000,5000,55000,00
2025-12-11 12:47:02,신한,4563-31**-****-1542,92939173,승인,36364,3636,40000,00
2025-12-11 13:56:19,삼성,9430-49**-****-1570,73562958,승인,40909,4091,45000,00
2025-12-11 14:38:45,현대,9440-61**-****-2264,90108427,승인,31818,3182,35000,00
2025-12-11 15:08:48,삼성,5765-54**-****-3327,43119886,승인,31818,3182,35000,00
2025-12-11 15:28:52,하나,4568-95**-****-7504,46040418,승인,31818,3182,35000,00
2025-12-11 15:52:51,KB국민,5370-91**-****-7428,25084086,승인,9091,909,10000,00
2025-12-11 16:31:10,현대,4214-76**-****-9532,41615387,승인,31818,3182,35000,00
2025-12-11 16:40:36,BC,4556-61**-****-9559,61344096,승인,7273,727,8000,00
2025-12-11 17:00:31,KB국민,5370-16**-****-5630,78957881,승인,27273,2727,30000,00
2025-12-11 18:04:35,신한,4563-72**-****-2419,64386957,승인,50000,5000,55000,00
2025-12-11 18:04:48,삼성,9430-53**-****-9334,25308020,승인,36364,3636,40000,00
2025-12-11 19:04:03,하나,4568-43**-****-7008,49427000,승인,40909,4091,45000,00
2025-12-11 19:08:29,신한,5563-17**-****-8681,27753605,승인,54545,5455,60000,00
2025-12-11 19:29:59,신한,9411-62**-****-6265,32599162,승인,36364,3636,40000,00
2025-12-11 19:58:25,롯데,9450-96**-****-4049,64258765,승인,45455,4545,50000,00
2025-12-11 20:51:25,신한,4563-20**-****-2415,88537259,승인,36364,3636,40000,00
2025-12-12 11:30:11,롯데,4280-88**-****-6662,77423185,승인,40909,4091,45000,00
2025-12-12 12:58:42,NH,9470-13**-****-9293,90503644,승인,63636,6364,70000,00
2025-12-12 13:03:49,KB국민,9420-33**-****-4073,86060951,승인,40909,4091,45000,00
2025-12-12 14:30:18,BC,6243-84**-****-4730,33545030,승인,72727,7273,80000,00
2025-12-12 14:45:05,신한,4563-56**-****-6400,17277146,승인,22727,2273,25000,00
2025-12-12 15:27:27,하나,4568-51**-****-8606,29990503,승인,4545,455,5000,00
2025-12-12 17:34:25,롯데,5284-23**-****-6324,40163829,승인,7273,727,8000,00
2025-12-12 18:13:58,현대,4214-34**-****-3540,86953807,승인,7273,727,8000,00
2025-12-12 18:23:00,현대,9440-70**-****-5602,10768681,승인,50000,5000,55000,00
2025-12-12 18:46:03,삼성,9430-66**-****-3899,29675252,승인,54545,5455,60000,00
2025-12-12 18:51:08,삼성,9410-54**-****-6167,41958935,승인,72727,7273,80000,00
2025-12-12 19:25:25,NH,4547-97**-****-2076,22549604,승인,10909,1091,12000,00
2025-12-12 19:35:02,NH,9470-28**-****-5339,24960060,승인,50000,5000,55000,00
2025-12-12 19:43:26,BC,9460-63**-****-9171,26906298,승인,54545,5455,60000,00
2025-12-12 19:46:46,NH,5765-28**-****-4510,51523627,승인,50000,5000,55000,00
2025-12-12 20:59:13,KB국민,9420-53**-****-9332,18502822,승인,16364,1636,18000,00
2025-12-12 21:13:13,KB국민,9420-53**-****-9332,18502822,취소,16364,1636,18000,00
2025-12-12 21:28:16,삼성,5765-53**-****-7465,19193409,승인,13636,1364,15000,00
2025-12-12 21:30:37,KB국민,5370-33**-****-1810,29209288,승인,59091,5909,65000,00
2025-12-12 22:29:56,현대,4214-89**-****-6819,93035472,승인,16364,1636,18000,00
2025-12-12 22:49:19,BC,4556-27**-****-5243,62305779,승인,59091,5909,65000,00
2025-12-13 12:11:43,삼성,5765-34**-****-8857,78882412,승인,54545,5455,60000,00
2025-12-13 12:46:55,NH,4547-36**-****-8270,23952871,승인,36364,3636,40000,00
2025-12-13 14:29:50,BC,4556-27**-****-8390,89736214,승인,54545,5455,60000,00
2025-12-13 14:31:29,롯데,5284-33**-****-3423,29478432,승인,72727,7273,80000,00
2025-12-13 14:39:27,KB국민,4569-55**-****-4320,81911375,승인,18182,1818,20000,00
2025-12-13 14:39:48,현대,4214-50**-****-8409,84920299,승인,40909,4091,45000,00
2025-12-13 15:23:32,현대,6011-28**-****-3425,54842745,승인,16364,1636,18000,00
2025-12-13 15:40:05,BC,9460-91**-****-4983,95061717,승인,59091,5909,65000,00
2025-12-13 16:20:10,롯데,9450-24**-****-4110,38202299,승인,22727,2273,25000,00
2025-12-13 16:27:46,하나,9480-99**-****-2072,68988140,승인,50000,5000,55000,00
2025-12-13 16:56:07,하나,9480-60**-****-5267,23798509,승인,72727,7273,80000,00
2025-12-13 17:00:20,신한,9411-95**-****-8931,41799653,승인,54545,5455,60000,00
2025-12-13 17:05:08,현대,4214-40**-****-7141,20482951,승인,72727,7273,80000,00
2025-12-13 17:06:02,KB국민,5370-11**-****-6356,77929835,승인,45455,4545,50000,00
2025-12-13 17:09:54,신한,5563-31**-****-8045,92256280,승인,36364,3636,40000,00
2025-12-13 17:16:31,삼성,9410-91**-****-3356,58804539,승인,54545,5455,60000,00
2025-12-13 17:18:45,KB국민,4569-39**-****-1800,90934056,승인,50000,5000,55000,00
2025-12-13 18:57:10,신한,4563-83**-****-9921,28890075,승인,59091,5909,65000,00
2025-12-13 19:06:58,신한,4563-35**-****-2635,39123202,승인,54545,5455,60000,00
2025-12-13 19:09:02,NH,5765-53**-****-5173,83961505,승인,63636,6364,70000,00
2025-12-13 19:11:59,신한,5563-83**-****-7842,23418988,승인,54545,5455,60000,00
2025-12-13 19:42:23,KB국민,9420-69**-****-8589,64934428,승인,27273,2727,30000,00
2025-12-13 19:44:17,KB국민,4569-63**-****-4213,64391205,승인,9091,909,10000,00
2025-12-13 20:08:54,KB국민,4569-66**-****-6663,66125192,승인,16364,1636,18000,00
2025-12-13 20:12:56,하나,9480-29**-****-7850,67690164,승인,54545,5455,60000,00
2025-12-13 20:15:10,삼성,9410-21**-****-6285,39204122,승인,72727,7273,80000,00
2025-12-13 20:39:22,신한,5563-37**-****-1921,78377590,승인,16364,1636,18000,00
2025-12-13 20:40:03,신한,4563-55**-****-3122,98594267,승인,27273,2727,30000,00
2025-12-13 20:42:41,KB국민,5370-47**-****-7048,90117512,승인,40909,4091,45000,00
2025-12-13 21:27:07,KB국민,4569-65**-****-2339,23484456,승인,50000,5000,55000,00
2025-12-13 22:26:37,KB국민,5370-58**-****-4232,46874819,승인,72727,7273,80000,00
2025-12-13 22:36:45,현대,9440-95**-****-8377,10608061,승인,59091,5909,65000,00
2025-12-13 22:38:43,NH,4547-35**-****-4772,56739546,승인,40909,4091,45000,00
2025-12-14 12:51:07,신한,5563-86**-****-6611,54672766,승인,63636,6364,70000,00
2025-12-14 13:30:32,현대,4214-99**-****-8865,49320205,승인,50000,5000,55000,06
2025-12-14 13:37:09,삼성,5765-10**-****-1464,34070150,승인,59091,5909,65000,00
2025-12-14 13:50:03,현대,6011-84**-****-5308,15505650,승인,63636,6364,70000,00
2025-12-14 14:18:35,롯데,5284-36**-****-2461,15522065,승인,50000,5000,55000,00
2025-12-14 14:40:47,BC,9460-97**-****-8951,74965529,승인,50000,5000,55000,00
2025-12-14 14:55:15,KB국민,4569-10**-****-8858,28848809,승인,22727,2273,25000,00
2025-12-14 16:12:38,NH,4547-88**-****-9542,55216006,승인,54545,5455,60000,00
2025-12-14 16:36:45,신한,9411-42**-****-6836,51610427,승인,40909,4091,45000,00
2025-12-14 16:44:40,삼성,5765-38**-****-5902,21428703,승인,54545,5455,60000,00
2025-12-14 16:59:34,신한,9411-36**-****-4204,42968100,승인,54545,5455,60000,00
2025-12-14 18:02:19,하나,4568-95**-****-3603,75080263,승인,36364,3636,40000,00
2025-12-14 18:04:42,KB국민,4569-22**-****-6793,93410805,승인,36364,3636,40000,00
2025-12-14 18:22:02,롯데,9450-66**-****-5978,44455680,승인,40909,4091,45000,00
2025-12-14 18:40:42,삼성,9410-79**-****-1446,18153190,승인,22727,2273,25000,00
2025-12-14 18:42:08,KB국민,5370-29**-****-8564,79861588,승인,54545,5455,60000,00
2025-12-14 18:52:09,현대,6011-21**-****-3614,61392760,승인,6364,636,7000,00
2025-12-14 19:29:59,신한,4563-65**-****-8567,61051011,승인,36364,3636,40000,00
2025-12-14 19:55:02,KB국민,4569-80**-****-3336,58416221,승인,63636,6364,70000,00
2025-12-14 19:56:27,KB국민,5370-77**-****-2098,60493921,승인,9091,909,10000,00
2025-12-14 20:17:07,KB국민,9420-82**-****-3505,30340059,승인,40909,4091,45000,00
2025-12-14 20:40:12,신한,9411-68**-****-1695,24902277,승인,50000,5000,55000,00
2025-12-14 20:54:40,NH,4547-83**-****-2084,15642912,승인,54545,5455,60000,00
2025-12-14 21:01:31,BC,4556-23**-****-7686,58660908,승인,45455,4545,50000,00
2025-12-14 21:51:52,삼성,5765-83**-****-8234,91558768,승인,50000,5000,55000,00
2025-12-14 21:53:54,삼성,5765-57**-****-6692,53218310,승인,72727,7273,80000,00
2025-12-14 22:26:12,신한,9411-68**-****-1695,24902277,취소,50000,5000,55000,00
2025-12-15 10:12:39,롯데,9450-58**-****-9539,92639694,승인,36364,3636,40000,00
2025-12-15 11:40:22,삼성,5765-86**-****-1727,96262000,승인,45455,4545,50000,00
2025-12-15 13:03:14,삼성,9410-29**-****-1897,90187864,승인,18182,1818,20000,00
2025-12-15 13:28:17,신한,5563-11**-****-8638,35337606,승인,27273,2727,30000,00
2025-12-15 15:01:50,삼성,9410-59**-****-8650,67635345,승인,7273,727,8000,00
2025-12-15 15:03:41,KB국민,9420-93**-****-7985,38394403,승인,4545,455,5000,00
2025-12-15 15:13:58,신한,4563-47**-****-4545,82509856,승인,45455,4545,50000,00
2025-12-15 15:21:15,하나,9480-59**-****-1402,74535895,승인,45455,4545,50000,00
2025-12-15 16:22:46,롯데,9450-10**-****-2203,25019417,승인,36364,3636,40000,00
2025-12-15 17:38:21,신한,4563-29**-****-2874,67890573,승인,18182,1818,20000,00
2025-12-15 19:10:06,KB국민,5370-54**-****-3194,43707568,승인,50000,5000,55000,00
2025-12-15 19:20:15,KB국민,5370-87**-****-2138,97977664,승인,45455,4545,50000,00
2025-12-15 19:22:18,현대,9440-30**-****-7424,51092755,승인,50000,5000,55000,00
2025-12-15 19:54:11,KB국민,9420-40**-****-3806,84804869,승인,45455,4545,50000,00
2025-12-15 20:40:38,신한,9411-98**-****-1102,46816736,승인,54545,5455,60000,03
2025-12-15 20:42:10,KB국민,4569-17**-****-3357,40263170,승인,40909,4091,45000,00
2025-12-15 22:44:57,현대,4214-72**-****-6079,89810391,승인,45455,4545,50000,00
2025-12-16 10:55:10,신한,5563-89**-****-9184,57930492,승인,40909,4091,45000,00
2025-12-16 11:46:34,롯데,5284-62**-****-7511,10903018,승인,27273,2727,30000,00
2025-12-16 14:23:36,KB국민,9420-60**-****-7021,57037608,승인,36364,3636,40000,00
2025-12-16 14:40:39,신한,9411-33**-****-2800,40093371,승인,31818,3182,35000,00
2025-12-16 15:22:59,현대,9440-80**-****-3186,73549550,승인,27273,2727,30000,00
2025-12-16 15:34:20,NH,9470-74**-****-6431,98685344,승인,9091,909,10000,00
2025-12-16 16:06:08,하나,4568-81**-****-7057,90301625,승인,27273,2727,30000,00
2025-12-16 16:38:40,현대,9440-85**-****-8098,56633691,승인,27273,2727,30000,00
2025-12-16 16:46:06,KB국민,4569-90**-****-8721,22295753,승인,36364,3636,40000,00
2025-12-16 17:04:37,KB국민,9420-86**-****-6343,14412761,승인,40909,4091,45000,00
2025-12-16 17:12:48,롯데,9450-63**-****-6715,49206585,승인,50000,5000,55000,00
2025-12-16 17:38:46,KB국민,4569-22**-****-2091,60204969,승인,54545,5455,60000,00
2025-12-16 18:00:20,삼성,9430-74**-****-7763,71252679,승인,54545,5455,60000,00
2025-12-16 18:11:37,신한,9411-58**-****-9070,42679457,승인,45455,4545,50000,00
2025-12-16 18:46:36,BC,4556-36**-****-6971,68920549,승인,45455,4545,50000,06
2025-12-16 19:06:26,롯데,5284-90**-****-1000,95794390,승인,40909,4091,45000,00
2025-12-16 19:07:57,KB국민,4569-22**-****-3627,37904295,승인,40909,4091,45000,00
2025-12-16 19:20:05,하나,5320-18**-****-1723,83579176,승인,7273,727,8000,00
2025-12-16 19:40:24,KB국민,5370-57**-****-9266,14249689,승인,40909,4091,45000,00
2025-12-16 20:22:34,NH,4547-84**-****-7843,58063636,승인,50000,5000,55000,00
2025-12-16 21:20:43,KB국민,9420-56**-****-7665,17013813,승인,50000,5000,55000,03
2025-12-17 11:54:45,현대,4214-36**-****-9516,45128146,승인,36364,3636,40000,00
2025-12-17 12:45:14,BC,6243-13**-****-3252,93739795,승인,13636,1364,15000,00
2025-12-17 15:48:20,롯데,9450-93**-****-8410,46130187,승인,45455,4545,50000,00
2025-12-17 16:36:02,KB국민,5370-52**-****-6315,14674710,승인,40909,4091,45000,00
2025-12-17 16:49:50,KB국민,4569-30**-****-9816,75012122,승인,36364,3636,40000,00
2025-12-17 17:01:36,현대,9440-95**-****-6152,10392359,승인,54545,5455,60000,00
2025-12-17 17:01:54,현대,4214-25**-****-7958,12608801,승인,22727,2273,25000,00
2025-12-17 17:49:04,삼성,5765-40**-****-7934,38179050,승인,36364,3636,40000,00
2025-12-17 18:03:44,KB국민,5370-63**-****-3235,90403123,승인,16364,1636,18000,00
2025-12-17 19:19:07,하나,9480-68**-****-4359,59616284,승인,45455,4545,50000,00
2025-12-17 19:57:18,BC,9460-90**-****-9934,64635459,승인,36364,3636,40000,00
2025-12-17 20:07:52,KB국민,9420-86**-****-5125,13841770,승인,13636,1364,15000,00
2025-12-17 20:16:23,현대,4214-52**-****-2796,72993322,승인,27273,2727,30000,00
2025-12-17 20:48:29,하나,4568-94**-****-7210,13976889,승인,36364,3636,40000,00
2025-12-17 20:52:06,BC,4556-58**-****-4358,90657707,승인,40909,4091,45000,00
2025-12-17 21:18:22,롯데,9450-30**-****-5910,12240839,승인,54545,5455,60000,00
2025-12-17 22:43:25,NH,4547-24**-****-5515,38354093,승인,36364,3636,40000,00
2025-12-18 12:56:16,신한,9411-28**-****-5766,99740114,승인,45455,4545,50000,00
2025-12-18 12:56:58,BC,6243-83**-****-8749,32893065,승인,4545,455,5000,00
2025-12-18 14:03:53,NH,9470-46**-****-6001,79666951,승인,45455,4545,50000,00
2025-12-18 14:17:48,KB국민,9420-79**-****-3038,97708373,승인,27273,2727,30000,00
2025-12-18 14:26:32,롯데,9450-90**-****-2338,54918988,승인,7273,727,8000,00
2025-12-18 15:10:17,현대,4214-95**-****-1204,72453066,승인,27273,2727,30000,00
2025-12-18 15:12:35,NH,5765-35**-****-7932,37449876,승인,36364,3636,40000,00
2025-12-18 15:30:39,BC,9460-35**-****-4415,22584537,승인,36364,3636,40000,00
2025-12-18 15:52:45,BC,9460-75**-****-9041,85401150,승인,31818,3182,35000,00
2025-12-18 16:51:40,KB국민,5370-54**-****-5029,79867818,승인,6364,636,7000,00
2025-12-18 18:36:55,현대,6011-41**-****-2393,82559719,승인,54545,5455,60000,00
2025-12-18 20:14:54,신한,4563-36**-****-5518,44553636,승인,6364,636,7000,00
2025-12-18 20:31:48,현대,6011-34**-****-2123,33108436,승인,54545,5455,60000,00
2025-12-18 20:39:59,현대,6011-46**-****-7029,64229961,승인,18182,1818,20000,00
2025-12-18 20:56:45,KB국민,9420-25**-****-2432,40934336,승인,54545,5455,60000,03
2025-12-18 21:39:37,삼성,5765-75**-****-4053,49548066,승인,36364,3636,40000,00
2025-12-18 21:48:06,KB국민,4569-40**-****-7819,42975327,승인,40909,4091,45000,00
2025-12-19 14:30:08,신한,4563-15**-****-3395,69666141,승인,7273,727,8000,00
2025-12-19 15:05:30,삼성,5765-38**-****-2604,68635179,승인,54545,5455,60000,00
2025-12-19 15:10:20,현대,6011-45**-****-4449,23145445,승인,4545,455,5000,00
2025-12-19 15:23:10,하나,5320-77**-****-6594,35392608,승인,6364,636,7000,00
2025-12-19 16:01:20,현대,6011-45**-****-4449,23145445,취소,4545,455,5000,00
2025-12-19 16:04:38,신한,4563-96**-****-1807,16973658,승인,18182,1818,20000,00
2025-12-19 16:37:08,BC,6243-75**-****-5674,88578499,승인,40909,4091,45000,00
2025-12-19 16:52:13,삼성,9410-52**-****-5017,15882399,승인,63636,6364,70000,00
2025-12-19 16:53:09,신한,4563-26**-****-6023,24463383,승인,36364,3636,40000,00
2025-12-19 17:23:26,KB국민,4569-51**-****-7295,23541391,승인,50000,5000,55000,00
2025-12-19 19:06:06,신한,4563-98**-****-9876,87841872,승인,50000,5000,55000,00
2025-12-19 19:39:31,신한,9411-72**-****-8990,74922822,승인,59091,5909,65000,00
2025-12-19 20:15:10,KB국민,9420-68**-****-9020,38150448,승인,9091,909,10000,00
2025-12-19 20:17:00,BC,4556-91**-****-5660,95380713,승인,72727,7273,80000,00
2025-12-19 20:19:24,BC,6243-13**-****-4757,43554732,승인,59091,5909,65000,00
2025-12-19 20:47:20,신한,5563-78**-****-9369,99434830,승인,45455,4545,50000,00
2025-12-19 21:08:47,롯데,5284-29**-****-5118,31908281,승인,18182,1818,20000,00
2025-12-19 21:16:22,현대,4214-28**-****-8195,57217902,승인,54545,5455,60000,00
2025-12-19 21:19:16,KB국민,4569-76**-****-6070,19156432,승인,54545,5455,60000,00
2025-12-19 22:00:40,KB국민,5370-27**-****-9423,24196141,승인,36364,3636,40000,00
2025-12-20 11:19:54,KB국민,9420-70**-****-3935,31855262,승인,40909,4091,45000,00
2025-12-20 12:24:14,NH,9470-85**-****-3851,20440513,승인,36364,3636,40000,00
2025-12-20 13:49:12,BC,6243-97**-****-2327,71679296,승인,36364,3636,40000,00
2025-12-20 13:52:56,신한,9411-42**-****-7745,35461072,승인,50000,5000,55000,00
2025-12-20 14:16:27,KB국민,4569-31**-****-3059,64941207,승인,16364,1636,18000,00
2025-12-20 14:42:33,롯데,9450-16**-****-2416,30700538,승인,4545,455,5000,00
2025-12-20 14:58:37,신한,9411-46**-****-4073,85677075,승인,59091,5909,65000,00
2025-12-20 15:04:27,삼성,9430-86**-****-6798,17188389,승인,27273,2727,30000,00
2025-12-20 15:21:14,하나,4568-36**-****-3597,69185750,승인,13636,1364,15000,00
2025-12-20 15:24:12,삼성,9410-93**-****-9450,99247069,승인,50000,5000,55000,00
2025-12-20 15:49:49,BC,6243-54**-****-9574,78102084,승인,59091,5909,65000,00
2025-12-20 16:18:01,KB국민,5370-38**-****-3071,23059951,승인,45455,4545,50000,00
2025-12-20 16:22:48,NH,9470-31**-****-5820,15802936,승인,13636,1364,15000,00
2025-12-20 16:42:49,BC,6243-54**-****-9574,78102084,취소,59091,5909,65000,00
2025-12-20 17:14:28,신한,4563-96**-****-8444,49570224,승인,4545,455,5000,00
2025-12-20 17:21:53,신한,9411-59**-****-4532,65163746,승인,72727,7273,80000,03
2025-12-20 17:50:27,하나,9480-46**-****-7000,91106214,승인,10909,1091,12000,00
2025-12-20 18:06:27,신한,9411-16**-****-9763,17065348,승인,63636,6364,70000,00
2025-12-20 18:10:19,KB국민,9420-72**-****-1465,25949278,승인,54545,5455,60000,00
2025-12-20 18:12:26,하나,9480-24**-****-6410,22532064,승인,50000,5000,55000,00
2025-12-20 18:44:37,KB국민,5370-33**-****-5428,85344702,승인,40909,4091,45000,00
2025-12-20 18:59:11,삼성,9410-51**-****-3616,47762314,승인,13636,1364,15000,00
2025-12-20 19:45:06,삼성,5765-33**-****-4534,49062809,승인,72727,7273,80000,03
2025-12-20 20:22:30,신한,4563-80**-****-4879,46256397,승인,54545,5455,60000,00
2025-12-20 20:34:13,삼성,5765-73**-****-8594,78012419,승인,40909,4091,45000,00
2025-12-20 20:51:25,하나,5320-73**-****-5564,60473833,승인,13636,1364,15000,00
2025-12-20 21:05:58,신한,5563-86**-****-8072,20483839,승인,45455,4545,50000,00
2025-12-20 21:28:40,롯데,4280-56**-****-5415,77500769,승인,40909,4091,45000,00
2025-12-20 21:30:24,KB국민,9420-85**-****-8212,11592847,승인,6364,636,7000,00
2025-12-20 21:57:50,하나,9480-77**-****-2435,91016154,승인,45455,4545,50000,00
2025-12-20 22:18:41,삼성,5765-55**-****-2263,29239501,승인,59091,5909,65000,06
2025-12-21 10:54:25,KB국민,9420-57**-****-5285,24536830,승인,72727,7273,80000,00
2025-12-21 11:05:29,BC,9460-72**-****-5070,13752368,승인,40909,4091,45000,00
2025-12-21 12:25:40,NH,4547-47**-****-8711,16917147,승인,27273,2727,30000,00
2025-12-21 12:44:29,삼성,9410-57**-****-3167,94519537,승인,4545,455,5000,00
2025-12-21 13:57:38,현대,4214-71**-****-7762,19533183,승인,50000,5000,55000,00
2025-12-21 15:05:22,현대,4214-91**-****-4500,72452939,승인,36364,3636,40000,00
2025-12-21 15:31:56,삼성,9430-92**-****-9560,67862427,승인,59091,5909,65000,00
2025-12-21 15:56:36,신한,5563-45**-****-6209,34636928,승인,59091,5909,65000,00
2025-12-21 17:14:43,삼성,9430-45**-****-7674,24542487,승인,36364,3636,40000,00
2025-12-21 17:36:49,신한,4563-90**-****-3654,87968057,승인,72727,7273,80000,00
2025-12-21 17:49:46,삼성,5765-85**-****-9590,45724518,승인,50000,5000,55000,00
2025-12-21 18:39:53,삼성,9430-89**-****-9381,75205473,승인,63636,6364,70000,00
2025-12-21 18:44:14,신한,5563-63**-****-2729,86654142,승인,18182,1818,20000,00
2025-12-21 19:03:46,신한,4563-61**-****-6351,79139766,승인,54545,5455,60000,00
2025-12-21 19:06:33,KB국민,4569-80**-****-1935,72446240,승인,10909,1091,12000,00
2025-12-21 19:30:10,삼성,9430-77**-****-6375,11907087,승인,54545,5455,60000,06
2025-12-21 19:41:36,KB국민,4569-12**-****-2728,11133369,승인,45455,4545,50000,00
2025-12-21 19:50:03,BC,4556-57**-****-9639,57283877,승인,63636,6364,70000,03
2025-12-21 20:22:28,신한,9411-82**-****-1680,42975313,승인,36364,3636,40000,00
2025-12-21 20:28:22,삼성,9430-16**-****-7779,21319336,승인,27273,2727,30000,00
2025-12-21 20:34:36,KB국민,4569-12**-****-2728,11133369,취소,45455,4545,50000,00
2025-12-21 20:46:50,BC,9460-19**-****-6212,85093801,승인,59091,5909,65000,00
2025-12-21 21:14:04,KB국민,5370-58**-****-6701,56066587,승인,40909,4091,45000,00
2025-12-21 21:30:59,롯데,4280-52**-****-2752,81127307,승인,45455,4545,50000,00
2025-12-21 22:41:14,신한,5563-57**-****-8345,92265987,승인,63636,6364,70000,00
2025-12-22 10:06:00,NH,4547-10**-****-1671,77058836,승인,45455,4545,50000,00
2025-12-22 11:01:06,NH,9470-24**-****-3169,32719578,승인,27273,2727,30000,00
2025-12-22 12:50:51,신한,9411-29**-****-3454,58694412,승인,40909,4091,45000,00
2025-12-22 13:24:16,NH,5765-74**-****-6396,94707791,승인,31818,3182,35000,00
2025-12-22 14:17:46,삼성,9430-88**-****-8149,79546510,승인,45455,4545,50000,00
2025-12-22 15:19:50,KB국민,4569-30**-****-1590,46965542,승인,27273,2727,30000,00
2025-12-22 16:16:41,KB국민,5370-32**-****-7140,40486924,승인,7273,727,8000,00
2025-12-22 17:27:28,삼성,9430-29**-****-1323,53857055,승인,7273,727,8000,00
2025-12-22 19:03:21,하나,5320-10**-****-6385,32901480,승인,18182,1818,20000,00
2025-12-22 19:35:53,BC,6243-50**-****-1685,22857845,승인,40909,4091,45000,00
2025-12-22 20:02:07,롯데,4280-58**-****-2116,86006452,승인,36364,3636,40000,00
2025-12-22 21:10:57,BC,6243-51**-****-3325,45349531,승인,6364,636,7000,00
2025-12-22 21:53:04,BC,9460-88**-****-5613,50925072,승인,36364,3636,40000,00
2025-12-23 10:05:44,현대,6011-11**-****-3134,41555368,승인,31818,3182,35000,00
2025-12-23 11:53:57,현대,9440-99**-****-1512,87659710,승인,36364,3636,40000,00
2025-12-23 12:33:26,KB국민,9420-45**-****-8573,51234719,승인,40909,4091,45000,00
2025-12-23 13:50:45,BC,4556-91**-****-2148,15578538,승인,45455,4545,50000,00
2025-12-23 15:24:26,BC,9460-86**-****-9582,65753112,승인,22727,2273,25000,00
2025-12-23 15:28:31,BC,9460-10**-****-3517,30746239,승인,27273,2727,30000,00
2025-12-23 15:45:31,하나,4568-42**-****-6368,53047104,승인,27273,2727,30000,00
2025-12-23 16:17:41,신한,5563-13**-****-1492,30847169,승인,27273,2727,30000,00
2025-12-23 17:22:12,삼성,5765-91**-****-4471,33422753,승인,45455,4545,50000,00
2025-12-23 18:10:11,롯데,5284-88**-****-4199,18292112,승인,54545,5455,60000,00
2025-12-23 18:35:11,삼성,9410-52**-****-6007,42842570,승인,40909,4091,45000,00
2025-12-23 18:54:29,삼성,9410-58**-****-8674,67210297,승인,40909,4091,45000,00
2025-12-23 19:54:16,NH,4547-41**-****-2933,94997392,승인,45455,4545,50000,00
2025-12-23 19:54:19,KB국민,4569-55**-****-5815,37010751,승인,40909,4091,45000,00
2025-12-23 20:49:30,신한,5563-95**-****-3437,10710982,승인,13636,1364,15000,00
2025-12-23 21:26:25,롯데,4280-14**-****-7198,94928570,승인,50000,5000,55000,00
2025-12-23 22:14:53,KB국민,5370-39**-****-4306,95303282,승인,27273,2727,30000,00
2025-12-23 22:16:48,현대,4214-64**-****-5745,50983912,승인,54545,5455,60000,00
2025-12-24 10:08:29,신한,9411-52**-****-7145,63281741,승인,40909,4091,45000,00
2025-12-24 11:24:42,롯데,9450-35**-****-5608,77942628,승인,36364,3636,40000,00
2025-12-24 13:05:22,삼성,9410-18**-****-4471,57467007,승인,45455,4545,50000,00
2025-12-24 15:17:10,삼성,9430-53**-****-7635,15241523,승인,45455,4545,50000,00
2025-12-24 15:17:54,KB국민,4569-85**-****-3195,39627376,승인,31818,3182,35000,00
2025-12-24 15:47:03,신한,5563-70**-****-9240,20521724,승인,40909,4091,45000,00
2025-12-24 18:04:24,NH,4547-12**-****-6968,59542970,승인,40909,4091,45000,00
2025-12-24 18:09:28,현대,6011-32**-****-9620,61358173,승인,50000,5000,55000,00
2025-12-24 18:37:18,BC,9460-85**-****-9327,75004653,승인,18182,1818,20000,00
2025-12-24 19:38:35,삼성,5765-47**-****-5338,39656729,승인,36364,3636,40000,00
2025-12-24 20:04:57,현대,9440-49**-****-2626,21964963,승인,45455,4545,50000,00
2025-12-24 20:53:20,BC,4556-43**-****-8775,43034353,승인,45455,4545,50000,00
2025-12-24 20:53:57,BC,4556-98**-****-3201,82506398,승인,54545,5455,60000,06
2025-12-24 21:52:47,롯데,9450-18**-****-7072,15163695,승인,54545,5455,60000,00
2025-12-24 21:59:10,BC,9460-21**-****-2645,51526411,승인,50000,5000,55000,00
2025-12-25 16:18:01,삼성,9410-24**-****-1154,50293063,승인,36364,3636,40000,00
2025-12-25 16:31:15,신한,9411-28**-****-7738,49457917,승인,9091,909,10000,00
2025-12-25 16:35:31,KB국민,4569-39**-****-2121,53440615,승인,22727,2273,25000,00
2025-12-25 16:38:29,KB국민,5370-46**-****-4066,55616164,승인,45455,4545,50000,00
2025-12-25 17:52:31,삼성,9430-49**-****-3590,58607023,승인,40909,4091,45000,00
2025-12-25 18:24:59,하나,4568-37**-****-3895,41798123,승인,40909,4091,45000,00
2025-12-25 18:51:15,삼성,5765-93**-****-3094,56494257,승인,36364,3636,40000,00
2025-12-25 18:53:31,삼성,9410-18**-****-2916,69714552,승인,36364,3636,40000,00
2025-12-25 19:39:25,삼성,9430-77**-****-8299,53180946,승인,36364,3636,40000,00
2025-12-25 20:12:38,BC,6243-61**-****-7049,37668324,승인,45455,4545,50000,00
2025-12-25 20:23:13,롯데,4280-66**-****-6675,93207701,승인,54545,5455,60000,00
2025-12-25 20:40:11,신한,4563-84**-****-8024,51476699,승인,6364,636,7000,00
2025-12-26 10:41:18,BC,4556-70**-****-9006,49058572,승인,59091,5909,65000,00
2025-12-26 12:15:12,NH,9470-35**-****-8103,15336213,승인,45455,4545,50000,00
2025-12-26 12:24:36,삼성,9430-64**-****-3424,20989502,승인,13636,1364,15000,00
2025-12-26 12:52:22,삼성,9410-40**-****-8212,93231066,승인,63636,6364,70000,00
2025-12-26 13:56:18,BC,4556-74**-****-2642,38181337,승인,63636,6364,70000,00
2025-12-26 14:42:28,삼성,5765-14**-****-6795,61516496,승인,45455,4545,50000,00
2025-12-26 14:43:23,KB국민,5370-86**-****-3369,98472964,승인,40909,4091,45000,00
2025-12-26 14:47:53,삼성,5765-62**-****-5022,43530678,승인,45455,4545,50000,03
2025-12-26 16:10:46,신한,4563-96**-****-4262,37125432,승인,72727,7273,80000,00
2025-12-26 16:47:22,현대,4214-17**-****-7616,70829395,승인,18182,1818,20000,00
2025-12-26 17:37:06,하나,5320-76**-****-7484,54242207,승인,45455,4545,50000,00
2025-12-26 18:17:18,KB국민,9420-36**-****-4876,23334442,승인,40909,4091,45000,00
2025-12-26 18:28:05,KB국민,4569-35**-****-6044,13980231,승인,54545,5455,60000,00
2025-12-26 19:45:30,삼성,9430-23**-****-6415,52210274,승인,54545,5455,60000,00
2025-12-26 20:05:05,KB국민,9420-49**-****-6205,13823233,승인,59091,5909,65000,00
2025-12-26 20:16:31,BC,6243-18**-****-5254,34244531,승인,10909,1091,12000,00
2025-12-26 21:26:32,KB국민,4569-27**-****-4427,61739804,승인,27273,2727,30000,00
2025-12-26 21:27:05,삼성,9410-94**-****-7892,81609579,승인,45455,4545,50000,00
2025-12-26 21:42:32,NH,4547-78**-****-5564,33367943,승인,40909,4091,45000,00
2025-12-26 22:11:52,삼성,5765-64**-****-7255,67278338,승인,13636,1364,15000,00
2025-12-27 11:00:56,KB국민,9420-10**-****-3545,78940216,승인,40909,4091,45000,00
2025-12-27 13:19:05,신한,9411-99**-****-9497,95915825,승인,7273,727,8000,00
2025-12-27 14:32:54,신한,5563-23**-****-3898,27058496,승인,18182,1818,20000,00
2025-12-27 15:15:20,현대,4214-33**-****-7991,56255550,승인,45455,4545,50000,00
2025-12-27 15:55:53,삼성,9430-27**-****-8515,91990543,승인,6364,636,7000,00
2025-12-27 16:15:31,현대,4214-64**-****-8164,94025900,승인,63636,6364,70000,03
2025-12-27 17:28:19,KB국민,4569-42**-****-5990,82322656,승인,10909,1091,12000,00
2025-12-27 18:12:26,KB국민,5370-25**-****-5707,41443651,승인,45455,4545,50000,00
2025-12-27 18:24:40,KB국민,9420-96**-****-4531,88077882,승인,50000,5000,55000,00
2025-12-27 18:31:12,신한,5563-47**-****-8551,86417828,승인,40909,4091,45000,00
2025-12-27 19:09:30,KB국민,9420-81**-****-4610,24198187,승인,40909,4091,45000,00
2025-12-27 19:20:47,삼성,5765-52**-****-2417,27273309,승인,45455,4545,50000,00
2025-12-27 19:39:14,KB국민,4569-53**-****-8151,20794452,승인,45455,4545,50000,00
2025-12-27 19:39:28,BC,4556-30**-****-7910,15721134,승인,16364,1636,18000,00
2025-12-27 19:58:27,KB국민,4569-71**-****-5803,76029534,승인,9091,909,10000,00
2025-12-27 20:01:12,신한,4563-91**-****-7812,77781562,승인,50000,5000,55000,06
2025-12-27 20:07:24,KB국민,4569-52**-****-2566,43800407,승인,50000,5000,55000,00
2025-12-27 20:16:12,KB국민,5370-84**-****-6215,62046428,승인,63636,6364,70000,00
2025-12-27 20:24:23,KB국민,9420-51**-****-7812,66119504,승인,4545,455,5000,00
2025-12-27 20:29:26,삼성,9410-65**-****-9518,68993538,승인,36364,3636,40000,00
2025-12-27 21:22:03,롯데,5284-36**-****-2086,51653456,승인,9091,909,10000,00
2025-12-27 21:52:31,BC,6243-37**-****-4819,60446599,승인,4545,455,5000,00
2025-12-27 21:57:20,KB국민,4569-45**-****-8718,15366818,승인,22727,2273,25000,00
2025-12-27 22:34:30,삼성,9410-19**-****-9597,72459096,승인,45455,4545,50000,00
2025-12-28 12:00:14,KB국민,9420-63**-****-1655,48499243,승인,27273,2727,30000,00
2025-12-28 12:19:52,신한,5563-25**-****-8206,78796792,승인,45455,4545,50000,00
2025-12-28 12:21:57,NH,4547-72**-****-1324,86159368,승인,40909,4091,45000,00
2025-12-28 13:22:30,하나,4568-98**-****-9704,68182073,승인,4545,455,5000,00
2025-12-28 14:10:52,신한,5563-25**-****-8206,78796792,취소,45455,4545,50000,00
2025-12-28 15:03:56,NH,9470-31**-****-5465,15279697,승인,59091,5909,65000,00
2025-12-28 15:38:05,NH,4547-18**-****-7827,96879969,승인,72727,7273,80000,00
2025-12-28 15:40:43,롯데,9450-50**-****-5931,37649908,승인,45455,4545,50000,00
2025-12-28 17:05:14,신한,5563-20**-****-7381,93525991,승인,45455,4545,50000,06
2025-12-28 17:07:40,신한,4563-45**-****-2118,40424443,승인,50000,5000,55000,00
2025-12-28 17:19:54,삼성,5765-35**-****-5127,88572358,승인,40909,4091,45000,00
2025-12-28 18:07:47,KB국민,9420-11**-****-1900,39237425,승인,40909,4091,45000,00
2025-12-28 18:27:34,삼성,9430-17**-****-6422,96097552,승인,54545,5455,60000,03
2025-12-28 18:27:34,KB국민,9420-62**-****-8350,75889353,승인,72727,7273,80000,00
2025-12-28 18:30:55,삼성,9430-28**-****-5822,96139714,승인,63636,6364,70000,06
2025-12-28 18:43:07,신한,9411-37**-****-1868,20701790,승인,72727,7273,80000,00
2025-12-28 18:50:32,현대,4214-80**-****-9617,78718366,승인,72727,7273,80000,00
2025-12-28 18:53:41,신한,9411-14**-****-1827,79766849,승인,59091,5909,65000,00
2025-12-28 19:06:02,KB국민,4569-79**-****-5383,27902117,승인,40909,4091,45000,00
2025-12-28 19:27:25,신한,4563-74**-****-2580,45806531,승인,63636,6364,70000,00
2025-12-28 19:29:07,삼성,5765-98**-****-4194,98010822,승인,7273,727,8000,00
2025-12-28 19:58:17,현대,9440-75**-****-6494,34585564,승인,36364,3636,40000,00
2025-12-28 20:06:01,하나,5320-60**-****-9466,62678062,승인,50000,5000,55000,00
2025-12-28 20:18:38,KB국민,9420-13**-****-2157,82469824,승인,59091,5909,65000,06
2025-12-28 20:26:23,하나,9480-53**-****-4538,33861424,승인,40909,4091,45000,00
2025-12-28 20:27:10,KB국민,4569-69**-****-8349,22955959,승인,9091,909,10000,00
2025-12-28 20:31:40,삼성,9410-83**-****-8185,66894016,승인,4545,455,5000,00
2025-12-28 20:36:59,신한,9411-45**-****-3873,23958876,승인,36364,3636,40000,00
2025-12-28 20:47:17,신한,4563-47**-****-9286,36300488,승인,10909,1091,12000,00
2025-12-28 20:50:05,신한,5563-10**-****-8836,99369916,승인,18182,1818,20000,00
2025-12-28 21:03:59,KB국민,5370-91**-****-4691,86647548,승인,63636,6364,70000,00
2025-12-28 21:44:41,삼성,9430-31**-****-7425,74615561,승인,13636,1364,15000,00
2025-12-28 22:07:22,NH,5765-97**-****-4132,50824964,승인,50000,5000,55000,00
2025-12-28 22:22:54,현대,4214-20**-****-8816,23281327,승인,72727,7273,80000,00
2025-12-28 22:28:02,KB국민,5370-41**-****-9043,39223113,승인,50000,5000,55000,00
2025-12-29 11:09:16,KB국민,9420-96**-****-9653,67522355,승인,36364,3636,40000,00
2025-12-29 12:48:54,KB국민,4569-72**-****-9375,46472558,승인,45455,4545,50000,00
2025-12-29 15:08:10,KB국민,5370-10**-****-7118,86771877,승인,40909,4091,45000,00
2025-12-29 15:12:33,BC,6243-36**-****-9394,84047949,승인,18182,1818,20000,00
2025-12-29 15:36:09,KB국민,5370-72**-****-5149,68840127,승인,40909,4091,45000,00
2025-12-29 15:40:29,신한,4563-87**-****-8837,42831241,승인,45455,4545,50000,00
2025-12-29 15:57:20,하나,5320-39**-****-8266,23159344,승인,36364,3636,40000,00
2025-12-29 17:12:35,BC,6243-71**-****-1973,19431124,승인,40909,4091,45000,00
2025-12-29 17:35:20,하나,5320-39**-****-8266,23159344,취소,36364,3636,40000,00
2025-12-29 18:59:25,KB국민,5370-56**-****-8707,59950074,승인,54545,5455,60000,00
2025-12-29 19:12:44,삼성,5765-31**-****-3313,60746098,승인,40909,4091,45000,00
2025-12-29 19:15:21,KB국민,9420-71**-****-4860,82936603,승인,4545,455,5000,00
2025-12-29 19:25:33,롯데,9450-75**-****-6660,26476612,승인,27273,2727,30000,00
2025-12-29 19:48:50,롯데,4280-41**-****-4327,77843401,승인,9091,909,10000,00
2025-12-29 21:07:14,삼성,9430-57**-****-8544,12558036,승인,40909,4091,45000,00
2025-12-29 21:13:00,삼성,9430-36**-****-5716,12424714,승인,54545,5455,60000,00
2025-12-29 22:13:35,하나,9480-54**-****-7207,34231364,승인,16364,1636,18000,00
2025-12-29 22:47:50,KB국민,4569-71**-****-6368,61878045,승인,50000,5000,55000,00
2025-12-30 11:12:59,NH,9470-17**-****-6748,82636297,승인,31818,3182,35000,00
2025-12-30 12:03:28,KB국민,9420-78**-****-8279,65473617,승인,40909,4091,45000,00
2025-12-30 12:09:37,삼성,9410-70**-****-6969,34493048,승인,36364,3636,40000,00
2025-12-30 13:38:33,신한,5563-86**-****-5188,64207212,승인,27273,2727,30000,00
2025-12-30 15:25:54,KB국민,4569-28**-****-8795,63249404,승인,31818,3182,35000,00
2025-12-30 16:44:31,삼성,9430-42**-****-3585,28828852,승인,36364,3636,40000,00
2025-12-30 17:03:45,신한,4563-73**-****-8737,35206834,승인,40909,4091,45000,00
2025-12-30 17:06:33,신한,5563-62**-****-9790,62808558,승인,54545,5455,60000,00
2025-12-30 17:09:46,KB국민,9420-33**-****-8109,81753603,승인,40909,4091,45000,00
2025-12-30 19:33:20,삼성,9410-39**-****-5899,78198987,승인,36364,3636,40000,00
2025-12-30 19:44:22,롯데,9450-64**-****-9371,68208857,승인,54545,5455,60000,00
2025-12-30 19:59:20,BC,6243-49**-****-1470,77541119,승인,6364,636,7000,00
2025-12-30 21:59:44,삼성,5765-92**-****-5386,52012081,승인,27273,2727,30000,00
2025-12-30 22:02:22,KB국민,9420-37**-****-4730,14429323,승인,54545,5455,60000,00
2025-12-30 22:42:45,현대,4214-78**-****-2232,19074514,승인,40909,4091,45000,00
2025-12-31 13:09:44,신한,4563-51**-****-2385,42475177,승인,40909,4091,45000,00
2025-12-31 15:02:00,KB국민,5370-56**-****-8540,18037525,승인,31818,3182,35000,00
2025-12-31 15:05:20,KB국민,9420-71**-****-1681,11779774,승인,16364,1636,18000,00
2025-12-31 15:22:27,신한,9411-22**-****-3083,50762892,승인,36364,3636,40000,00
2025-12-31 18:41:05,KB국민,9420-36**-****-4261,16951835,승인,18182,1818,20000,00
2025-12-31 18:59:22,신한,5563-28**-****-3568,44676791,승인,54545,5455,60000,00
2025-12-31 19:15:54,현대,9440-55**-****-5131,42255227,승인,54545,5455,60000,00
2025-12-31 19:25:06,KB국민,9420-68**-****-8284,29115252,승인,36364,3636,40000,00
2025-12-31 19:31:23,신한,4563-58**-****-4847,49416780,승인,45455,4545,50000,00
2025-12-31 19:34:39,신한,9411-89**-****-4105,86747072,승인,10909,1091,12000,00
2025-12-31 20:56:02,신한,4563-54**-****-2325,59116717,승인,50000,5000,55000,03
2025-12-31 21:24:41,현대,4214-19**-****-9449,30796249,승인,54545,5455,60000,00
2025-12-31 21:30:53,BC,6243-98**-****-8706,68639350,승인,50000,5000,55000,00
