이용일자,방번호,시작시간,종료시간,이용시간(분),인원수,이용구분,결제금액
2025-01-01,11,14:11,17:00,169,1,18홀,45000
2025-01-01,4,14:22,16:05,103,2,18홀,40000
2025-01-01,9,17:34,19:41,127,3,18홀,55000
2025-01-01,6,18:09,20:09,120,2,18홀,45000
2025-01-01,11,19:07,19:44,37,2,연습,55000
2025-01-01,8,19:42,20:38,56,2,9홀,50000
2025-01-01,1,20:23,21:51,88,3,9홀,55000
2025-01-02,4,10:03,11:48,105,4,18홀,40000
2025-01-02,5,10:06,10:38,32,1,연습,40000
2025-01-02,6,11:10,13:02,112,3,18홀,50000
2025-01-02,3,12:50,15:47,177,2,18홀,40000
2025-01-02,7,13:03,14:03,60,3,9홀,50000
2025-01-02,7,14:31,16:40,129,2,18홀,50000
2025-01-02,5,15:38,18:30,172,2,18홀,50000
2025-01-02,13,15:49,16:27,38,2,연습,35000
2025-01-02,11,16:32,19:32,180,2,18홀,50000
2025-01-02,2,16:39,19:24,165,4,18홀,40000
2025-01-02,12,17:52,19:19,87,2,9홀,50000
2025-01-02,3,18:26,19:20,54,2,레슨,60000
2025-01-02,8,19:16,22:04,168,2,18홀,55000
2025-01-02,9,19:55,21:01,66,2,레슨,55000
2025-01-03,12,10:00,12:38,158,4,18홀,65000
2025-01-03,11,10:00,12:44,164,4,18홀,65000
2025-01-03,3,10:00,11:59,119,3,18홀,40000
2025-01-03,2,11:23,14:15,172,4,18홀,45000
2025-01-03,6,13:05,13:55,50,1,레슨,50000
2025-01-03,10,13:22,15:18,116,2,18홀,60000
2025-01-03,1,13:37,16:32,175,3,18홀,70000
2025-01-03,2,14:40,16:49,129,1,18홀,55000
2025-01-03,9,14:55,15:55,60,2,연습,40000
2025-01-03,14,14:59,17:14,135,3,18홀,80000
2025-01-03,6,15:02,15:53,51,2,연습,40000
2025-01-03,4,15:12,16:05,53,2,레슨,60000
2025-01-03,9,16:38,17:35,57,1,레슨,60000
2025-01-03,8,17:23,19:15,112,4,18홀,45000
2025-01-03,5,17:47,20:02,135,3,18홀,60000
2025-01-03,4,17:52,20:03,131,2,18홀,40000
2025-01-03,7,18:07,18:48,41,2,연습,50000
2025-01-03,13,18:23,20:09,106,4,18홀,45000
2025-01-03,10,19:59,22:00,121,2,18홀,55000
2025-01-03,3,21:19,22:17,58,1,연습,70000
2025-01-03,6,22:14,22:52,38,2,연습,55000
2025-01-04,1,10:48,13:08,140,3,18홀,45000
2025-01-04,11,11:51,14:50,179,4,18홀,80000
2025-01-04,5,12:05,12:59,54,3,레슨,80000
2025-01-04,4,12:34,14:44,130,3,18홀,65000
2025-01-04,9,12:41,15:01,140,2,18홀,40000
2025-01-04,3,12:49,14:36,107,1,18홀,80000
2025-01-04,4,15:37,17:26,109,2,18홀,70000
2025-01-04,13,15:46,17:05,79,1,9홀,80000
2025-01-04,11,16:43,18:12,89,3,9홀,70000
2025-01-04,7,16:58,17:52,54,2,9홀,50000
2025-01-04,6,17:00,19:14,134,2,18홀,65000
2025-01-04,8,17:55,19:17,82,1,9홀,50000
2025-01-04,14,18:09,20:22,133,3,18홀,70000
2025-01-04,5,18:19,19:15,56,4,9홀,45000
2025-01-04,1,18:35,19:31,56,1,연습,65000
2025-01-04,2,18:54,21:29,155,2,18홀,60000
2025-01-04,11,19:11,21:36,145,3,18홀,40000
2025-01-04,13,19:14,21:03,109,4,18홀,50000
2025-01-05,10,10:00,11:25,85,4,9홀,60000
2025-01-05,7,10:00,12:00,120,2,18홀,65000
2025-01-05,8,12:14,14:42,148,2,18홀,50000
2025-01-05,6,12:32,15:03,151,4,18홀,80000
2025-01-05,14,12:37,13:53,76,2,9홀,80000
2025-01-05,4,13:42,14:43,61,1,레슨,60000
2025-01-05,12,13:54,15:06,72,3,9홀,45000
2025-01-05,7,14:46,15:37,51,3,9홀,60000
2025-01-05,1,14:59,17:25,146,3,18홀,70000
2025-01-05,8,15:16,17:28,132,3,18홀,70000
2025-01-05,11,15:30,16:22,52,2,9홀,60000
2025-01-05,10,15:49,17:06,77,2,9홀,65000
2025-01-05,6,15:53,18:11,138,2,18홀,70000
2025-01-05,3,16:26,18:44,138,3,18홀,50000
2025-01-05,5,17:14,18:39,85,3,9홀,60000
2025-01-05,10,17:37,19:27,110,1,18홀,80000
2025-01-05,12,17:55,18:46,51,1,연습,80000
2025-01-05,7,17:57,20:16,139,1,18홀,55000
2025-01-05,11,18:04,19:23,79,3,9홀,40000
2025-01-06,14,10:00,12:40,160,3,18홀,35000
2025-01-06,7,10:00,12:29,149,2,18홀,45000
2025-01-06,4,11:29,13:22,113,4,18홀,50000
2025-01-06,5,13:25,14:16,51,2,레슨,45000
2025-01-06,9,15:56,17:07,71,3,레슨,55000
2025-01-06,7,16:27,17:36,69,3,레슨,40000
2025-01-06,5,17:35,19:51,136,2,18홀,60000
2025-01-06,12,17:59,19:22,83,2,9홀,40000
2025-01-06,13,18:07,19:11,64,3,레슨,50000
2025-01-06,14,18:18,21:11,173,4,18홀,55000
2025-01-06,4,18:25,20:22,117,3,18홀,50000
2025-01-06,9,18:43,20:31,108,3,18홀,55000
2025-01-06,12,20:19,21:33,74,3,9홀,45000
2025-01-06,8,20:23,20:54,31,2,연습,45000
2025-01-06,1,20:54,22:11,77,2,9홀,55000
2025-01-07,10,10:04,12:34,150,1,18홀,50000
2025-01-07,14,11:30,12:23,53,2,연습,40000
2025-01-07,3,14:27,15:01,34,1,연습,50000
2025-01-07,6,15:37,16:40,63,3,9홀,50000
2025-01-07,13,16:25,18:49,144,3,18홀,50000
2025-01-07,4,17:12,18:55,103,3,18홀,45000
2025-01-07,5,17:20,17:58,38,1,연습,45000
2025-01-07,8,17:31,20:10,159,3,18홀,45000
2025-01-07,14,17:37,19:33,116,3,18홀,55000
2025-01-07,2,18:11,20:11,120,4,18홀,50000
2025-01-07,13,19:10,20:38,88,2,9홀,50000
2025-01-07,3,19:45,20:27,42,1,연습,50000
2025-01-07,4,20:02,20:53,51,1,연습,60000
2025-01-07,5,20:16,21:12,56,2,연습,40000
2025-01-07,10,21:17,22:46,89,3,9홀,55000
2025-01-07,8,21:20,22:32,72,2,레슨,45000
2025-01-08,14,10:50,12:00,70,2,9홀,35000
2025-01-08,10,11:02,11:59,57,2,레슨,40000
2025-01-08,3,12:47,14:04,77,1,레슨,45000
2025-01-08,11,13:11,14:22,71,3,9홀,40000
2025-01-08,9,13:26,16:06,160,3,18홀,35000
2025-01-08,14,14:13,16:03,110,3,18홀,50000
2025-01-08,8,14:28,16:45,137,2,18홀,50000
2025-01-08,11,15:46,17:06,80,3,9홀,50000
2025-01-08,5,17:23,18:35,72,2,9홀,55000
2025-01-08,2,18:08,20:12,124,2,18홀,45000
2025-01-09,2,10:49,13:31,162,3,18홀,40000
2025-01-09,6,10:52,13:09,137,2,18홀,50000
2025-01-09,1,11:08,13:23,135,3,18홀,40000
2025-01-09,13,11:57,12:55,58,3,레슨,45000
2025-01-09,12,15:46,17:45,119,1,18홀,55000
2025-01-09,1,16:03,17:03,60,3,레슨,50000
2025-01-09,9,16:08,18:03,115,3,18홀,45000
2025-01-09,6,16:27,19:25,178,2,18홀,40000
2025-01-09,8,16:42,17:35,53,1,레슨,60000
2025-01-09,3,17:29,19:29,120,2,18홀,55000
2025-01-09,5,18:29,19:13,44,1,연습,55000
2025-01-09,8,20:05,20:49,44,1,연습,40000
2025-01-10,2,10:00,11:08,68,4,9홀,40000
2025-01-10,10,10:00,12:34,154,3,18홀,50000
2025-01-10,1,13:08,14:07,59,3,9홀,45000
2025-01-10,8,14:32,15:50,78,3,9홀,80000
2025-01-10,1,14:48,17:41,173,3,18홀,80000
2025-01-10,12,15:03,17:38,155,1,18홀,55000
2025-01-10,11,15:21,18:01,160,2,18홀,65000
2025-01-10,9,15:55,17:17,82,1,9홀,65000
2025-01-10,8,16:37,19:26,169,2,18홀,45000
2025-01-10,3,17:18,18:08,50,1,연습,50000
2025-01-10,4,17:26,18:36,70,2,9홀,70000
2025-01-10,9,17:54,20:10,136,1,18홀,50000
2025-01-10,10,17:56,18:55,59,2,레슨,70000
2025-01-10,14,18:19,19:48,89,2,9홀,45000
2025-01-10,2,18:21,19:27,66,4,9홀,40000
2025-01-10,7,18:23,20:31,128,3,18홀,70000
2025-01-10,11,18:26,20:26,120,3,18홀,40000
2025-01-10,6,19:06,21:49,163,4,18홀,65000
2025-01-11,14,11:18,13:06,108,2,18홀,65000
2025-01-11,9,12:00,12:57,57,2,레슨,50000
2025-01-11,8,12:37,13:54,77,2,레슨,45000
2025-01-11,13,12:55,13:45,50,4,9홀,80000
2025-01-11,4,12:56,15:49,173,1,18홀,40000
2025-01-11,14,14:23,15:07,44,2,연습,50000
2025-01-11,12,14:47,16:43,116,4,18홀,60000
2025-01-11,8,15:01,16:13,72,2,레슨,70000
2025-01-11,5,16:22,19:21,179,4,18홀,50000
2025-01-11,9,16:24,17:17,53,2,레슨,80000
2025-01-11,3,16:34,17:31,57,1,연습,55000
2025-01-11,2,16:59,19:34,155,2,18홀,60000
2025-01-11,8,17:00,18:11,71,4,9홀,45000
2025-01-11,12,18:05,19:05,60,2,연습,80000
2025-01-11,8,18:52,19:43,51,2,9홀,65000
2025-01-11,7,19:11,21:54,163,3,18홀,70000
2025-01-11,6,19:33,20:50,77,3,9홀,45000
2025-01-11,3,19:40,21:41,121,3,18홀,80000
2025-01-12,11,10:00,11:19,79,4,9홀,50000
2025-01-12,12,10:13,11:31,78,1,레슨,65000
2025-01-12,13,10:18,11:45,87,3,9홀,55000
2025-01-12,4,11:45,13:02,77,3,레슨,65000
2025-01-12,11,11:54,14:04,130,3,18홀,80000
2025-01-12,6,12:26,15:23,177,3,18홀,55000
2025-01-12,1,13:08,16:08,180,3,18홀,65000
2025-01-12,5,14:16,17:10,174,4,18홀,65000
2025-01-12,7,14:18,15:09,51,1,9홀,60000
2025-01-12,4,14:50,15:54,64,3,9홀,40000
2025-01-12,13,15:58,17:56,118,1,18홀,80000
2025-01-12,9,16:07,17:30,83,2,9홀,50000
2025-01-12,7,16:08,17:24,76,3,9홀,70000
2025-01-12,10,16:21,17:41,80,2,레슨,45000
2025-01-12,12,16:37,18:25,108,4,18홀,80000
2025-01-12,3,16:54,19:27,153,3,18홀,55000
2025-01-12,6,16:56,19:25,149,3,18홀,80000
2025-01-12,8,16:59,18:26,87,3,9홀,40000
2025-01-12,2,17:26,18:42,76,4,9홀,60000
2025-01-12,14,17:34,18:24,50,3,레슨,70000
2025-01-12,1,17:37,18:58,81,4,9홀,60000
2025-01-12,9,17:46,18:16,30,1,연습,80000
2025-01-12,14,19:28,21:54,146,3,18홀,70000
2025-01-12,4,20:05,20:57,52,3,9홀,70000
2025-01-12,5,21:38,22:31,53,4,9홀,40000
2025-01-12,4,21:49,22:41,52,1,레슨,60000
2025-01-13,13,12:40,13:45,65,1,9홀,40000
2025-01-13,14,14:51,17:46,175,2,18홀,55000
2025-01-13,5,16:46,19:42,176,4,18홀,60000
2025-01-13,14,18:30,21:28,178,3,18홀,45000
2025-01-13,11,18:46,20:42,116,3,18홀,60000
2025-01-13,7,19:15,20:20,65,2,9홀,60000
2025-01-13,12,19:23,20:24,61,2,9홀,40000
2025-01-13,10,19:58,21:02,64,2,레슨,60000
2025-01-14,14,10:00,11:47,107,3,18홀,45000
2025-01-14,2,13:14,15:56,162,2,18홀,50000
2025-01-14,6,14:21,16:09,108,2,18홀,50000
2025-01-14,9,15:56,18:46,170,4,18홀,50000
2025-01-14,10,16:59,18:18,79,1,9홀,60000
2025-01-14,14,18:23,19:40,77,2,9홀,55000
2025-01-14,2,18:40,21:20,160,1,18홀,40000
2025-01-14,7,18:51,19:31,40,2,연습,40000
2025-01-14,11,19:25,21:52,147,3,18홀,40000
2025-01-15,6,10:00,10:57,57,4,9홀,35000
2025-01-15,5,14:14,16:30,136,2,18홀,50000
2025-01-15,9,14:52,16:51,119,4,18홀,50000
2025-01-15,2,17:35,19:00,85,3,9홀,60000
2025-01-15,7,18:06,19:57,111,3,18홀,55000
2025-01-15,14,18:29,19:26,57,2,연습,55000
2025-01-15,6,18:57,19:48,51,4,9홀,55000
2025-01-15,4,19:02,19:52,50,1,9홀,40000
2025-01-15,3,19:46,21:32,106,3,18홀,40000
2025-01-15,14,20:11,22:27,136,1,18홀,55000
2025-01-15,10,20:15,21:33,78,3,9홀,50000
2025-01-15,5,20:28,21:28,60,3,9홀,45000
2025-01-15,12,21:17,21:55,38,1,연습,45000
2025-01-16,6,12:23,14:20,117,2,18홀,35000
2025-01-16,14,13:24,16:08,164,1,18홀,35000
2025-01-16,1,13:28,14:17,49,1,연습,40000
2025-01-16,4,14:13,15:26,73,2,레슨,50000
2025-01-16,9,15:08,17:43,155,4,18홀,60000
2025-01-16,13,17:12,18:00,48,1,연습,40000
2025-01-16,4,17:12,19:34,142,3,18홀,55000
2025-01-16,6,17:15,19:39,144,2,18홀,55000
2025-01-16,2,17:35,18:30,55,3,9홀,45000
2025-01-16,3,17:50,18:20,30,2,연습,60000
2025-01-16,9,18:12,20:14,122,3,18홀,50000
2025-01-16,13,18:25,21:05,160,3,18홀,60000
2025-01-16,8,18:44,19:30,46,2,연습,60000
2025-01-16,14,18:47,19:49,62,3,9홀,60000
2025-01-16,10,19:33,20:44,71,1,레슨,40000
2025-01-17,2,10:00,12:25,145,3,18홀,60000
2025-01-17,6,11:57,13:44,107,3,18홀,65000
2025-01-17,11,12:27,15:25,178,3,18홀,50000
2025-01-17,13,13:26,16:03,157,2,18홀,45000
2025-01-17,1,15:59,17:05,66,1,레슨,55000
2025-01-17,5,16:13,18:35,142,2,18홀,60000
2025-01-17,10,16:27,17:31,64,2,레슨,55000
2025-01-17,12,16:28,17:23,55,1,9홀,80000
2025-01-17,7,17:00,18:14,74,3,9홀,60000
2025-01-17,3,17:27,18:21,54,2,9홀,50000
2025-01-17,6,18:09,21:05,176,2,18홀,50000
2025-01-17,8,18:14,20:37,143,4,18홀,65000
2025-01-17,14,18:27,19:01,34,1,연습,60000
2025-01-17,10,18:41,21:17,156,3,18홀,50000
2025-01-17,3,18:44,19:34,50,2,연습,45000
2025-01-17,9,18:52,21:28,156,2,18홀,50000
2025-01-17,1,18:53,19:39,46,1,연습,45000
2025-01-17,4,19:07,20:56,109,3,18홀,50000
2025-01-17,14,19:40,21:59,139,2,18홀,55000
2025-01-18,13,10:00,11:04,64,2,레슨,40000
2025-01-18,10,10:00,12:41,161,3,18홀,80000
2025-01-18,3,10:17,12:33,136,3,18홀,50000
2025-01-18,4,10:55,11:55,60,2,연습,55000
2025-01-18,6,11:13,13:48,155,4,18홀,50000
2025-01-18,11,11:49,14:22,153,2,18홀,60000
2025-01-18,1,12:24,14:51,147,4,18홀,70000
2025-01-18,2,15:07,16:06,59,4,9홀,60000
2025-01-18,14,15:23,16:35,72,2,레슨,45000
2025-01-18,13,15:36,18:09,153,1,18홀,55000
2025-01-18,6,16:13,18:03,110,4,18홀,50000
2025-01-18,4,17:30,18:03,33,1,연습,40000
2025-01-18,1,17:53,19:02,69,2,레슨,65000
2025-01-18,4,18:56,21:50,174,2,18홀,60000
2025-01-18,11,19:00,20:17,77,2,9홀,45000
2025-01-18,6,19:24,21:49,145,3,18홀,60000
2025-01-18,9,19:47,20:41,54,2,9홀,40000
2025-01-18,12,19:57,20:32,35,1,연습,60000
2025-01-18,7,20:04,20:55,51,1,레슨,45000
2025-01-18,10,21:48,22:49,61,3,9홀,50000
2025-01-19,1,10:00,11:48,108,2,18홀,65000
2025-01-19,5,12:47,14:32,105,4,18홀,65000
2025-01-19,2,13:26,15:48,142,3,18홀,40000
2025-01-19,14,14:36,15:34,58,1,레슨,40000
2025-01-19,6,16:30,17:42,72,3,레슨,40000
2025-01-19,7,16:34,17:27,53,2,연습,55000
2025-01-19,11,17:24,20:21,177,2,18홀,65000
2025-01-19,12,17:33,18:05,32,1,연습,60000
2025-01-19,6,18:04,19:00,56,2,9홀,80000
2025-01-19,4,18:12,20:59,167,3,18홀,70000
2025-01-19,9,18:13,20:39,146,3,18홀,40000
2025-01-19,5,18:47,20:16,89,1,9홀,65000
2025-01-19,12,19:23,21:17,114,3,18홀,80000
2025-01-19,8,19:26,20:46,80,2,레슨,80000
2025-01-19,6,19:32,20:07,35,1,연습,55000
2025-01-19,14,19:36,20:17,41,2,연습,40000
2025-01-19,3,19:39,21:28,109,4,18홀,55000
2025-01-19,7,19:47,21:49,122,4,18홀,65000
2025-01-19,2,20:08,22:18,130,3,18홀,40000
2025-01-19,1,20:23,21:22,59,2,연습,45000
2025-01-19,5,20:28,21:24,56,1,레슨,40000
2025-01-19,11,20:40,21:52,72,4,9홀,65000
2025-01-20,3,15:07,16:26,79,1,9홀,50000
2025-01-20,13,15:22,17:18,116,3,18홀,55000
2025-01-20,1,15:48,18:23,155,3,18홀,40000
2025-01-20,10,16:10,17:02,52,2,연습,60000
2025-01-20,12,17:09,18:07,58,3,9홀,50000
2025-01-20,10,17:57,19:58,121,4,18홀,55000
2025-01-20,3,18:09,19:38,89,3,9홀,50000
2025-01-20,7,18:25,19:25,60,2,9홀,40000
2025-01-20,9,18:29,20:19,110,3,18홀,55000
2025-01-20,5,18:31,19:26,55,2,9홀,40000
2025-01-20,1,20:34,21:23,49,2,연습,40000
2025-01-20,5,20:35,21:44,69,2,9홀,60000
2025-01-21,8,10:00,11:47,107,3,18홀,40000
2025-01-21,3,14:38,17:01,143,4,18홀,60000
2025-01-21,10,15:26,17:46,140,2,18홀,60000
2025-01-21,13,15:31,18:14,163,4,18홀,45000
2025-01-21,1,15:59,17:57,118,4,18홀,45000
2025-01-21,4,16:06,17:18,72,3,9홀,50000
2025-01-21,2,17:21,20:15,174,2,18홀,55000
2025-01-21,9,17:21,17:58,37,1,연습,50000
2025-01-21,7,18:47,19:37,50,3,레슨,40000
2025-01-21,1,19:48,20:47,59,2,레슨,40000
2025-01-21,8,20:24,21:37,73,3,9홀,45000
2025-01-22,5,14:03,16:29,146,2,18홀,45000
2025-01-22,8,16:04,18:34,150,3,18홀,55000
2025-01-22,6,16:33,17:47,74,1,레슨,45000
2025-01-22,10,16:35,19:32,177,1,18홀,55000
2025-01-22,11,18:42,21:04,142,2,18홀,40000
2025-01-22,6,19:46,22:07,141,2,18홀,55000
2025-01-22,10,21:25,22:52,87,3,9홀,40000
2025-01-23,6,10:00,11:20,80,3,9홀,35000
2025-01-23,13,14:11,14:59,48,1,연습,35000
2025-01-23,14,14:27,17:14,167,2,18홀,60000
2025-01-23,4,15:31,16:58,87,3,9홀,40000
2025-01-23,13,15:36,17:20,104,2,18홀,55000
2025-01-23,3,16:31,17:31,60,2,레슨,45000
2025-01-23,11,16:46,19:37,171,2,18홀,50000
2025-01-23,9,17:12,17:58,46,2,연습,40000
2025-01-23,7,17:18,19:56,158,3,18홀,40000
2025-01-23,4,18:34,20:03,89,2,9홀,55000
2025-01-23,6,19:30,20:34,64,3,9홀,50000
2025-01-23,7,20:32,21:32,60,1,레슨,40000
2025-01-23,6,21:18,22:16,58,1,연습,55000
2025-01-24,8,10:16,11:11,55,3,9홀,65000
2025-01-24,5,11:32,13:37,125,2,18홀,70000
2025-01-24,12,12:31,14:42,131,3,18홀,65000
2025-01-24,6,14:19,16:11,112,2,18홀,55000
2025-01-24,3,14:52,16:32,100,3,18홀,60000
2025-01-24,13,15:49,17:40,111,3,18홀,65000
2025-01-24,5,16:20,17:25,65,2,레슨,40000
2025-01-24,4,16:36,18:38,122,4,18홀,45000
2025-01-24,8,17:05,19:49,164,4,18홀,70000
2025-01-24,14,17:14,19:32,138,4,18홀,50000
2025-01-24,3,18:30,19:25,55,2,연습,80000
2025-01-24,13,18:30,19:38,68,4,9홀,65000
2025-01-24,6,19:21,20:21,60,1,9홀,80000
2025-01-24,2,19:30,21:43,133,3,18홀,50000
2025-01-24,5,19:40,21:43,123,4,18홀,55000
2025-01-24,12,20:15,21:23,68,2,9홀,80000
2025-01-24,9,20:43,21:39,56,1,연습,60000
2025-01-24,14,21:00,22:09,69,2,9홀,50000
2025-01-24,3,21:36,22:41,65,2,9홀,65000
2025-01-25,12,10:00,10:51,51,2,연습,55000
2025-01-25,4,10:00,11:13,73,4,9홀,55000
2025-01-25,14,10:46,11:40,54,2,레슨,40000
2025-01-25,10,11:22,14:09,167,1,18홀,45000
2025-01-25,13,11:58,13:12,74,2,레슨,40000
2025-01-25,2,12:45,15:39,174,4,18홀,40000
2025-01-25,9,13:21,15:08,107,3,18홀,50000
2025-01-25,11,13:37,15:38,121,2,18홀,45000
2025-01-25,5,14:36,17:25,169,1,18홀,65000
2025-01-25,4,14:40,16:47,127,3,18홀,65000
2025-01-25,8,14:46,15:40,54,2,레슨,80000
2025-01-25,1,15:00,16:11,71,1,레슨,55000
2025-01-25,6,15:39,18:03,144,3,18홀,65000
2025-01-25,8,16:38,18:18,100,3,18홀,55000
2025-01-25,9,16:53,17:37,44,2,연습,50000
2025-01-25,13,16:57,17:32,35,1,연습,45000
2025-01-25,2,17:16,19:31,135,4,18홀,45000
2025-01-25,4,18:11,18:58,47,1,연습,50000
2025-01-26,12,10:52,13:29,157,2,18홀,45000
2025-01-26,4,11:41,12:30,49,1,연습,40000
2025-01-26,5,12:38,15:09,151,3,18홀,55000
2025-01-26,10,14:20,17:20,180,1,18홀,80000
2025-01-26,9,14:33,17:19,166,2,18홀,60000
2025-01-26,6,15:01,16:58,117,4,18홀,55000
2025-01-26,14,15:36,17:02,86,2,9홀,50000
2025-01-26,12,15:51,18:09,138,3,18홀,70000
2025-01-26,1,16:36,18:58,142,4,18홀,40000
2025-01-26,2,16:39,19:27,168,2,18홀,50000
2025-01-26,7,16:46,18:00,74,3,9홀,50000
2025-01-26,13,16:52,18:06,74,2,9홀,40000
2025-01-26,3,17:30,18:17,47,1,연습,40000
2025-01-26,14,17:40,19:29,109,3,18홀,50000
2025-01-26,11,17:53,20:34,161,2,18홀,55000
2025-01-26,8,18:07,20:57,170,3,18홀,65000
2025-01-26,6,19:14,20:23,69,4,9홀,55000
2025-01-26,13,19:19,22:11,172,1,18홀,70000
2025-01-26,7,19:59,21:08,69,3,9홀,45000
2025-01-26,4,20:14,21:28,74,2,레슨,40000
2025-01-27,4,10:00,10:39,39,1,연습,35000
2025-01-27,12,10:00,12:43,163,2,18홀,35000
2025-01-27,12,13:53,15:13,80,2,레슨,50000
2025-01-27,2,14:34,17:21,167,3,18홀,60000
2025-01-27,13,14:51,15:51,60,2,9홀,50000
2025-01-27,5,16:41,17:15,34,2,연습,40000
2025-01-27,10,17:10,19:17,127,1,18홀,45000
2025-01-27,1,18:25,19:36,71,2,레슨,50000
2025-01-27,9,21:03,21:33,30,1,연습,45000
2025-01-28,14,12:06,12:57,51,4,9홀,45000
2025-01-28,9,17:37,19:30,113,2,18홀,60000
2025-01-28,14,19:39,20:51,72,1,9홀,45000
2025-01-29,4,15:46,16:30,44,1,연습,40000
2025-01-29,8,16:42,18:26,104,2,18홀,60000
2025-01-29,1,18:28,19:19,51,1,레슨,40000
2025-01-30,13,12:19,14:28,129,2,18홀,50000
2025-01-30,10,13:32,14:22,50,2,연습,45000
2025-01-30,10,15:01,17:16,135,2,18홀,45000
2025-01-30,11,16:42,17:33,51,3,9홀,60000
2025-01-31,5,12:53,13:52,59,1,연습,40000
2025-01-31,7,12:56,13:47,51,2,연습,55000
2025-01-31,14,13:07,14:57,110,1,18홀,60000
2025-01-31,6,14:31,15:08,37,2,연습,70000
2025-01-31,9,15:01,16:26,85,3,9홀,80000
2025-01-31,5,15:19,16:10,51,3,9홀,60000
2025-01-31,8,18:00,20:14,134,3,18홀,65000
2025-01-31,5,18:59,19:31,32,2,연습,70000
2025-01-31,4,19:11,21:36,145,4,18홀,45000
2025-01-31,2,19:19,20:32,73,4,9홀,70000
2025-01-31,12,20:11,22:28,137,3,18홀,60000
2025-01-31,3,20:25,21:26,61,1,레슨,40000
2025-01-31,10,20:48,21:32,44,1,연습,65000
2025-02-01,3,10:00,12:53,173,2,18홀,60000
2025-02-01,9,10:00,11:09,69,1,9홀,70000
2025-02-01,6,10:00,10:38,38,2,연습,50000
2025-02-01,4,11:32,14:10,158,1,18홀,65000
2025-02-01,13,12:09,13:15,66,3,9홀,60000
2025-02-01,12,13:56,14:52,56,1,연습,80000
2025-02-01,3,14:02,16:43,161,4,18홀,40000
2025-02-01,8,14:04,14:44,40,1,연습,70000
2025-02-01,11,15:16,16:46,90,2,9홀,50000
2025-02-01,10,15:29,18:19,170,3,18홀,65000
2025-02-01,2,15:40,16:55,75,3,9홀,60000
2025-02-01,12,18:19,19:13,54,2,9홀,65000
2025-02-01,11,18:59,20:04,65,3,9홀,55000
2025-02-01,10,19:51,20:23,32,1,연습,50000
2025-02-02,11,10:07,12:00,113,2,18홀,65000
2025-02-02,13,11:12,11:59,47,2,연습,60000
2025-02-02,12,11:16,14:08,172,4,18홀,60000
2025-02-02,8,12:45,15:22,157,3,18홀,45000
2025-02-02,1,13:04,14:21,77,2,9홀,40000
2025-02-02,10,13:15,15:39,144,2,18홀,50000
2025-02-02,9,13:37,16:23,166,1,18홀,65000
2025-02-02,7,13:58,15:52,114,2,18홀,65000
2025-02-02,5,15:43,16:43,60,3,레슨,50000
2025-02-02,1,15:58,18:33,155,3,18홀,50000
2025-02-02,3,16:12,18:23,131,2,18홀,55000
2025-02-02,13,16:27,18:09,102,3,18홀,60000
2025-02-02,6,16:39,19:32,173,2,18홀,60000
2025-02-02,5,17:25,18:25,60,2,연습,50000
2025-02-02,4,18:39,20:58,139,3,18홀,60000
2025-02-02,14,18:46,19:28,42,1,연습,55000
2025-02-02,11,18:52,20:20,88,3,9홀,70000
2025-02-02,2,19:11,20:40,89,2,9홀,65000
2025-02-02,12,19:14,20:07,53,2,레슨,45000
2025-02-02,3,19:15,21:57,162,4,18홀,70000
2025-02-02,13,19:16,20:28,72,4,9홀,60000
2025-02-02,8,19:24,21:27,123,4,18홀,50000
2025-02-02,6,20:13,21:23,70,2,레슨,45000
2025-02-02,5,20:23,21:06,43,1,연습,60000
2025-02-03,8,11:19,12:22,63,2,레슨,35000
2025-02-03,2,12:47,13:52,65,2,레슨,45000
2025-02-03,6,13:27,15:44,137,3,18홀,35000
2025-02-03,13,14:41,17:19,158,3,18홀,45000
2025-02-03,5,15:02,17:55,173,3,18홀,45000
2025-02-03,4,15:26,18:02,156,2,18홀,45000
2025-02-03,11,15:56,18:14,138,2,18홀,45000
2025-02-03,6,16:03,18:39,156,4,18홀,45000
2025-02-03,8,18:33,20:02,89,3,9홀,45000
2025-02-03,11,19:30,21:36,126,3,18홀,60000
2025-02-03,5,19:31,21:52,141,4,18홀,55000
2025-02-04,1,11:41,13:38,117,4,18홀,40000
2025-02-04,4,12:19,14:15,116,4,18홀,50000
2025-02-04,10,15:45,16:30,45,2,연습,40000
2025-02-04,14,16:02,18:40,158,4,18홀,45000
2025-02-04,12,16:06,16:50,44,1,연습,35000
2025-02-04,8,16:18,17:31,73,3,9홀,40000
2025-02-04,12,17:33,18:44,71,3,9홀,40000
2025-02-04,1,17:46,19:01,75,1,레슨,60000
2025-02-04,4,18:09,18:45,36,1,연습,60000
2025-02-04,9,18:28,20:14,106,3,18홀,55000
2025-02-04,5,18:39,19:29,50,2,레슨,55000
2025-02-04,10,18:46,21:32,166,1,18홀,60000
2025-02-04,3,18:47,20:39,112,1,18홀,45000
2025-02-04,7,19:14,20:09,55,1,9홀,50000
2025-02-04,12,19:38,20:14,36,1,연습,60000
2025-02-05,13,10:00,12:29,149,2,18홀,45000
2025-02-05,12,10:10,11:07,57,3,9홀,50000
2025-02-05,4,12:18,14:54,156,4,18홀,50000
2025-02-05,11,12:42,14:30,108,3,18홀,50000
2025-02-05,7,12:51,14:00,69,3,9홀,45000
2025-02-05,8,14:44,17:39,175,2,18홀,40000
2025-02-05,13,16:07,18:18,131,2,18홀,55000
2025-02-05,2,16:17,17:34,77,1,레슨,45000
2025-02-05,1,17:27,19:57,150,3,18홀,50000
2025-02-05,5,17:48,18:39,51,3,9홀,40000
2025-02-05,14,18:28,20:38,130,3,18홀,60000
2025-02-05,4,18:54,21:20,146,4,18홀,50000
2025-02-05,3,20:00,21:42,102,2,18홀,60000
2025-02-05,11,20:42,22:29,107,3,18홀,40000
2025-02-05,12,20:54,21:35,41,2,연습,60000
2025-02-06,2,10:00,10:43,43,1,연습,35000
2025-02-06,5,10:00,10:55,55,3,9홀,40000
2025-02-06,13,12:36,13:24,48,1,연습,45000
2025-02-06,1,12:55,13:48,53,1,연습,45000
2025-02-06,11,13:28,14:01,33,1,연습,50000
2025-02-06,9,14:39,17:22,163,2,18홀,55000
2025-02-06,12,14:55,16:50,115,3,18홀,40000
2025-02-06,1,16:27,18:41,134,4,18홀,40000
2025-02-06,6,17:21,18:44,83,3,9홀,40000
2025-02-06,12,18:25,19:18,53,2,9홀,50000
2025-02-06,11,19:10,20:06,56,2,9홀,60000
2025-02-06,4,20:19,22:04,105,3,18홀,60000
2025-02-06,3,21:47,22:46,59,1,연습,50000
2025-02-07,10,10:31,12:33,122,4,18홀,60000
2025-02-07,6,10:51,13:30,159,1,18홀,65000
2025-02-07,4,10:56,11:33,37,2,연습,55000
2025-02-07,11,11:20,12:27,67,2,9홀,55000
2025-02-07,12,12:32,14:01,89,3,9홀,55000
2025-02-07,4,12:47,13:37,50,2,레슨,50000
2025-02-07,11,13:20,14:34,74,1,레슨,50000
2025-02-07,13,14:25,16:47,142,4,18홀,55000
2025-02-07,9,15:27,15:57,30,2,연습,40000
2025-02-07,2,15:44,17:42,118,4,18홀,45000
2025-02-07,10,16:10,17:06,56,3,9홀,65000
2025-02-07,14,16:20,18:50,150,3,18홀,40000
2025-02-07,9,16:52,17:44,52,1,연습,55000
2025-02-07,10,17:38,20:15,157,2,18홀,60000
2025-02-07,6,17:40,19:50,130,4,18홀,60000
2025-02-07,12,18:10,20:15,125,2,18홀,40000
2025-02-07,8,19:07,20:58,111,2,18홀,80000
2025-02-07,7,19:16,20:08,52,1,연습,45000
2025-02-07,14,19:18,21:36,138,1,18홀,60000
2025-02-07,5,19:38,20:41,63,2,9홀,70000
2025-02-07,4,20:17,21:16,59,2,9홀,50000
2025-02-08,1,10:00,11:57,117,4,18홀,40000
2025-02-08,6,10:06,13:00,174,1,18홀,80000
2025-02-08,9,10:30,11:27,57,1,연습,60000
2025-02-08,8,10:48,12:44,116,3,18홀,55000
2025-02-08,12,11:22,13:27,125,1,18홀,45000
2025-02-08,10,13:02,13:59,57,2,9홀,80000
2025-02-08,8,14:25,15:21,56,1,연습,65000
2025-02-08,4,15:27,16:02,35,1,연습,50000
2025-02-08,1,15:50,17:08,78,2,레슨,65000
2025-02-08,11,16:40,19:08,148,2,18홀,60000
2025-02-08,13,17:40,19:48,128,4,18홀,45000
2025-02-08,8,17:40,18:43,63,1,레슨,55000
2025-02-08,1,17:52,19:35,103,3,18홀,60000
2025-02-08,7,17:54,19:54,120,2,18홀,55000
2025-02-08,3,18:02,19:16,74,2,9홀,55000
2025-02-08,6,18:14,20:57,163,3,18홀,80000
2025-02-08,4,18:18,18:52,34,2,연습,40000
2025-02-08,12,18:31,20:56,145,3,18홀,40000
2025-02-08,10,18:57,20:59,122,4,18홀,45000
2025-02-08,9,19:21,21:08,107,1,18홀,40000
2025-02-08,12,21:17,22:07,50,3,레슨,50000
2025-02-08,1,21:30,22:31,61,2,9홀,50000
2025-02-09,14,10:23,12:17,114,4,18홀,50000
2025-02-09,2,11:56,13:11,75,2,9홀,50000
2025-02-09,7,11:59,14:50,171,3,18홀,60000
2025-02-09,12,12:14,14:14,120,3,18홀,40000
2025-02-09,6,12:35,15:03,148,2,18홀,80000
2025-02-09,14,13:08,16:01,173,2,18홀,80000
2025-02-09,4,14:00,16:22,142,4,18홀,60000
2025-02-09,13,14:45,16:14,89,4,9홀,70000
2025-02-09,12,15:52,17:43,111,3,18홀,80000
2025-02-09,5,16:41,19:22,161,3,18홀,55000
2025-02-09,8,16:44,19:16,152,3,18홀,50000
2025-02-09,13,17:12,18:15,63,2,9홀,40000
2025-02-09,9,17:16,19:33,137,4,18홀,80000
2025-02-09,7,17:38,19:18,100,3,18홀,60000
2025-02-09,11,18:05,20:28,143,3,18홀,60000
2025-02-09,3,18:27,21:24,177,2,18홀,70000
2025-02-09,13,18:42,21:05,143,3,18홀,65000
2025-02-09,12,19:35,21:39,124,3,18홀,60000
2025-02-09,1,20:43,21:48,65,3,9홀,80000
2025-02-09,8,21:15,22:09,54,2,레슨,80000
2025-02-10,8,10:00,11:30,90,1,9홀,40000
2025-02-10,5,10:26,12:27,121,3,18홀,35000
2025-02-10,10,11:03,13:22,139,4,18홀,50000
2025-02-10,9,12:45,13:40,55,2,9홀,50000
2025-02-10,8,14:11,14:52,41,1,연습,35000
2025-02-10,11,16:05,17:57,112,4,18홀,45000
2025-02-10,14,16:43,17:41,58,2,레슨,50000
2025-02-10,13,17:46,20:30,164,2,18홀,60000
2025-02-10,2,17:51,20:31,160,4,18홀,60000
2025-02-10,4,18:45,19:39,54,2,연습,40000
2025-02-10,12,19:26,20:26,60,1,연습,50000
2025-02-10,5,20:10,21:05,55,1,레슨,45000
2025-02-10,7,21:45,22:17,32,2,연습,40000
2025-02-11,6,10:00,12:56,176,1,18홀,45000
2025-02-11,10,12:18,15:17,179,2,18홀,45000
2025-02-11,14,13:50,14:37,47,1,연습,45000
2025-02-11,11,14:31,16:29,118,4,18홀,45000
2025-02-11,6,14:55,17:11,136,2,18홀,55000
2025-02-11,9,16:27,17:35,68,1,레슨,40000
2025-02-11,5,16:42,19:05,143,4,18홀,60000
2025-02-11,7,17:00,19:09,129,3,18홀,40000
2025-02-11,12,17:19,17:53,34,1,연습,50000
2025-02-11,10,17:21,18:26,65,4,9홀,50000
2025-02-11,13,18:35,19:42,67,2,9홀,55000
2025-02-11,11,18:49,21:21,152,4,18홀,40000
2025-02-12,12,10:00,11:48,108,2,18홀,35000
2025-02-12,4,10:00,12:02,122,2,18홀,40000
2025-02-12,12,13:05,13:56,51,1,레슨,50000
2025-02-12,10,13:58,16:25,147,2,18홀,40000
2025-02-12,11,14:24,15:30,66,2,레슨,50000
2025-02-12,5,15:44,17:52,128,2,18홀,55000
2025-02-12,6,15:59,17:07,68,1,레슨,50000
2025-02-12,2,16:28,18:30,122,2,18홀,55000
2025-02-12,1,16:35,17:30,55,1,9홀,45000
2025-02-12,12,17:15,19:54,159,1,18홀,40000
2025-02-12,13,17:34,18:20,46,1,연습,60000
2025-02-12,10,17:41,18:48,67,3,9홀,40000
2025-02-12,11,19:06,20:31,85,2,9홀,50000
2025-02-12,6,19:44,22:25,161,3,18홀,40000
2025-02-13,7,10:27,12:14,107,3,18홀,45000
2025-02-13,12,10:54,12:00,66,2,9홀,50000
2025-02-13,4,11:25,14:19,174,3,18홀,35000
2025-02-13,5,11:30,14:13,163,3,18홀,45000
2025-02-13,10,13:09,15:57,168,3,18홀,50000
2025-02-13,7,13:45,16:36,171,3,18홀,50000
2025-02-13,13,15:32,16:57,85,3,9홀,35000
2025-02-13,14,16:25,18:50,145,3,18홀,60000
2025-02-13,12,17:12,19:52,160,3,18홀,40000
2025-02-13,13,17:35,20:19,164,3,18홀,55000
2025-02-13,10,18:33,19:46,73,3,9홀,45000
2025-02-13,6,19:02,21:39,157,3,18홀,60000
2025-02-13,2,19:06,21:48,162,3,18홀,55000
2025-02-13,3,20:14,20:45,31,1,연습,45000
2025-02-13,14,20:22,21:16,54,2,레슨,55000
2025-02-13,4,20:31,21:31,60,2,레슨,45000
2025-02-14,6,11:19,13:46,147,1,18홀,50000
2025-02-14,4,11:46,14:46,180,2,18홀,60000
2025-02-14,7,12:24,13:07,43,1,연습,40000
2025-02-14,13,12:54,15:23,149,2,18홀,45000
2025-02-14,10,13:46,16:04,138,3,18홀,60000
2025-02-14,3,14:34,17:29,175,2,18홀,45000
2025-02-14,7,14:39,17:02,143,2,18홀,60000
2025-02-14,8,15:49,18:17,148,3,18홀,50000
2025-02-14,4,16:54,17:24,30,1,연습,55000
2025-02-14,9,16:55,19:41,166,4,18홀,60000
2025-02-14,1,17:05,18:58,113,3,18홀,40000
2025-02-14,2,17:13,19:19,126,3,18홀,40000
2025-02-14,5,17:42,20:27,165,2,18홀,55000
2025-02-14,10,17:56,20:39,163,4,18홀,80000
2025-02-14,7,18:16,20:41,145,1,18홀,60000
2025-02-14,3,18:38,19:22,44,1,연습,50000
2025-02-14,14,19:37,20:56,79,1,레슨,80000
2025-02-14,12,19:46,21:37,111,4,18홀,40000
2025-02-14,4,20:00,21:52,112,4,18홀,50000
2025-02-14,13,20:37,22:54,137,3,18홀,40000
2025-02-14,1,21:11,22:17,66,4,9홀,70000
2025-02-15,1,10:00,11:52,112,3,18홀,80000
2025-02-15,9,10:56,13:18,142,4,18홀,50000
2025-02-15,4,11:25,13:52,147,3,18홀,80000
2025-02-15,1,12:15,14:09,114,2,18홀,70000
2025-02-15,14,12:59,13:57,58,2,레슨,65000
2025-02-15,2,14:44,17:25,161,3,18홀,65000
2025-02-15,11,15:01,16:16,75,1,레슨,50000
2025-02-15,7,15:17,17:30,133,3,18홀,55000
2025-02-15,10,15:33,16:27,54,2,연습,45000
2025-02-15,9,15:55,18:36,161,4,18홀,80000
2025-02-15,13,15:56,18:19,143,3,18홀,65000
2025-02-15,4,17:02,18:43,101,4,18홀,40000
2025-02-15,10,17:10,18:59,109,2,18홀,40000
2025-02-15,8,17:12,19:02,110,1,18홀,70000
2025-02-15,6,17:55,20:33,158,4,18홀,45000
2025-02-15,7,17:56,19:49,113,3,18홀,65000
2025-02-15,3,17:59,20:42,163,2,18홀,40000
2025-02-15,5,18:07,19:00,53,3,9홀,55000
2025-02-15,2,18:15,19:19,64,2,레슨,65000
2025-02-15,12,18:21,20:12,111,4,18홀,45000
2025-02-15,13,18:43,20:47,124,3,18홀,80000
2025-02-15,11,19:05,20:35,90,1,9홀,45000
2025-02-15,1,19:20,20:38,78,1,9홀,70000
2025-02-15,14,19:30,20:30,60,2,레슨,60000
2025-02-15,9,20:06,22:43,157,4,18홀,40000
2025-02-15,10,20:09,22:32,143,1,18홀,65000
2025-02-16,9,10:00,12:47,167,4,18홀,45000
2025-02-16,14,10:00,11:19,79,2,레슨,70000
2025-02-16,7,10:06,12:02,116,3,18홀,50000
2025-02-16,3,12:01,13:09,68,3,9홀,45000
2025-02-16,14,12:16,12:59,43,1,연습,80000
2025-02-16,11,12:31,13:56,85,2,9홀,55000
2025-02-16,3,14:56,16:08,72,3,9홀,50000
2025-02-16,10,16:00,16:57,57,3,9홀,50000
2025-02-16,7,16:33,18:47,134,2,18홀,60000
2025-02-16,13,16:37,18:54,137,2,18홀,70000
2025-02-16,5,16:56,17:47,51,2,연습,65000
2025-02-16,3,16:59,18:42,103,3,18홀,55000
2025-02-16,14,18:23,19:16,53,2,레슨,40000
2025-02-16,3,18:57,21:14,137,2,18홀,40000
2025-02-16,11,18:59,21:44,165,3,18홀,60000
2025-02-16,5,19:03,19:40,37,2,연습,80000
2025-02-16,7,19:13,19:56,43,1,연습,55000
2025-02-16,10,19:26,20:28,62,4,9홀,55000
2025-02-16,13,19:41,21:08,87,3,9홀,45000
2025-02-16,12,21:11,22:09,58,1,9홀,40000
2025-02-17,12,10:00,13:00,180,3,18홀,40000
2025-02-17,1,10:17,11:29,72,3,레슨,50000
2025-02-17,9,13:53,14:47,54,4,9홀,40000
2025-02-17,7,14:06,16:50,164,1,18홀,50000
2025-02-17,10,15:53,18:52,179,2,18홀,55000
2025-02-17,6,16:14,18:21,127,2,18홀,60000
2025-02-17,13,17:59,19:17,78,4,9홀,45000
2025-02-17,8,18:36,19:50,74,3,9홀,50000
2025-02-17,14,19:37,20:28,51,3,9홀,50000
2025-02-17,5,21:48,22:53,65,2,레슨,45000
2025-02-18,11,15:12,18:12,180,4,18홀,60000
2025-02-18,13,15:52,17:44,112,3,18홀,55000
2025-02-18,12,16:35,19:23,168,3,18홀,55000
2025-02-18,6,17:47,19:30,103,1,18홀,45000
2025-02-18,10,19:22,21:24,122,3,18홀,50000
2025-02-18,8,19:31,21:44,133,3,18홀,55000
2025-02-18,7,21:13,21:53,40,1,연습,45000
2025-02-19,12,11:05,13:59,174,2,18홀,35000
2025-02-19,5,13:56,16:13,137,2,18홀,35000
2025-02-19,3,14:58,17:48,170,1,18홀,60000
2025-02-19,14,15:12,17:30,138,4,18홀,50000
2025-02-19,10,15:37,17:34,117,4,18홀,40000
2025-02-19,12,16:04,17:06,62,2,레슨,45000
2025-02-19,6,16:27,19:25,178,2,18홀,50000
2025-02-19,4,16:48,19:38,170,3,18홀,55000
2025-02-19,2,17:18,18:05,47,1,연습,55000
2025-02-19,12,18:12,19:15,63,2,9홀,60000
2025-02-19,11,19:04,21:08,124,2,18홀,40000
2025-02-19,13,19:09,20:05,56,4,9홀,40000
2025-02-19,5,19:12,20:10,58,2,9홀,40000
2025-02-19,12,19:59,21:26,87,4,9홀,45000
2025-02-20,6,10:57,11:32,35,2,연습,40000
2025-02-20,11,13:35,15:37,122,4,18홀,45000
2025-02-20,6,13:43,16:31,168,3,18홀,40000
2025-02-20,3,13:55,14:33,38,2,연습,50000
2025-02-20,14,14:23,15:27,64,2,레슨,50000
2025-02-20,1,14:41,17:25,164,3,18홀,50000
2025-02-20,12,17:46,20:16,150,3,18홀,55000
2025-02-20,4,17:48,20:14,146,2,18홀,45000
2025-02-20,10,18:01,20:46,165,2,18홀,40000
2025-02-20,5,18:28,20:12,104,3,18홀,55000
2025-02-21,1,10:00,12:41,161,3,18홀,65000
2025-02-21,7,10:00,11:48,108,1,18홀,40000
2025-02-21,9,10:00,12:46,166,4,18홀,80000
2025-02-21,7,12:07,13:52,105,3,18홀,55000
2025-02-21,12,12:55,14:01,66,2,9홀,70000
2025-02-21,11,14:05,14:46,41,1,연습,70000
2025-02-21,4,14:33,17:09,156,3,18홀,70000
2025-02-21,9,14:53,15:52,59,1,연습,60000
2025-02-21,11,15:42,17:03,81,3,9홀,55000
2025-02-21,8,16:02,18:11,129,3,18홀,50000
2025-02-21,3,16:47,17:50,63,2,9홀,55000
2025-02-21,14,17:11,18:16,65,2,레슨,55000
2025-02-21,12,18:03,20:00,117,4,18홀,40000
2025-02-21,1,18:30,19:00,30,1,연습,70000
2025-02-21,6,18:35,20:22,107,3,18홀,55000
2025-02-21,4,18:40,20:48,128,3,18홀,70000
2025-02-21,7,19:11,21:20,129,2,18홀,45000
2025-02-21,14,19:12,21:58,166,4,18홀,50000
2025-02-21,13,19:33,20:22,49,2,연습,45000
2025-02-21,9,19:43,20:38,55,4,9홀,65000
2025-02-21,8,20:15,21:15,60,3,9홀,45000
2025-02-22,10,11:03,13:05,122,4,18홀,40000
2025-02-22,7,13:35,16:10,155,4,18홀,50000
2025-02-22,11,13:43,15:34,111,4,18홀,40000
2025-02-22,5,14:53,17:27,154,3,18홀,50000
2025-02-22,12,15:46,18:02,136,2,18홀,40000
2025-02-22,6,16:25,18:59,154,4,18홀,50000
2025-02-22,10,16:38,18:18,100,3,18홀,70000
2025-02-22,13,16:45,17:22,37,1,연습,70000
2025-02-22,7,17:47,18:37,50,1,연습,60000
2025-02-22,13,18:30,19:18,48,2,연습,40000
2025-02-22,7,19:24,20:18,54,1,연습,55000
2025-02-22,11,20:23,21:21,58,2,레슨,65000
2025-02-22,2,20:50,22:05,75,2,레슨,50000
2025-02-22,12,20:53,21:46,53,2,연습,60000
2025-02-23,12,10:00,11:25,85,2,9홀,70000
2025-02-23,8,10:00,11:51,111,1,18홀,55000
2025-02-23,11,11:35,13:37,122,1,18홀,70000
2025-02-23,2,11:56,13:00,64,3,9홀,45000
2025-02-23,10,12:41,13:30,49,2,연습,45000
2025-02-23,1,13:02,15:28,146,1,18홀,45000
2025-02-23,12,13:40,14:42,62,3,9홀,45000
2025-02-23,14,14:59,17:45,166,4,18홀,70000
2025-02-23,12,15:17,16:32,75,3,9홀,80000
2025-02-23,6,17:26,18:51,85,4,9홀,65000
2025-02-23,9,17:30,19:43,133,3,18홀,40000
2025-02-23,4,17:59,19:03,64,4,9홀,50000
2025-02-23,12,18:38,19:49,71,4,9홀,45000
2025-02-23,14,19:02,20:20,78,3,9홀,70000
2025-02-23,7,19:23,21:43,140,3,18홀,55000
2025-02-23,8,19:48,21:07,79,3,9홀,55000
2025-02-23,3,19:55,22:48,173,3,18홀,65000
2025-02-23,12,20:40,21:34,54,3,9홀,80000
2025-02-23,2,21:20,22:25,65,3,9홀,80000
2025-02-23,4,21:46,22:40,54,2,9홀,80000
2025-02-24,14,10:16,12:26,130,2,18홀,45000
2025-02-24,6,10:45,12:56,131,3,18홀,45000
2025-02-24,12,11:25,13:15,110,3,18홀,40000
2025-02-24,10,14:41,17:22,161,3,18홀,45000
2025-02-24,14,17:13,18:34,81,2,9홀,50000
2025-02-24,13,18:07,19:53,106,3,18홀,60000
2025-02-24,7,18:18,21:02,164,3,18홀,50000
2025-02-24,6,19:51,22:37,166,1,18홀,50000
2025-02-25,2,10:00,12:28,148,2,18홀,45000
2025-02-25,5,13:14,14:15,61,2,9홀,50000
2025-02-25,4,16:39,19:32,173,3,18홀,40000
2025-02-25,8,16:53,18:06,73,2,9홀,55000
2025-02-25,5,17:35,18:48,73,2,9홀,40000
2025-02-25,9,18:46,21:37,171,2,18홀,45000
2025-02-25,3,19:30,22:10,160,3,18홀,40000
2025-02-25,6,21:13,22:34,81,2,9홀,45000
2025-02-26,14,11:34,13:21,107,3,18홀,40000
2025-02-26,5,14:47,17:24,157,2,18홀,55000
2025-02-26,13,15:49,18:42,173,4,18홀,40000
2025-02-26,8,17:33,18:45,72,2,9홀,45000
2025-02-26,14,17:39,18:51,72,3,9홀,55000
2025-02-26,6,18:29,20:30,121,3,18홀,40000
2025-02-26,7,18:38,19:56,78,2,레슨,45000
2025-02-26,2,21:16,22:13,57,1,연습,40000
2025-02-27,5,12:08,13:18,70,3,9홀,45000
2025-02-27,6,13:17,15:29,132,2,18홀,40000
2025-02-27,8,13:35,16:04,149,3,18홀,40000
2025-02-27,13,13:48,14:26,38,2,연습,35000
2025-02-27,11,14:05,15:53,108,1,18홀,35000
2025-02-27,3,14:08,15:11,63,1,레슨,50000
2025-02-27,2,15:20,16:06,46,2,연습,35000
2025-02-27,3,20:33,21:43,70,1,레슨,40000
2025-02-27,9,20:37,21:47,70,3,9홀,40000
2025-02-28,10,10:35,13:24,169,3,18홀,60000
2025-02-28,11,12:49,15:13,144,3,18홀,70000
2025-02-28,12,12:51,13:37,46,2,연습,45000
2025-02-28,2,13:44,14:51,67,2,레슨,50000
2025-02-28,6,14:28,15:06,38,1,연습,40000
2025-02-28,10,14:59,17:31,152,2,18홀,45000
2025-02-28,5,15:50,17:10,80,2,레슨,50000
2025-02-28,14,16:07,17:35,88,3,9홀,40000
2025-02-28,7,16:12,18:58,166,3,18홀,70000
2025-02-28,13,16:33,19:11,158,3,18홀,60000
2025-02-28,6,17:23,19:26,123,2,18홀,80000
2025-02-28,4,17:44,18:40,56,1,연습,60000
2025-02-28,2,17:55,19:11,76,2,9홀,65000
2025-02-28,1,18:19,19:15,56,1,레슨,70000
2025-02-28,10,18:32,20:19,107,3,18홀,65000
2025-02-28,9,18:42,19:55,73,1,레슨,45000
2025-02-28,14,18:56,21:00,124,2,18홀,65000
2025-02-28,12,19:07,20:03,56,2,레슨,65000
2025-02-28,11,19:07,20:08,61,2,레슨,50000
2025-02-28,4,19:47,22:16,149,2,18홀,60000
2025-03-01,4,10:00,12:46,166,2,18홀,70000
2025-03-01,12,12:29,13:39,70,3,9홀,55000
2025-03-01,11,13:47,15:59,132,2,18홀,80000
2025-03-01,4,14:53,17:00,127,2,18홀,40000
2025-03-01,2,15:05,17:20,135,3,18홀,70000
2025-03-01,10,15:52,17:37,105,2,18홀,50000
2025-03-01,12,16:02,18:13,131,3,18홀,60000
2025-03-01,7,16:31,18:27,116,4,18홀,80000
2025-03-01,1,17:00,18:30,90,3,9홀,70000
2025-03-01,2,17:50,19:08,78,2,9홀,65000
2025-03-01,11,17:57,20:09,132,3,18홀,50000
2025-03-01,4,19:12,20:08,56,2,레슨,40000
2025-03-01,6,19:33,22:10,157,3,18홀,60000
2025-03-01,10,19:58,20:56,58,1,레슨,50000
2025-03-02,12,10:00,12:21,141,2,18홀,45000
2025-03-02,1,10:11,11:04,53,2,연습,45000
2025-03-02,6,10:21,12:23,122,3,18홀,65000
2025-03-02,4,10:23,11:37,74,2,레슨,70000
2025-03-02,14,11:13,13:55,162,2,18홀,40000
2025-03-02,11,11:22,12:19,57,1,9홀,60000
2025-03-02,9,11:36,13:20,104,3,18홀,45000
2025-03-02,4,12:47,13:40,53,1,9홀,65000
2025-03-02,13,15:04,16:00,56,2,연습,45000
2025-03-02,2,15:12,17:19,127,3,18홀,80000
2025-03-02,12,15:47,17:10,83,4,9홀,45000
2025-03-02,8,16:49,19:40,171,3,18홀,60000
2025-03-02,12,17:51,20:41,170,3,18홀,60000
2025-03-02,7,18:23,19:42,79,2,9홀,50000
2025-03-02,9,18:52,19:28,36,1,연습,40000
2025-03-02,5,20:00,22:28,148,4,18홀,80000
2025-03-02,6,20:08,21:27,79,3,레슨,50000
2025-03-02,8,21:28,22:22,54,2,연습,65000
2025-03-03,1,10:00,11:20,80,3,레슨,35000
2025-03-03,6,10:00,12:46,166,2,18홀,45000
2025-03-03,2,10:01,12:08,127,4,18홀,35000
2025-03-03,11,11:03,12:55,112,2,18홀,45000
2025-03-03,4,12:41,13:54,73,2,9홀,45000
2025-03-03,8,13:09,14:04,55,3,9홀,50000
2025-03-03,8,14:58,16:18,80,3,9홀,50000
2025-03-03,7,15:59,16:51,52,3,9홀,60000
2025-03-03,7,17:37,18:49,72,4,9홀,55000
2025-03-03,12,17:46,20:43,177,1,18홀,50000
2025-03-03,10,19:02,21:22,140,2,18홀,60000
2025-03-03,5,20:32,22:40,128,2,18홀,50000
2025-03-03,13,20:44,22:43,119,4,18홀,50000
2025-03-04,10,14:23,15:18,55,3,9홀,50000
2025-03-04,10,15:48,17:45,117,3,18홀,55000
2025-03-04,9,16:45,17:40,55,3,9홀,55000
2025-03-04,14,17:53,20:44,171,2,18홀,60000
2025-03-04,11,19:51,21:08,77,2,9홀,55000
2025-03-04,6,20:28,21:11,43,1,연습,55000
2025-03-05,6,10:00,12:19,139,3,18홀,35000
2025-03-05,4,13:49,14:40,51,1,레슨,40000
2025-03-05,5,14:03,15:57,114,4,18홀,40000
2025-03-05,13,15:19,16:09,50,2,9홀,35000
2025-03-05,13,17:04,19:32,148,2,18홀,55000
2025-03-05,4,17:45,18:35,50,1,레슨,45000
2025-03-05,12,17:52,20:08,136,1,18홀,40000
2025-03-05,11,18:02,19:27,85,3,9홀,60000
2025-03-05,14,19:04,20:52,108,3,18홀,45000
2025-03-05,5,20:11,21:07,56,2,9홀,45000
2025-03-05,6,21:43,22:29,46,2,연습,60000
2025-03-06,9,10:40,12:43,123,3,18홀,40000
2025-03-06,10,11:37,13:22,105,2,18홀,50000
2025-03-06,1,14:18,15:11,53,2,연습,40000
2025-03-06,13,15:42,18:15,153,3,18홀,60000
2025-03-06,4,16:04,17:34,90,4,9홀,60000
2025-03-06,3,16:23,17:38,75,3,9홀,50000
2025-03-06,10,16:30,17:44,74,2,9홀,55000
2025-03-06,6,16:48,19:42,174,2,18홀,55000
2025-03-06,5,17:40,20:15,155,1,18홀,50000
2025-03-06,8,18:12,19:40,88,2,9홀,45000
2025-03-06,3,20:18,22:21,123,3,18홀,40000
2025-03-07,5,10:00,11:00,60,2,연습,80000
2025-03-07,2,11:44,12:43,59,2,9홀,60000
2025-03-07,11,11:55,13:23,88,3,9홀,65000
2025-03-07,3,12:29,14:12,103,2,18홀,50000
2025-03-07,7,13:20,14:32,72,3,레슨,80000
2025-03-07,4,13:36,14:41,65,1,레슨,50000
2025-03-07,8,15:45,18:42,177,3,18홀,45000
2025-03-07,3,15:59,18:05,126,4,18홀,40000
2025-03-07,5,16:07,17:01,54,1,연습,60000
2025-03-07,12,16:31,19:17,166,4,18홀,40000
2025-03-07,10,17:05,18:17,72,2,레슨,45000
2025-03-07,14,17:35,20:26,171,2,18홀,65000
2025-03-07,13,18:08,20:19,131,4,18홀,60000
2025-03-07,8,19:11,21:41,150,1,18홀,55000
2025-03-07,5,19:28,20:30,62,1,레슨,80000
2025-03-07,10,19:45,21:14,89,3,9홀,65000
2025-03-07,2,20:36,21:28,52,2,레슨,55000
2025-03-08,8,10:08,11:16,68,1,레슨,70000
2025-03-08,2,10:22,12:17,115,3,18홀,80000
2025-03-08,12,12:58,15:45,167,2,18홀,40000
2025-03-08,8,14:37,16:39,122,2,18홀,60000
2025-03-08,6,15:32,16:03,31,1,연습,80000
2025-03-08,7,15:36,17:16,100,3,18홀,45000
2025-03-08,3,16:11,17:10,59,3,레슨,65000
2025-03-08,13,16:41,17:48,67,1,레슨,80000
2025-03-08,11,16:46,17:50,64,2,레슨,50000
2025-03-08,5,17:34,19:45,131,1,18홀,45000
2025-03-08,6,17:59,20:52,173,4,18홀,70000
2025-03-08,7,18:00,19:47,107,2,18홀,80000
2025-03-08,10,18:38,21:16,158,1,18홀,70000
2025-03-08,3,19:19,21:12,113,3,18홀,40000
2025-03-08,4,20:07,22:24,137,3,18홀,50000
2025-03-08,9,20:35,21:45,70,3,9홀,50000
2025-03-09,7,10:36,11:47,71,3,9홀,60000
2025-03-09,13,10:57,12:50,113,3,18홀,80000
2025-03-09,6,11:48,13:05,77,3,9홀,65000
2025-03-09,11,12:34,13:32,58,3,9홀,65000
2025-03-09,10,13:57,15:02,65,2,레슨,40000
2025-03-09,1,14:45,16:25,100,3,18홀,45000
2025-03-09,8,14:57,17:03,126,1,18홀,40000
2025-03-09,5,15:49,17:14,85,3,9홀,45000
2025-03-09,7,16:33,17:39,66,3,9홀,55000
2025-03-09,6,17:59,20:01,122,4,18홀,40000
2025-03-09,11,18:43,19:33,50,2,9홀,45000
2025-03-09,1,18:58,20:17,79,2,레슨,70000
2025-03-09,8,19:01,20:19,78,2,레슨,55000
2025-03-09,2,19:03,20:28,85,3,9홀,80000
2025-03-09,5,19:25,20:37,72,4,9홀,40000
2025-03-09,13,19:34,20:33,59,1,연습,50000
2025-03-09,10,19:40,20:54,74,3,9홀,80000
2025-03-09,12,20:36,21:28,52,3,9홀,65000
2025-03-09,3,20:38,21:13,35,2,연습,80000
2025-03-10,14,10:00,12:27,147,2,18홀,40000
2025-03-10,6,10:52,11:53,61,3,9홀,45000
2025-03-10,1,11:39,14:15,156,4,18홀,35000
2025-03-10,9,13:15,15:19,124,3,18홀,45000
2025-03-10,13,13:41,15:33,112,2,18홀,50000
2025-03-10,11,13:42,16:20,158,1,18홀,50000
2025-03-10,6,15:50,18:46,176,4,18홀,50000
2025-03-10,13,16:34,19:20,166,1,18홀,40000
2025-03-10,6,19:23,20:53,90,2,9홀,60000
2025-03-10,14,20:32,21:56,84,3,9홀,40000
2025-03-11,5,10:00,10:59,59,1,9홀,40000
2025-03-11,7,10:00,12:06,126,2,18홀,40000
2025-03-11,3,10:00,11:26,86,2,9홀,40000
2025-03-11,2,10:29,12:22,113,3,18홀,50000
2025-03-11,1,10:44,12:08,84,1,9홀,50000
2025-03-11,12,11:19,14:15,176,2,18홀,35000
2025-03-11,11,12:00,14:48,168,1,18홀,40000
2025-03-11,5,16:01,16:54,53,2,레슨,40000
2025-03-11,5,17:43,19:41,118,2,18홀,60000
2025-03-11,10,18:53,21:17,144,2,18홀,60000
2025-03-11,3,20:00,21:28,88,3,9홀,40000
2025-03-11,8,20:06,21:16,70,1,9홀,50000
2025-03-12,11,12:49,15:10,141,3,18홀,40000
2025-03-12,2,14:39,17:20,161,2,18홀,60000
2025-03-12,7,15:10,16:12,62,2,레슨,50000
2025-03-12,14,15:36,17:38,122,3,18홀,55000
2025-03-12,8,16:41,19:37,176,3,18홀,55000
2025-03-12,11,16:47,17:42,55,1,연습,45000
2025-03-12,6,17:00,19:36,156,1,18홀,50000
2025-03-12,12,17:38,18:31,53,2,레슨,45000
2025-03-12,7,18:01,20:38,157,3,18홀,60000
2025-03-12,3,18:28,20:19,111,3,18홀,55000
2025-03-12,11,21:09,22:05,56,1,레슨,60000
2025-03-13,2,10:13,11:30,77,3,9홀,35000
2025-03-13,6,14:07,15:47,100,4,18홀,40000
2025-03-13,14,14:28,15:25,57,1,연습,35000
2025-03-13,12,16:02,18:12,130,3,18홀,45000
2025-03-13,11,18:05,19:47,102,4,18홀,55000
2025-03-13,7,18:07,18:49,42,2,연습,45000
2025-03-13,9,18:08,19:58,110,4,18홀,40000
2025-03-13,5,18:22,19:38,76,2,9홀,45000
2025-03-13,10,18:23,19:17,54,3,레슨,40000
2025-03-13,14,18:53,21:46,173,3,18홀,50000
2025-03-13,12,19:29,20:18,49,1,연습,60000
2025-03-13,4,19:35,20:37,62,2,레슨,40000
2025-03-14,13,10:00,12:52,172,2,18홀,80000
2025-03-14,10,10:23,11:39,76,1,9홀,70000
2025-03-14,3,11:25,12:45,80,2,레슨,70000
2025-03-14,2,11:39,14:25,166,3,18홀,50000
2025-03-14,6,14:08,16:57,169,4,18홀,80000
2025-03-14,10,15:54,18:34,160,3,18홀,65000
2025-03-14,12,16:28,19:24,176,1,18홀,40000
2025-03-14,14,17:37,18:53,76,2,9홀,55000
2025-03-14,10,19:02,20:10,68,2,레슨,60000
2025-03-14,5,19:52,21:21,89,1,9홀,55000
2025-03-15,3,10:00,12:15,135,2,18홀,40000
2025-03-15,4,12:03,14:40,157,3,18홀,80000
2025-03-15,12,12:22,15:04,162,2,18홀,70000
2025-03-15,10,12:39,13:29,50,4,9홀,40000
2025-03-15,3,13:34,15:32,118,3,18홀,80000
2025-03-15,9,13:57,16:03,126,3,18홀,45000
2025-03-15,5,14:58,15:52,54,2,연습,70000
2025-03-15,11,15:42,17:28,106,3,18홀,60000
2025-03-15,13,16:13,19:08,175,3,18홀,65000
2025-03-15,12,16:36,18:48,132,3,18홀,70000
2025-03-15,4,16:39,17:52,73,2,레슨,60000
2025-03-15,1,16:54,19:14,140,4,18홀,65000
2025-03-15,8,17:01,18:03,62,1,레슨,65000
2025-03-15,7,17:16,18:33,77,2,9홀,45000
2025-03-15,10,17:20,19:52,152,3,18홀,80000
2025-03-15,3,17:21,18:06,45,1,연습,65000
2025-03-15,6,18:48,19:52,64,1,9홀,60000
2025-03-15,5,19:17,21:04,107,3,18홀,40000
2025-03-16,3,10:00,11:51,111,3,18홀,50000
2025-03-16,9,11:23,14:01,158,2,18홀,65000
2025-03-16,6,11:25,13:19,114,3,18홀,40000
2025-03-16,5,11:40,14:38,178,2,18홀,65000
2025-03-16,10,11:55,14:10,135,2,18홀,60000
2025-03-16,4,12:01,14:14,133,1,18홀,80000
2025-03-16,11,15:20,15:56,36,2,연습,55000
2025-03-16,9,15:23,16:41,78,3,9홀,45000
2025-03-16,8,15:24,17:08,104,2,18홀,60000
2025-03-16,2,15:25,16:21,56,3,9홀,45000
2025-03-16,1,17:23,18:38,75,3,9홀,60000
2025-03-16,10,17:50,18:47,57,1,연습,80000
2025-03-16,11,17:51,18:44,53,2,레슨,50000
2025-03-16,8,18:07,20:57,170,2,18홀,45000
2025-03-16,14,18:42,19:57,75,2,9홀,65000
2025-03-16,13,19:14,20:09,55,3,9홀,65000
2025-03-17,11,14:19,15:17,58,1,연습,45000
2025-03-17,2,15:04,17:46,162,3,18홀,40000
2025-03-17,3,15:40,16:53,73,1,레슨,40000
2025-03-17,5,16:45,19:39,174,3,18홀,55000
2025-03-17,7,16:50,19:21,151,4,18홀,40000
2025-03-17,1,17:29,18:49,80,1,레슨,50000
2025-03-17,6,17:59,20:37,158,4,18홀,55000
2025-03-17,2,18:17,19:58,101,4,18홀,50000
2025-03-17,11,18:43,19:53,70,1,레슨,55000
2025-03-17,9,18:54,20:48,114,4,18홀,40000
2025-03-18,7,10:28,11:08,40,1,연습,50000
2025-03-18,13,12:20,14:41,141,3,18홀,45000
2025-03-18,3,12:54,15:21,147,2,18홀,40000
2025-03-18,5,14:24,15:18,54,3,9홀,50000
2025-03-18,1,15:11,17:53,162,2,18홀,40000
2025-03-18,10,15:23,18:18,175,3,18홀,45000
2025-03-18,13,15:50,17:47,117,3,18홀,50000
2025-03-18,14,15:50,18:48,178,3,18홀,55000
2025-03-18,6,16:27,18:25,118,3,18홀,50000
2025-03-18,8,16:54,19:54,180,1,18홀,50000
2025-03-18,12,18:23,20:27,124,3,18홀,55000
2025-03-19,11,13:08,15:47,159,2,18홀,35000
2025-03-19,12,15:19,17:13,114,3,18홀,45000
2025-03-19,3,15:36,18:24,168,3,18홀,55000
2025-03-19,13,16:01,17:46,105,2,18홀,45000
2025-03-19,10,17:43,18:21,38,1,연습,50000
2025-03-19,12,20:06,21:55,109,3,18홀,45000
2025-03-19,13,20:42,21:58,76,2,9홀,60000
2025-03-20,2,11:27,13:48,141,3,18홀,35000
2025-03-20,3,13:23,15:51,148,3,18홀,50000
2025-03-20,6,13:41,16:16,155,2,18홀,35000
2025-03-20,14,15:18,16:16,58,3,9홀,45000
2025-03-20,3,16:32,17:34,62,3,9홀,45000
2025-03-20,2,17:31,19:46,135,3,18홀,45000
2025-03-20,5,17:59,20:52,173,3,18홀,40000
2025-03-20,6,18:22,20:45,143,3,18홀,50000
2025-03-20,12,20:30,21:47,77,3,레슨,45000
2025-03-20,14,21:02,21:52,50,2,9홀,60000
2025-03-21,1,11:59,14:32,153,3,18홀,60000
2025-03-21,10,12:30,13:18,48,2,연습,65000
2025-03-21,5,13:29,16:06,157,3,18홀,55000
2025-03-21,8,13:30,16:04,154,4,18홀,70000
2025-03-21,6,14:04,16:42,158,2,18홀,80000
2025-03-21,4,14:05,16:37,152,2,18홀,55000
2025-03-21,9,14:54,16:36,102,3,18홀,50000
2025-03-21,1,16:34,19:33,179,4,18홀,60000
2025-03-21,12,16:37,19:06,149,2,18홀,60000
2025-03-21,13,17:03,18:33,90,4,9홀,80000
2025-03-21,10,17:55,19:24,89,3,9홀,80000
2025-03-21,9,18:58,21:27,149,2,18홀,80000
2025-03-21,11,19:49,22:40,171,2,18홀,70000
2025-03-22,7,11:58,14:06,128,3,18홀,40000
2025-03-22,2,12:18,13:23,65,3,9홀,65000
2025-03-22,2,14:14,14:52,38,1,연습,65000
2025-03-22,9,14:20,15:38,78,2,9홀,40000
2025-03-22,3,14:30,15:36,66,2,레슨,70000
2025-03-22,7,15:07,17:00,113,3,18홀,65000
2025-03-22,13,15:09,17:49,160,3,18홀,65000
2025-03-22,8,15:23,16:15,52,1,레슨,45000
2025-03-22,9,16:16,19:02,166,3,18홀,45000
2025-03-22,11,16:19,17:13,54,1,레슨,55000
2025-03-22,2,16:47,19:04,137,4,18홀,50000
2025-03-22,8,17:35,20:34,179,4,18홀,45000
2025-03-22,6,17:50,20:09,139,3,18홀,40000
2025-03-22,14,18:05,19:26,81,3,9홀,60000
2025-03-22,5,18:45,21:21,156,2,18홀,60000
2025-03-22,3,18:48,20:48,120,4,18홀,40000
2025-03-22,1,19:02,21:50,168,3,18홀,55000
2025-03-22,7,19:18,20:11,53,3,9홀,65000
2025-03-22,2,19:22,21:42,140,3,18홀,65000
2025-03-22,12,20:58,22:12,74,1,레슨,55000
2025-03-22,8,21:05,22:13,68,3,9홀,65000
2025-03-23,12,10:00,11:00,60,3,레슨,55000
2025-03-23,5,10:00,12:50,170,3,18홀,65000
2025-03-23,2,10:35,13:12,157,1,18홀,65000
2025-03-23,6,10:50,13:44,174,2,18홀,55000
2025-03-23,3,11:01,13:49,168,2,18홀,65000
2025-03-23,13,12:32,14:00,88,4,9홀,60000
2025-03-23,10,12:32,14:48,136,4,18홀,55000
2025-03-23,12,12:41,14:48,127,4,18홀,70000
2025-03-23,11,12:53,14:08,75,2,9홀,50000
2025-03-23,7,14:16,15:16,60,4,9홀,55000
2025-03-23,5,14:26,16:24,118,4,18홀,45000
2025-03-23,13,15:05,17:10,125,3,18홀,40000
2025-03-23,9,15:26,16:20,54,1,9홀,60000
2025-03-23,11,15:48,17:04,76,3,9홀,65000
2025-03-23,6,16:32,18:50,138,3,18홀,40000
2025-03-23,9,17:47,19:17,90,3,9홀,50000
2025-03-23,1,18:03,20:30,147,2,18홀,55000
2025-03-23,14,18:19,19:16,57,1,레슨,45000
2025-03-23,10,18:24,19:40,76,1,9홀,55000
2025-03-23,13,18:33,19:54,81,3,9홀,60000
2025-03-23,12,19:35,20:32,57,2,연습,40000
2025-03-23,9,20:05,22:03,118,2,18홀,55000
2025-03-23,8,20:38,22:52,134,1,18홀,80000
2025-03-24,2,12:46,14:09,83,3,9홀,50000
2025-03-24,14,13:43,15:35,112,3,18홀,35000
2025-03-24,13,14:32,16:36,124,3,18홀,40000
2025-03-24,11,14:48,15:57,69,1,9홀,50000
2025-03-24,3,15:29,16:28,59,2,9홀,40000
2025-03-24,4,15:35,16:38,63,1,레슨,40000
2025-03-24,1,15:43,17:37,114,2,18홀,45000
2025-03-24,3,17:12,19:46,154,3,18홀,45000
2025-03-24,5,17:34,19:43,129,2,18홀,50000
2025-03-24,11,17:59,18:57,58,2,9홀,40000
2025-03-24,4,18:42,19:33,51,4,9홀,55000
2025-03-24,9,19:39,22:19,160,1,18홀,55000
2025-03-24,2,20:03,20:34,31,2,연습,60000
2025-03-25,10,10:00,11:52,112,3,18홀,50000
2025-03-25,6,10:00,12:03,123,1,18홀,50000
2025-03-25,6,14:21,15:48,87,4,9홀,45000
2025-03-25,2,16:15,18:59,164,4,18홀,50000
2025-03-25,13,17:42,20:29,167,4,18홀,45000
2025-03-25,14,17:58,20:46,168,4,18홀,45000
2025-03-25,8,20:05,22:08,123,2,18홀,55000
2025-03-25,3,20:36,21:37,61,2,레슨,50000
2025-03-26,13,10:00,12:32,152,2,18홀,35000
2025-03-26,8,11:17,14:03,166,3,18홀,50000
2025-03-26,9,14:16,16:06,110,2,18홀,50000
2025-03-26,12,15:02,16:11,69,1,레슨,45000
2025-03-26,4,15:45,16:24,39,2,연습,45000
2025-03-26,6,17:04,18:24,80,1,레슨,55000
2025-03-26,9,18:31,20:26,115,3,18홀,60000
2025-03-26,7,19:06,20:17,71,2,레슨,55000
2025-03-26,6,19:56,21:57,121,2,18홀,60000
2025-03-26,12,20:39,21:54,75,4,9홀,60000
2025-03-26,8,21:22,21:55,33,1,연습,60000
2025-03-27,2,13:38,14:37,59,2,9홀,40000
2025-03-27,4,14:11,15:08,57,1,레슨,50000
2025-03-27,11,15:31,17:19,108,4,18홀,50000
2025-03-27,10,17:26,19:15,109,3,18홀,55000
2025-03-27,9,17:30,19:47,137,3,18홀,50000
2025-03-27,6,18:05,18:54,49,1,연습,45000
2025-03-27,1,18:51,20:15,84,4,9홀,55000
2025-03-27,8,18:55,21:24,149,3,18홀,45000
2025-03-28,9,10:00,11:44,104,4,18홀,70000
2025-03-28,3,10:00,12:42,162,3,18홀,65000
2025-03-28,12,10:00,11:14,74,2,레슨,65000
2025-03-28,4,11:28,12:33,65,2,레슨,80000
2025-03-28,12,12:24,13:32,68,2,레슨,40000
2025-03-28,10,12:28,14:39,131,4,18홀,80000
2025-03-28,1,12:30,13:40,70,2,9홀,55000
2025-03-28,2,12:51,14:03,72,2,9홀,55000
2025-03-28,9,13:49,14:30,41,1,연습,40000
2025-03-28,6,16:59,19:18,139,1,18홀,70000
2025-03-28,12,18:40,19:32,52,3,9홀,65000
2025-03-28,2,18:57,21:40,163,2,18홀,65000
2025-03-28,7,19:40,20:54,74,3,9홀,70000
2025-03-28,13,19:49,20:27,38,1,연습,60000
2025-03-28,11,20:02,22:20,138,3,18홀,65000
2025-03-28,4,20:11,21:04,53,2,레슨,60000
2025-03-28,6,20:18,21:18,60,4,9홀,80000
2025-03-29,10,10:00,12:54,174,2,18홀,45000
2025-03-29,6,10:02,11:05,63,2,레슨,45000
2025-03-29,8,10:11,11:33,82,2,9홀,80000
2025-03-29,13,12:14,14:53,159,4,18홀,80000
2025-03-29,14,13:00,14:42,102,3,18홀,80000
2025-03-29,6,13:01,15:47,166,2,18홀,45000
2025-03-29,9,13:52,14:30,38,2,연습,70000
2025-03-29,8,14:46,17:04,138,4,18홀,60000
2025-03-29,5,14:58,17:04,126,3,18홀,40000
2025-03-29,6,16:29,18:12,103,3,18홀,45000
2025-03-29,9,16:34,18:02,88,2,9홀,55000
2025-03-29,2,16:39,19:21,162,2,18홀,70000
2025-03-29,10,17:17,19:00,103,3,18홀,50000
2025-03-29,1,17:24,18:07,43,1,연습,80000
2025-03-29,4,18:03,20:13,130,3,18홀,40000
2025-03-29,3,18:29,20:39,130,2,18홀,80000
2025-03-29,7,19:01,19:55,54,2,9홀,70000
2025-03-29,10,20:05,21:00,55,1,연습,55000
2025-03-30,8,10:00,12:07,127,2,18홀,80000
2025-03-30,6,10:00,12:42,162,2,18홀,70000
2025-03-30,4,12:51,13:36,45,2,연습,55000
2025-03-30,13,13:12,15:38,146,4,18홀,80000
2025-03-30,14,13:16,16:13,177,3,18홀,60000
2025-03-30,7,15:32,17:44,132,3,18홀,50000
2025-03-30,3,16:17,18:35,138,3,18홀,60000
2025-03-30,4,17:12,18:09,57,2,9홀,55000
2025-03-30,6,17:16,18:15,59,2,연습,50000
2025-03-30,9,17:51,18:46,55,2,연습,70000
2025-03-30,2,17:59,19:59,120,3,18홀,55000
2025-03-30,10,18:22,19:27,65,3,레슨,65000
2025-03-30,7,18:34,20:14,100,2,18홀,65000
2025-03-30,8,18:40,20:34,114,4,18홀,55000
2025-03-30,1,18:50,20:09,79,3,9홀,70000
2025-03-30,12,19:15,21:28,133,2,18홀,60000
2025-03-30,11,20:20,21:15,55,2,연습,45000
2025-03-30,7,22:12,22:53,41,2,연습,65000
2025-03-31,9,10:00,11:42,102,4,18홀,35000
2025-03-31,12,13:14,14:10,56,1,레슨,35000
2025-03-31,1,15:30,18:22,172,3,18홀,45000
2025-03-31,3,16:39,17:28,49,2,연습,50000
2025-03-31,8,18:52,20:08,76,1,레슨,60000
2025-04-01,5,10:00,12:04,124,2,18홀,35000
2025-04-01,11,10:00,10:57,57,2,연습,40000
2025-04-01,3,10:32,11:34,62,3,9홀,50000
2025-04-01,4,13:55,16:12,137,4,18홀,35000
2025-04-01,11,17:50,19:17,87,1,9홀,50000
2025-04-01,12,19:48,20:42,54,2,레슨,50000
2025-04-01,13,20:21,21:13,52,1,연습,55000
2025-04-01,4,20:47,22:33,106,4,18홀,45000
2025-04-02,9,13:21,15:01,100,2,18홀,40000
2025-04-02,14,16:27,18:18,111,2,18홀,50000
2025-04-02,3,16:31,17:22,51,1,연습,60000
2025-04-02,4,16:33,18:53,140,4,18홀,45000
2025-04-02,9,17:08,18:08,60,4,9홀,60000
2025-04-02,6,17:53,19:06,73,3,9홀,50000
2025-04-02,10,17:55,19:18,83,2,9홀,60000
2025-04-02,3,19:21,21:07,106,3,18홀,40000
2025-04-02,9,19:25,20:39,74,1,레슨,60000
2025-04-03,2,10:00,12:39,159,1,18홀,35000
2025-04-03,9,10:00,11:25,85,2,9홀,40000
2025-04-03,4,14:11,16:58,167,4,18홀,50000
2025-04-03,2,14:39,16:34,115,4,18홀,45000
2025-04-03,6,14:51,16:52,121,3,18홀,45000
2025-04-03,3,16:46,19:29,163,1,18홀,50000
2025-04-03,11,17:30,20:00,150,4,18홀,50000
2025-04-03,9,18:31,20:14,103,3,18홀,55000
2025-04-03,1,18:41,20:09,88,4,9홀,45000
2025-04-03,3,21:22,22:22,60,3,레슨,50000
2025-04-04,12,10:00,11:10,70,3,9홀,40000
2025-04-04,5,10:18,10:50,32,1,연습,50000
2025-04-04,14,11:39,12:11,32,1,연습,55000
2025-04-04,13,11:41,12:20,39,1,연습,60000
2025-04-04,12,12:17,13:32,75,3,레슨,60000
2025-04-04,2,14:09,16:34,145,3,18홀,40000
2025-04-04,8,17:20,18:24,64,2,레슨,45000
2025-04-04,9,18:29,20:46,137,4,18홀,65000
2025-04-04,14,18:41,19:52,71,3,레슨,50000
2025-04-04,11,18:51,21:36,165,3,18홀,80000
2025-04-04,2,18:58,19:48,50,1,연습,50000
2025-04-04,13,19:11,19:43,32,2,연습,40000
2025-04-04,4,19:56,20:55,59,3,레슨,70000
2025-04-04,1,20:10,20:49,39,2,연습,45000
2025-04-04,14,20:33,21:45,72,3,9홀,40000
2025-04-04,12,20:38,22:32,114,3,18홀,70000
2025-04-05,1,12:35,15:10,155,2,18홀,55000
2025-04-05,2,13:05,15:12,127,4,18홀,60000
2025-04-05,9,13:13,14:27,74,2,레슨,55000
2025-04-05,7,13:24,13:55,31,1,연습,70000
2025-04-05,12,13:50,15:51,121,3,18홀,70000
2025-04-05,13,16:01,18:11,130,1,18홀,70000
2025-04-05,5,16:01,17:55,114,2,18홀,70000
2025-04-05,10,16:02,17:01,59,2,레슨,50000
2025-04-05,14,16:05,18:41,156,4,18홀,50000
2025-04-05,2,16:52,17:47,55,1,연습,70000
2025-04-05,11,17:11,20:11,180,3,18홀,60000
2025-04-05,9,17:23,18:17,54,1,레슨,45000
2025-04-05,10,17:50,19:55,125,2,18홀,80000
2025-04-05,8,19:13,21:56,163,3,18홀,60000
2025-04-05,7,19:44,20:36,52,3,9홀,50000
2025-04-05,10,20:08,21:05,57,2,레슨,60000
2025-04-05,5,20:10,21:35,85,4,9홀,40000
2025-04-05,4,20:48,22:48,120,2,18홀,70000
2025-04-06,10,10:00,12:44,164,4,18홀,80000
2025-04-06,13,10:31,11:25,54,3,레슨,70000
2025-04-06,3,10:45,13:26,161,2,18홀,80000
2025-04-06,11,11:40,13:00,80,2,9홀,45000
2025-04-06,2,15:01,17:45,164,3,18홀,55000
2025-04-06,5,15:34,17:16,102,3,18홀,80000
2025-04-06,6,15:59,17:54,115,2,18홀,80000
2025-04-06,8,16:10,17:03,53,1,레슨,55000
2025-04-06,11,17:42,18:54,72,4,9홀,55000
2025-04-06,3,18:44,21:28,164,4,18홀,70000
2025-04-06,14,18:55,20:41,106,4,18홀,80000
2025-04-06,10,19:22,21:15,113,4,18홀,60000
2025-04-06,14,21:05,22:05,60,3,9홀,60000
2025-04-06,4,21:19,22:32,73,2,레슨,70000
2025-04-07,8,14:34,16:29,115,3,18홀,45000
2025-04-07,6,15:52,18:03,131,3,18홀,55000
2025-04-07,14,16:16,18:30,134,2,18홀,50000
2025-04-07,8,18:09,20:08,119,2,18홀,45000
2025-04-07,9,20:00,20:43,43,2,연습,45000
2025-04-07,13,20:50,21:44,54,1,레슨,60000
2025-04-08,7,10:00,11:15,75,2,9홀,35000
2025-04-08,1,10:02,12:01,119,3,18홀,40000
2025-04-08,2,12:05,13:15,70,4,9홀,45000
2025-04-08,11,15:24,17:55,151,4,18홀,50000
2025-04-08,14,17:59,19:11,72,2,레슨,60000
2025-04-08,9,20:47,21:42,55,2,9홀,55000
2025-04-09,5,10:00,12:46,166,1,18홀,35000
2025-04-09,14,12:13,13:36,83,1,9홀,50000
2025-04-09,12,13:22,14:27,65,4,9홀,45000
2025-04-09,5,13:28,15:15,107,2,18홀,50000
2025-04-09,10,13:39,16:33,174,2,18홀,50000
2025-04-09,11,13:40,16:17,157,3,18홀,50000
2025-04-09,3,16:10,17:36,86,3,9홀,60000
2025-04-09,10,17:19,19:12,113,4,18홀,45000
2025-04-09,8,19:25,21:16,111,3,18홀,50000
2025-04-09,3,19:25,20:44,79,4,9홀,50000
2025-04-09,12,21:29,22:21,52,2,레슨,55000
2025-04-10,10,12:46,13:43,57,2,연습,40000
2025-04-10,8,16:18,19:02,164,2,18홀,40000
2025-04-10,12,17:20,18:32,72,3,레슨,40000
2025-04-10,9,18:20,20:27,127,3,18홀,40000
2025-04-10,7,20:07,21:04,57,2,9홀,45000
2025-04-10,3,21:07,21:59,52,2,9홀,55000
2025-04-11,8,10:00,11:09,69,3,9홀,65000
2025-04-11,1,10:00,12:55,175,4,18홀,70000
2025-04-11,2,12:31,14:34,123,3,18홀,45000
2025-04-11,10,13:01,14:46,105,3,18홀,55000
2025-04-11,14,14:06,15:20,74,3,9홀,70000
2025-04-11,11,17:06,18:20,74,1,레슨,40000
2025-04-11,12,17:43,18:38,55,2,9홀,70000
2025-04-11,13,17:51,19:52,121,3,18홀,50000
2025-04-11,5,17:57,20:48,171,4,18홀,70000
2025-04-11,2,18:17,20:57,160,3,18홀,60000
2025-04-11,1,18:42,19:22,40,2,연습,65000
2025-04-11,10,18:56,21:38,162,2,18홀,45000
2025-04-11,7,19:25,21:07,102,4,18홀,55000
2025-04-11,11,19:55,22:42,167,1,18홀,80000
2025-04-11,8,20:04,22:53,169,2,18홀,45000
2025-04-11,13,20:26,21:18,52,2,레슨,65000
2025-04-12,7,10:00,11:59,119,1,18홀,70000
2025-04-12,8,10:56,13:16,140,2,18홀,60000
2025-04-12,4,11:52,13:38,106,3,18홀,45000
2025-04-12,13,12:13,13:14,61,2,9홀,50000
2025-04-12,5,14:41,15:41,60,1,연습,60000
2025-04-12,12,14:41,16:55,134,2,18홀,40000
2025-04-12,1,15:12,15:44,32,2,연습,55000
2025-04-12,9,15:45,18:03,138,1,18홀,55000
2025-04-12,10,16:14,18:12,118,3,18홀,55000
2025-04-12,8,17:14,18:14,60,1,연습,55000
2025-04-12,5,17:30,18:50,80,1,레슨,45000
2025-04-12,7,17:40,20:34,174,2,18홀,50000
2025-04-12,10,18:30,20:48,138,4,18홀,70000
2025-04-12,6,18:46,19:44,58,3,레슨,40000
2025-04-12,12,20:22,21:39,77,4,9홀,80000
2025-04-13,13,11:40,13:10,90,2,9홀,50000
2025-04-13,11,12:08,14:56,168,2,18홀,50000
2025-04-13,10,12:13,14:45,152,3,18홀,80000
2025-04-13,8,12:15,13:26,71,1,9홀,80000
2025-04-13,9,12:58,14:38,100,4,18홀,45000
2025-04-13,7,14:32,16:27,115,3,18홀,70000
2025-04-13,8,15:03,16:45,102,1,18홀,80000
2025-04-13,6,15:29,16:25,56,1,연습,60000
2025-04-13,14,17:46,20:38,172,1,18홀,70000
2025-04-13,8,18:27,19:31,64,1,9홀,65000
2025-04-13,6,18:59,20:47,108,4,18홀,40000
2025-04-13,4,19:07,20:25,78,1,레슨,65000
2025-04-13,11,19:57,20:30,33,1,연습,45000
2025-04-13,1,20:01,21:03,62,3,9홀,55000
2025-04-13,11,22:00,22:50,50,3,레슨,50000
2025-04-14,5,10:00,11:17,77,3,9홀,35000
2025-04-14,10,11:14,12:19,65,3,레슨,45000
2025-04-14,7,11:36,13:22,106,2,18홀,40000
2025-04-14,2,13:45,14:21,36,2,연습,50000
2025-04-14,5,14:17,16:51,154,2,18홀,50000
2025-04-14,12,16:10,17:04,54,1,9홀,50000
2025-04-14,10,17:35,18:30,55,2,연습,45000
2025-04-14,4,17:54,19:47,113,4,18홀,55000
2025-04-14,2,18:52,20:15,83,3,9홀,55000
2025-04-14,3,19:24,20:32,68,3,레슨,50000
2025-04-14,13,21:17,21:57,40,1,연습,40000
2025-04-15,5,11:55,14:46,171,3,18홀,35000
2025-04-15,10,12:46,13:37,51,1,레슨,35000
2025-04-15,14,14:47,15:24,37,1,연습,40000
2025-04-15,7,15:04,17:42,158,2,18홀,40000
2025-04-15,12,15:41,18:37,176,4,18홀,45000
2025-04-15,6,15:58,18:43,165,3,18홀,50000
2025-04-15,10,16:00,17:15,75,2,레슨,55000
2025-04-15,11,18:18,19:45,87,2,9홀,60000
2025-04-15,3,18:23,19:18,55,1,레슨,55000
2025-04-15,4,18:48,21:34,166,2,18홀,55000
2025-04-15,7,19:10,21:44,154,3,18홀,60000
2025-04-15,5,19:34,21:32,118,2,18홀,60000
2025-04-16,4,10:00,11:48,108,3,18홀,40000
2025-04-16,14,12:26,13:35,69,2,레슨,45000
2025-04-16,2,17:01,17:41,40,2,연습,40000
2025-04-16,1,17:30,20:13,163,3,18홀,50000
2025-04-16,5,19:09,20:18,69,2,레슨,45000
2025-04-16,7,21:36,22:50,74,4,9홀,50000
2025-04-17,2,10:00,12:26,146,1,18홀,50000
2025-04-17,9,11:48,13:46,118,3,18홀,50000
2025-04-17,4,13:57,14:49,52,2,9홀,35000
2025-04-17,6,15:48,18:01,133,2,18홀,60000
2025-04-17,3,18:07,20:35,148,4,18홀,60000
2025-04-17,2,18:35,20:37,122,4,18홀,60000
2025-04-17,8,20:24,21:43,79,3,9홀,60000
2025-04-18,2,10:24,11:22,58,2,연습,60000
2025-04-18,10,10:35,12:39,124,3,18홀,65000
2025-04-18,3,14:07,17:07,180,2,18홀,55000
2025-04-18,14,14:11,16:59,168,2,18홀,80000
2025-04-18,11,15:01,16:29,88,4,9홀,45000
2025-04-18,12,15:06,17:46,160,2,18홀,45000
2025-04-18,14,17:35,18:29,54,1,연습,60000
2025-04-18,12,19:25,20:20,55,2,레슨,50000
2025-04-18,8,19:37,20:49,72,2,레슨,55000
2025-04-18,4,19:45,21:51,126,4,18홀,50000
2025-04-18,8,21:56,22:32,36,1,연습,45000
2025-04-19,2,14:14,15:20,66,3,9홀,80000
2025-04-19,7,14:59,16:17,78,3,9홀,40000
2025-04-19,5,15:22,17:24,122,3,18홀,70000
2025-04-19,6,15:38,16:44,66,2,레슨,80000
2025-04-19,2,16:18,18:10,112,1,18홀,55000
2025-04-19,10,16:21,17:04,43,1,연습,45000
2025-04-19,9,16:54,19:16,142,2,18홀,65000
2025-04-19,12,17:06,18:01,55,3,9홀,50000
2025-04-19,6,17:21,20:01,160,2,18홀,65000
2025-04-19,14,17:48,20:28,160,2,18홀,50000
2025-04-19,12,18:14,20:34,140,2,18홀,70000
2025-04-19,4,18:23,19:25,62,1,9홀,40000
2025-04-19,10,18:29,19:37,68,4,9홀,40000
2025-04-19,1,21:19,22:36,77,1,레슨,55000
2025-04-20,8,10:00,12:19,139,2,18홀,45000
2025-04-20,13,10:46,13:08,142,4,18홀,50000
2025-04-20,1,11:26,12:36,70,4,9홀,65000
2025-04-20,14,11:30,12:13,43,2,연습,70000
2025-04-20,11,11:42,14:12,150,2,18홀,50000
2025-04-20,10,12:13,14:35,142,1,18홀,65000
2025-04-20,2,12:16,15:06,170,1,18홀,60000
2025-04-20,5,17:16,19:04,108,2,18홀,55000
2025-04-20,7,17:21,19:59,158,2,18홀,50000
2025-04-20,14,20:10,22:29,139,2,18홀,40000
2025-04-20,8,20:11,21:24,73,1,레슨,70000
2025-04-20,2,20:37,21:19,42,1,연습,50000
2025-04-21,9,10:21,11:48,87,2,9홀,40000
2025-04-21,2,13:13,15:11,118,3,18홀,50000
2025-04-21,11,13:38,16:25,167,3,18홀,50000
2025-04-21,12,15:52,17:43,111,2,18홀,45000
2025-04-21,14,21:20,22:35,75,3,9홀,45000
2025-04-22,8,10:00,12:59,179,4,18홀,45000
2025-04-22,7,10:00,12:52,172,2,18홀,45000
2025-04-22,11,11:46,14:01,135,3,18홀,40000
2025-04-22,7,14:20,16:27,127,4,18홀,45000
2025-04-22,13,17:29,19:22,113,3,18홀,55000
2025-04-22,9,18:41,20:53,132,3,18홀,60000
2025-04-23,6,10:00,12:39,159,4,18홀,50000
2025-04-23,13,14:24,16:45,141,3,18홀,50000
2025-04-23,5,15:04,15:35,31,2,연습,35000
2025-04-23,11,16:43,18:33,110,3,18홀,55000
2025-04-23,2,18:03,19:45,102,2,18홀,60000
2025-04-23,4,18:25,21:01,156,3,18홀,55000
2025-04-23,14,18:51,19:45,54,3,레슨,45000
2025-04-23,11,20:18,20:53,35,2,연습,60000
2025-04-24,14,11:31,14:07,156,2,18홀,45000
2025-04-24,10,17:20,18:38,78,1,9홀,45000
2025-04-24,8,17:21,19:12,111,4,18홀,40000
2025-04-24,4,18:08,19:02,54,2,연습,45000
2025-04-24,14,18:35,19:37,62,2,9홀,40000
2025-04-24,1,18:56,20:57,121,3,18홀,45000
2025-04-24,12,19:44,20:54,70,3,9홀,60000
2025-04-24,3,20:30,21:30,60,1,연습,40000
2025-04-25,1,10:00,11:10,70,3,9홀,70000
2025-04-25,9,10:00,12:29,149,1,18홀,65000
2025-04-25,2,10:00,11:29,89,4,9홀,65000
2025-04-25,14,11:22,13:34,132,4,18홀,45000
2025-04-25,8,12:13,12:52,39,2,연습,45000
2025-04-25,2,13:01,15:10,129,2,18홀,40000
2025-04-25,6,13:09,14:00,51,2,연습,80000
2025-04-25,7,13:12,14:32,80,3,9홀,40000
2025-04-25,13,13:58,15:00,62,2,레슨,55000
2025-04-25,10,14:52,17:02,130,2,18홀,60000
2025-04-25,11,14:58,15:52,54,1,연습,40000
2025-04-25,5,15:08,16:29,81,2,9홀,80000
2025-04-25,6,15:21,17:43,142,3,18홀,50000
2025-04-25,8,16:33,17:25,52,3,9홀,65000
2025-04-25,1,18:33,21:09,156,4,18홀,45000
2025-04-25,14,18:44,20:52,128,3,18홀,55000
2025-04-25,12,20:03,22:07,124,4,18홀,60000
2025-04-25,11,21:06,22:57,111,2,18홀,70000
2025-04-26,5,10:00,12:34,154,3,18홀,80000
2025-04-26,11,10:00,12:34,154,2,18홀,40000
2025-04-26,4,10:56,12:16,80,3,레슨,50000
2025-04-26,9,11:41,12:33,52,1,레슨,45000
2025-04-26,14,12:17,13:20,63,2,레슨,50000
2025-04-26,3,13:28,14:56,88,2,9홀,80000
2025-04-26,7,13:31,14:21,50,2,레슨,50000
2025-04-26,13,14:28,16:08,100,3,18홀,45000
2025-04-26,2,14:43,17:15,152,4,18홀,60000
2025-04-26,6,14:44,15:43,59,2,레슨,70000
2025-04-26,4,15:00,15:52,52,1,레슨,55000
2025-04-26,8,15:47,16:47,60,1,연습,80000
2025-04-26,7,16:07,18:11,124,3,18홀,55000
2025-04-26,14,17:13,18:23,70,2,레슨,65000
2025-04-26,10,17:36,20:22,166,4,18홀,80000
2025-04-26,4,17:41,18:34,53,1,연습,40000
2025-04-26,1,17:45,19:15,90,2,9홀,60000
2025-04-26,5,18:08,19:28,80,1,레슨,45000
2025-04-26,3,18:24,20:05,101,2,18홀,70000
2025-04-26,4,19:09,21:51,162,3,18홀,55000
2025-04-26,12,19:35,20:44,69,3,9홀,70000
2025-04-26,14,20:40,21:43,63,1,9홀,80000
2025-04-26,2,20:48,21:42,54,2,연습,60000
2025-04-27,11,10:00,10:46,46,2,연습,50000
2025-04-27,3,10:00,12:02,122,2,18홀,50000
2025-04-27,9,10:26,13:10,164,2,18홀,80000
2025-04-27,6,11:14,13:17,123,3,18홀,45000
2025-04-27,5,15:01,17:02,121,2,18홀,40000
2025-04-27,7,15:39,17:20,101,3,18홀,70000
2025-04-27,1,16:20,17:14,54,3,9홀,45000
2025-04-27,12,16:25,18:17,112,2,18홀,40000
2025-04-27,3,16:36,19:01,145,3,18홀,65000
2025-04-27,11,17:07,19:28,141,3,18홀,65000
2025-04-27,8,17:23,18:44,81,2,9홀,55000
2025-04-27,10,17:46,19:26,100,3,18홀,50000
2025-04-27,6,17:50,19:00,70,2,9홀,70000
2025-04-27,14,17:56,20:42,166,2,18홀,40000
2025-04-27,13,18:25,19:30,65,3,9홀,55000
2025-04-27,1,18:29,19:22,53,2,연습,40000
2025-04-27,12,18:49,21:07,138,2,18홀,50000
2025-04-27,3,19:19,20:12,53,1,연습,40000
2025-04-27,9,19:27,20:38,71,2,레슨,70000
2025-04-27,8,19:58,21:49,111,2,18홀,50000
2025-04-27,10,20:03,21:23,80,1,레슨,60000
2025-04-28,4,10:20,11:34,74,3,9홀,35000
2025-04-28,12,11:36,13:33,117,1,18홀,40000
2025-04-28,14,13:02,14:06,64,3,9홀,50000
2025-04-28,5,15:55,18:08,133,2,18홀,60000
2025-04-28,11,16:27,17:26,59,2,연습,50000
2025-04-28,12,16:48,19:08,140,2,18홀,45000
2025-04-28,14,16:54,18:21,87,3,9홀,50000
2025-04-28,4,17:10,19:56,166,2,18홀,55000
2025-04-28,7,17:29,19:58,149,3,18홀,55000
2025-04-28,3,18:09,21:05,176,2,18홀,40000
2025-04-28,6,19:11,20:11,60,2,레슨,60000
2025-04-28,8,19:29,20:23,54,2,레슨,55000
2025-04-28,13,19:57,21:07,70,2,레슨,60000
2025-04-28,3,21:41,22:12,31,2,연습,50000
2025-04-29,14,14:02,15:48,106,3,18홀,50000
2025-04-29,9,17:52,18:52,60,2,9홀,45000
2025-04-29,10,18:23,21:16,173,2,18홀,50000
2025-04-29,7,19:31,20:32,61,2,레슨,60000
2025-04-29,14,19:33,21:00,87,3,9홀,50000
2025-04-29,13,19:39,20:47,68,1,9홀,40000
2025-04-30,13,11:24,13:30,126,3,18홀,45000
2025-04-30,2,12:26,14:52,146,2,18홀,35000
2025-04-30,1,15:14,16:05,51,1,연습,45000
2025-04-30,6,15:29,18:29,180,2,18홀,45000
2025-04-30,2,17:29,18:24,55,2,레슨,45000
2025-04-30,12,19:01,19:46,45,2,연습,60000
2025-04-30,11,19:23,20:17,54,2,연습,50000
2025-04-30,12,20:09,20:47,38,1,연습,50000
2025-05-01,2,10:00,11:54,114,3,18홀,50000
2025-05-01,11,10:00,11:42,102,2,18홀,50000
2025-05-01,8,10:29,13:24,175,4,18홀,45000
2025-05-01,9,13:29,16:00,151,1,18홀,35000
2025-05-01,3,15:07,15:46,39,1,연습,35000
2025-05-01,2,15:31,17:37,126,4,18홀,40000
2025-05-01,10,16:11,17:51,100,2,18홀,50000
2025-05-01,13,17:27,20:20,173,1,18홀,40000
2025-05-02,1,10:52,13:26,154,2,18홀,80000
2025-05-02,2,11:50,12:42,52,2,9홀,50000
2025-05-02,4,13:14,14:38,84,3,9홀,60000
2025-05-02,5,14:15,16:25,130,2,18홀,55000
2025-05-02,10,14:33,16:01,88,3,9홀,70000
2025-05-02,11,15:22,17:19,117,3,18홀,60000
2025-05-02,8,16:26,17:24,58,3,9홀,55000
2025-05-02,3,17:53,19:07,74,3,9홀,45000
2025-05-02,8,18:55,21:28,153,2,18홀,60000
2025-05-02,10,19:05,20:22,77,1,9홀,60000
2025-05-02,4,19:40,21:10,90,3,9홀,40000
2025-05-02,2,19:41,21:30,109,3,18홀,40000
2025-05-02,14,21:29,22:01,32,1,연습,55000
2025-05-03,14,10:35,11:42,67,2,9홀,55000
2025-05-03,7,12:23,14:51,148,3,18홀,60000
2025-05-03,13,12:59,15:01,122,3,18홀,45000
2025-05-03,8,14:14,16:00,106,2,18홀,70000
2025-05-03,6,14:36,15:29,53,2,레슨,50000
2025-05-03,11,14:41,16:37,116,1,18홀,50000
2025-05-03,14,14:48,17:24,156,2,18홀,50000
2025-05-03,3,15:12,15:57,45,1,연습,40000
2025-05-03,13,16:12,17:17,65,3,9홀,40000
2025-05-03,5,16:43,17:29,46,2,연습,60000
2025-05-03,2,17:25,18:19,54,1,연습,60000
2025-05-03,11,18:09,20:00,111,1,18홀,55000
2025-05-04,13,11:02,12:27,85,4,9홀,50000
2025-05-04,6,12:06,14:40,154,4,18홀,50000
2025-05-04,10,12:14,14:45,151,4,18홀,40000
2025-05-04,12,13:45,14:36,51,1,연습,70000
2025-05-04,3,13:46,16:43,177,2,18홀,55000
2025-05-04,8,15:27,18:16,169,3,18홀,55000
2025-05-04,10,15:58,18:56,178,2,18홀,50000
2025-05-04,7,16:50,17:48,58,3,9홀,45000
2025-05-04,11,17:04,18:26,82,1,9홀,40000
2025-05-04,14,17:18,18:21,63,2,9홀,45000
2025-05-04,12,17:27,19:51,144,1,18홀,50000
2025-05-04,2,17:31,18:06,35,2,연습,60000
2025-05-04,13,19:54,20:44,50,1,레슨,50000
2025-05-04,2,19:56,20:41,45,1,연습,55000
2025-05-04,7,20:23,21:04,41,2,연습,45000
2025-05-04,14,20:43,21:39,56,2,9홀,65000
2025-05-04,6,21:06,22:23,77,2,9홀,55000
2025-05-05,4,16:14,18:14,120,4,18홀,45000
2025-05-05,7,17:07,17:59,52,3,9홀,50000
2025-05-05,9,18:28,19:25,57,3,9홀,55000
2025-05-05,10,18:42,21:03,141,2,18홀,45000
2025-05-05,6,20:10,22:45,155,3,18홀,45000
2025-05-05,7,20:27,22:13,106,4,18홀,55000
2025-05-05,3,20:27,22:09,102,3,18홀,50000
2025-05-06,4,11:59,14:43,164,4,18홀,40000
2025-05-06,12,12:33,14:46,133,2,18홀,35000
2025-05-06,3,13:14,13:51,37,1,연습,40000
2025-05-06,5,13:44,15:53,129,1,18홀,45000
2025-05-06,1,17:42,19:40,118,1,18홀,55000
2025-05-06,10,18:22,20:50,148,3,18홀,45000
2025-05-06,8,19:16,21:24,128,1,18홀,45000
2025-05-06,4,20:58,22:10,72,4,9홀,60000
2025-05-06,5,21:09,21:59,50,1,연습,40000
2025-05-07,1,10:00,11:45,105,2,18홀,35000
2025-05-07,2,12:16,13:14,58,1,레슨,40000
2025-05-07,7,16:15,19:05,170,3,18홀,45000
2025-05-07,5,16:48,17:49,61,1,레슨,40000
2025-05-07,11,18:36,20:03,87,2,9홀,40000
2025-05-07,7,20:00,21:03,63,4,9홀,45000
2025-05-08,2,10:00,13:00,180,3,18홀,50000
2025-05-08,3,12:24,14:28,124,4,18홀,50000
2025-05-08,13,15:14,16:23,69,3,9홀,35000
2025-05-08,4,15:45,17:30,105,3,18홀,40000
2025-05-08,7,16:15,17:40,85,3,9홀,50000
2025-05-09,8,10:00,12:35,155,3,18홀,70000
2025-05-09,5,12:21,14:22,121,2,18홀,80000
2025-05-09,9,13:26,15:30,124,2,18홀,45000
2025-05-09,4,14:08,16:08,120,4,18홀,80000
2025-05-09,7,15:07,15:54,47,1,연습,45000
2025-05-09,5,15:19,17:36,137,4,18홀,80000
2025-05-09,6,15:56,17:02,66,3,레슨,40000
2025-05-09,2,16:16,17:23,67,2,9홀,50000
2025-05-09,11,16:40,19:40,180,3,18홀,70000
2025-05-09,7,16:45,17:38,53,3,9홀,80000
2025-05-09,14,16:49,19:13,144,2,18홀,70000
2025-05-09,5,18:14,20:35,141,2,18홀,55000
2025-05-09,10,18:22,19:20,58,2,9홀,55000
2025-05-09,4,18:27,21:02,155,1,18홀,40000
2025-05-09,6,18:55,19:55,60,2,연습,60000
2025-05-09,1,18:55,19:56,61,3,9홀,65000
2025-05-10,14,10:00,12:38,158,2,18홀,50000
2025-05-10,11,10:48,12:08,80,1,레슨,40000
2025-05-10,12,10:48,12:50,122,1,18홀,65000
2025-05-10,8,11:49,14:23,154,2,18홀,55000
2025-05-10,14,13:05,15:19,134,3,18홀,60000
2025-05-10,2,13:12,14:53,101,2,18홀,60000
2025-05-10,1,13:12,14:53,101,2,18홀,40000
2025-05-10,9,13:44,15:37,113,2,18홀,70000
2025-05-10,8,16:39,17:53,74,2,레슨,70000
2025-05-10,3,17:25,19:07,102,2,18홀,80000
2025-05-10,1,18:05,18:59,54,2,레슨,65000
2025-05-10,2,18:27,20:53,146,2,18홀,60000
2025-05-10,9,18:53,20:46,113,3,18홀,60000
2025-05-10,6,19:03,19:37,34,1,연습,40000
2025-05-10,14,19:07,19:41,34,1,연습,55000
2025-05-10,10,19:21,20:12,51,2,연습,80000
2025-05-10,14,20:09,21:37,88,2,9홀,65000
2025-05-11,6,10:00,11:29,89,2,9홀,65000
2025-05-11,3,11:04,13:02,118,3,18홀,50000
2025-05-11,5,11:29,12:40,71,2,레슨,50000
2025-05-11,2,12:48,14:04,76,3,레슨,50000
2025-05-11,8,13:20,14:19,59,2,9홀,45000
2025-05-11,13,13:53,16:22,149,3,18홀,65000
2025-05-11,7,14:14,15:03,49,2,연습,50000
2025-05-11,10,14:26,15:07,41,1,연습,45000
2025-05-11,5,15:22,17:48,146,2,18홀,60000
2025-05-11,4,15:40,16:47,67,1,레슨,45000
2025-05-11,9,16:36,19:30,174,1,18홀,60000
2025-05-11,14,16:45,17:31,46,2,연습,55000
2025-05-11,2,16:47,18:07,80,3,레슨,55000
2025-05-11,1,17:27,19:25,118,2,18홀,60000
2025-05-11,14,18:15,21:12,177,1,18홀,55000
2025-05-11,8,18:20,19:18,58,4,9홀,65000
2025-05-11,3,18:42,20:58,136,4,18홀,50000
2025-05-11,4,18:47,19:24,37,2,연습,80000
2025-05-11,6,18:57,19:56,59,1,9홀,45000
2025-05-11,11,19:20,20:40,80,3,9홀,60000
2025-05-11,13,19:24,19:58,34,2,연습,55000
2025-05-11,10,20:49,21:40,51,2,연습,55000
2025-05-11,4,20:57,22:01,64,4,9홀,80000
2025-05-12,3,10:11,12:19,128,4,18홀,50000
2025-05-12,12,10:22,11:22,60,1,연습,40000
2025-05-12,11,12:59,14:04,65,3,레슨,40000
2025-05-12,12,13:51,15:37,106,2,18홀,35000
2025-05-12,6,15:37,17:30,113,1,18홀,50000
2025-05-12,11,16:37,18:56,139,3,18홀,45000
2025-05-12,3,17:07,19:17,130,3,18홀,45000
2025-05-12,2,17:50,18:50,60,2,9홀,40000
2025-05-12,7,19:11,20:02,51,3,레슨,50000
2025-05-13,7,10:00,12:25,145,2,18홀,35000
2025-05-13,1,10:00,12:44,164,3,18홀,40000
2025-05-13,5,10:36,12:53,137,1,18홀,45000
2025-05-13,3,11:12,12:05,53,1,연습,35000
2025-05-13,14,12:37,14:46,129,3,18홀,50000
2025-05-13,12,14:16,17:00,164,3,18홀,50000
2025-05-13,6,16:05,18:28,143,1,18홀,55000
2025-05-13,11,18:43,21:26,163,2,18홀,40000
2025-05-13,10,19:44,20:21,37,2,연습,55000
2025-05-13,3,20:07,21:00,53,2,레슨,40000
2025-05-13,6,20:34,21:34,60,2,9홀,40000
2025-05-14,5,10:00,12:02,122,4,18홀,50000
2025-05-14,2,12:26,13:36,70,1,레슨,45000
2025-05-14,14,16:45,18:00,75,3,9홀,40000
2025-05-14,3,18:57,21:48,171,2,18홀,55000
2025-05-14,2,19:08,22:00,172,2,18홀,40000
2025-05-14,11,20:15,21:28,73,3,9홀,60000
2025-05-14,12,20:44,21:36,52,3,9홀,45000
2025-05-15,6,14:10,15:21,71,2,레슨,50000
2025-05-15,3,14:36,15:29,53,3,레슨,50000
2025-05-15,5,15:25,16:19,54,1,연습,50000
2025-05-15,8,18:11,19:22,71,3,9홀,60000
2025-05-15,8,19:54,20:47,53,2,레슨,50000
2025-05-16,4,10:13,11:07,54,2,레슨,60000
2025-05-16,14,11:12,11:43,31,2,연습,40000
2025-05-16,1,11:40,13:26,106,2,18홀,50000
2025-05-16,3,12:48,14:38,110,3,18홀,60000
2025-05-16,10,13:57,15:15,78,3,9홀,70000
2025-05-16,2,14:35,15:36,61,2,9홀,80000
2025-05-16,13,15:02,17:37,155,4,18홀,45000
2025-05-16,7,15:17,16:17,60,3,9홀,65000
2025-05-16,10,16:44,18:33,109,2,18홀,65000
2025-05-16,5,18:01,20:57,176,2,18홀,55000
2025-05-16,14,18:08,20:45,157,3,18홀,65000
2025-05-16,10,18:56,21:49,173,1,18홀,50000
2025-05-16,4,19:05,20:49,104,3,18홀,55000
2025-05-16,7,19:06,20:03,57,3,9홀,50000
2025-05-16,8,19:16,20:06,50,3,9홀,65000
2025-05-16,11,20:26,21:48,82,3,9홀,65000
2025-05-16,9,20:31,21:43,72,2,9홀,40000
2025-05-17,6,10:00,12:38,158,3,18홀,80000
2025-05-17,8,11:12,14:01,169,4,18홀,55000
2025-05-17,1,12:24,14:15,111,2,18홀,60000
2025-05-17,13,13:26,14:16,50,2,연습,55000
2025-05-17,10,14:51,17:27,156,3,18홀,65000
2025-05-17,6,15:50,18:34,164,2,18홀,70000
2025-05-17,2,15:54,17:59,125,4,18홀,70000
2025-05-17,14,17:08,17:44,36,1,연습,60000
2025-05-17,8,17:17,18:20,63,3,레슨,40000
2025-05-17,11,17:30,19:29,119,2,18홀,70000
2025-05-17,1,18:26,19:17,51,1,연습,45000
2025-05-17,9,18:51,19:28,37,2,연습,40000
2025-05-17,13,19:32,20:28,56,1,연습,70000
2025-05-17,7,19:43,20:36,53,1,연습,40000
2025-05-17,14,20:00,20:37,37,1,연습,45000
2025-05-17,5,20:41,21:37,56,2,연습,40000
2025-05-18,1,10:29,12:20,111,1,18홀,70000
2025-05-18,13,12:03,13:46,103,3,18홀,70000
2025-05-18,12,12:40,14:36,116,2,18홀,40000
2025-05-18,9,14:11,16:29,138,3,18홀,40000
2025-05-18,13,14:15,17:15,180,2,18홀,65000
2025-05-18,5,15:21,17:14,113,4,18홀,45000
2025-05-18,12,15:58,16:52,54,1,연습,60000
2025-05-18,7,16:28,18:17,109,2,18홀,70000
2025-05-18,9,17:03,19:55,172,2,18홀,55000
2025-05-18,10,17:04,19:10,126,4,18홀,45000
2025-05-18,8,17:40,18:55,75,2,레슨,70000
2025-05-18,3,18:03,19:18,75,1,레슨,45000
2025-05-18,14,18:48,20:00,72,2,9홀,70000
2025-05-18,2,19:14,21:21,127,1,18홀,60000
2025-05-18,5,19:30,21:38,128,2,18홀,80000
2025-05-18,11,19:58,20:55,57,3,9홀,80000
2025-05-18,12,20:45,22:36,111,3,18홀,70000
2025-05-19,7,10:00,11:03,63,1,레슨,50000
2025-05-19,2,10:56,13:11,135,2,18홀,40000
2025-05-19,9,11:25,14:07,162,3,18홀,50000
2025-05-19,12,15:52,18:37,165,2,18홀,50000
2025-05-19,2,16:03,17:13,70,3,9홀,45000
2025-05-19,3,17:16,18:29,73,2,9홀,40000
2025-05-19,11,18:57,21:19,142,4,18홀,60000
2025-05-19,2,19:02,20:17,75,4,9홀,60000
2025-05-19,7,19:31,20:26,55,1,연습,50000
2025-05-19,8,19:59,21:12,73,1,9홀,40000
2025-05-20,13,11:11,14:02,171,3,18홀,50000
2025-05-20,10,11:28,13:57,149,3,18홀,40000
2025-05-20,6,13:55,14:46,51,1,연습,50000
2025-05-20,1,15:10,17:53,163,3,18홀,55000
2025-05-20,11,16:31,19:08,157,3,18홀,45000
2025-05-20,5,18:33,21:26,173,3,18홀,45000
2025-05-20,3,19:24,22:03,159,1,18홀,45000
2025-05-21,1,10:00,12:23,143,3,18홀,45000
2025-05-21,13,15:06,17:36,150,3,18홀,50000
2025-05-21,2,15:11,17:38,147,2,18홀,60000
2025-05-21,5,15:55,16:48,53,2,연습,45000
2025-05-21,12,16:22,18:26,124,4,18홀,60000
2025-05-21,14,16:23,16:55,32,1,연습,40000
2025-05-21,8,16:24,18:21,117,2,18홀,55000
2025-05-21,10,16:35,18:48,133,2,18홀,45000
2025-05-21,3,16:39,18:52,133,4,18홀,60000
2025-05-21,9,18:45,20:42,117,2,18홀,55000
2025-05-22,11,10:00,12:54,174,3,18홀,35000
2025-05-22,12,10:15,13:08,173,4,18홀,45000
2025-05-22,5,17:06,19:31,145,3,18홀,40000
2025-05-22,2,17:37,18:57,80,3,9홀,40000
2025-05-22,6,17:56,20:39,163,3,18홀,55000
2025-05-22,13,18:52,21:47,175,3,18홀,60000
2025-05-22,4,20:00,21:16,76,1,레슨,50000
2025-05-23,3,10:00,11:19,79,4,9홀,45000
2025-05-23,9,10:00,12:26,146,3,18홀,55000
2025-05-23,8,10:00,11:48,108,3,18홀,70000
2025-05-23,2,10:00,11:58,118,2,18홀,60000
2025-05-23,13,11:28,13:27,119,1,18홀,45000
2025-05-23,4,12:03,13:04,61,2,레슨,55000
2025-05-23,1,12:08,13:03,55,2,레슨,70000
2025-05-23,2,12:42,13:55,73,3,9홀,40000
2025-05-23,7,14:04,16:57,173,3,18홀,50000
2025-05-23,6,14:04,16:15,131,1,18홀,50000
2025-05-23,9,14:26,15:49,83,2,9홀,55000
2025-05-23,4,14:46,15:22,36,1,연습,40000
2025-05-23,5,14:53,17:07,134,3,18홀,60000
2025-05-23,10,15:48,16:52,64,2,9홀,65000
2025-05-23,13,16:52,18:22,90,3,9홀,80000
2025-05-23,12,17:40,19:43,123,3,18홀,40000
2025-05-23,11,18:08,20:09,121,2,18홀,60000
2025-05-23,1,19:56,21:15,79,3,9홀,70000
2025-05-24,2,11:20,13:22,122,3,18홀,70000
2025-05-24,9,12:39,15:35,176,3,18홀,65000
2025-05-24,1,13:10,15:50,160,3,18홀,40000
2025-05-24,7,14:41,16:33,112,3,18홀,60000
2025-05-24,11,15:02,16:06,64,3,9홀,80000
2025-05-24,8,15:23,17:48,145,2,18홀,80000
2025-05-24,12,15:31,16:55,84,2,9홀,45000
2025-05-24,10,16:17,18:28,131,2,18홀,40000
2025-05-24,4,16:29,18:27,118,2,18홀,80000
2025-05-24,2,16:45,18:49,124,4,18홀,80000
2025-05-24,5,17:49,19:09,80,3,레슨,50000
2025-05-24,6,17:59,20:42,163,3,18홀,40000
2025-05-24,11,18:06,20:41,155,2,18홀,70000
2025-05-24,14,18:22,19:33,71,4,9홀,40000
2025-05-24,1,18:39,19:48,69,4,9홀,45000
2025-05-24,14,20:06,21:35,89,2,9홀,70000
2025-05-24,2,20:53,22:20,87,2,9홀,65000
2025-05-24,1,21:14,22:08,54,1,9홀,40000
2025-05-25,13,15:01,17:25,144,4,18홀,50000
2025-05-25,4,15:50,18:30,160,3,18홀,65000
2025-05-25,14,16:23,17:04,41,1,연습,70000
2025-05-25,12,16:32,18:45,133,2,18홀,80000
2025-05-25,7,17:19,18:18,59,2,9홀,60000
2025-05-25,9,18:16,20:28,132,2,18홀,40000
2025-05-25,11,18:18,20:36,138,2,18홀,70000
2025-05-25,13,19:33,20:24,51,2,연습,65000
2025-05-25,7,19:50,21:09,79,3,9홀,45000
2025-05-25,10,20:27,21:00,33,2,연습,45000
2025-05-25,13,20:42,21:26,44,2,연습,50000
2025-05-25,11,21:24,21:56,32,2,연습,65000
2025-05-26,9,10:23,11:21,58,1,9홀,50000
2025-05-26,11,14:01,14:35,34,1,연습,45000
2025-05-26,2,15:48,17:04,76,1,레슨,40000
2025-05-26,3,16:24,18:46,142,3,18홀,45000
2025-05-26,5,16:51,19:42,171,4,18홀,45000
2025-05-26,13,18:34,19:27,53,3,9홀,50000
2025-05-26,7,18:59,21:17,138,4,18홀,40000
2025-05-26,1,19:43,21:37,114,3,18홀,45000
2025-05-27,4,10:00,12:46,166,2,18홀,40000
2025-05-27,8,11:34,14:18,164,4,18홀,45000
2025-05-27,3,13:35,14:50,75,4,9홀,45000
2025-05-27,10,14:27,15:56,89,3,9홀,45000
2025-05-27,13,15:24,17:27,123,2,18홀,50000
2025-05-27,5,16:03,18:43,160,3,18홀,55000
2025-05-27,8,18:17,20:56,159,1,18홀,50000
2025-05-27,5,19:24,20:25,61,2,레슨,40000
2025-05-27,9,20:26,21:19,53,2,레슨,40000
2025-05-28,1,10:54,13:53,179,4,18홀,35000
2025-05-28,5,14:35,15:53,78,3,레슨,45000
2025-05-28,4,16:32,17:54,82,4,9홀,45000
2025-05-28,11,16:32,19:13,161,3,18홀,60000
2025-05-28,7,17:21,18:40,79,4,9홀,40000
2025-05-28,3,17:52,18:38,46,1,연습,60000
2025-05-28,14,18:04,20:47,163,3,18홀,50000
2025-05-28,13,18:49,19:47,58,3,9홀,55000
2025-05-28,1,19:50,20:22,32,1,연습,40000
2025-05-29,12,10:00,11:53,113,3,18홀,35000
2025-05-29,1,10:00,10:59,59,1,연습,35000
2025-05-29,11,10:50,13:26,156,4,18홀,35000
2025-05-29,7,12:50,13:46,56,4,9홀,40000
2025-05-29,8,15:12,17:17,125,3,18홀,60000
2025-05-29,7,15:37,17:42,125,1,18홀,40000
2025-05-29,2,15:47,18:47,180,1,18홀,50000
2025-05-29,10,17:31,19:11,100,2,18홀,60000
2025-05-29,10,20:18,21:14,56,2,레슨,50000
2025-05-29,3,20:55,22:24,89,3,9홀,45000
2025-05-30,10,10:00,10:57,57,1,연습,70000
2025-05-30,8,10:00,10:56,56,1,9홀,50000
2025-05-30,14,11:43,12:34,51,4,9홀,70000
2025-05-30,2,11:52,13:06,74,4,9홀,65000
2025-05-30,4,13:25,16:13,168,2,18홀,40000
2025-05-30,11,14:26,17:15,169,4,18홀,65000
2025-05-30,14,15:33,18:06,153,4,18홀,55000
2025-05-30,2,15:57,18:07,130,2,18홀,50000
2025-05-30,6,16:51,17:42,51,2,9홀,65000
2025-05-30,4,16:53,17:46,53,4,9홀,60000
2025-05-30,8,16:56,18:16,80,1,레슨,40000
2025-05-30,8,18:42,21:30,168,3,18홀,60000
2025-05-30,4,19:05,21:34,149,3,18홀,65000
2025-05-30,11,19:25,20:31,66,2,레슨,65000
2025-05-30,1,19:34,20:38,64,3,9홀,70000
2025-05-30,3,19:42,21:36,114,2,18홀,55000
2025-05-30,2,20:40,22:49,129,4,18홀,70000
2025-05-30,6,21:00,22:17,77,1,9홀,65000
2025-05-31,1,10:00,11:47,107,3,18홀,65000
2025-05-31,7,10:00,10:52,52,4,9홀,70000
2025-05-31,10,10:00,12:57,177,3,18홀,80000
2025-05-31,5,10:00,12:12,132,3,18홀,50000
2025-05-31,13,13:00,14:04,64,4,9홀,70000
2025-05-31,8,13:04,14:50,106,2,18홀,65000
2025-05-31,5,13:12,14:17,65,3,9홀,60000
2025-05-31,4,13:24,15:21,117,3,18홀,70000
2025-05-31,3,14:02,15:57,115,4,18홀,55000
2025-05-31,2,15:02,16:12,70,2,레슨,45000
2025-05-31,14,15:03,17:17,134,2,18홀,55000
2025-05-31,11,16:08,17:55,107,3,18홀,50000
2025-05-31,2,17:47,20:22,155,1,18홀,45000
2025-05-31,1,18:52,19:34,42,1,연습,70000
2025-05-31,8,19:40,20:31,51,4,9홀,45000
2025-05-31,14,20:06,21:49,103,4,18홀,50000
2025-06-01,7,10:00,11:53,113,4,18홀,50000
2025-06-01,12,12:18,13:21,63,1,레슨,40000
2025-06-01,3,13:07,13:51,44,1,연습,45000
2025-06-01,14,13:49,14:44,55,2,9홀,60000
2025-06-01,2,15:10,16:38,88,3,9홀,50000
2025-06-01,8,15:31,18:10,159,3,18홀,55000
2025-06-01,14,15:38,18:10,152,2,18홀,45000
2025-06-01,1,15:50,18:49,179,2,18홀,50000
2025-06-01,5,15:58,16:29,31,1,연습,50000
2025-06-01,10,16:21,17:27,66,1,9홀,40000
2025-06-01,6,16:28,19:18,170,4,18홀,40000
2025-06-01,12,16:48,18:51,123,3,18홀,50000
2025-06-01,5,16:53,19:18,145,2,18홀,50000
2025-06-01,2,17:05,19:49,164,2,18홀,70000
2025-06-01,3,17:16,18:10,54,3,9홀,45000
2025-06-01,4,17:21,18:27,66,3,9홀,45000
2025-06-01,13,18:40,20:06,86,3,9홀,70000
2025-06-01,4,19:43,22:38,175,4,18홀,45000
2025-06-01,7,19:52,20:51,59,2,9홀,50000
2025-06-01,6,20:05,21:03,58,2,연습,40000
2025-06-01,3,20:50,22:19,89,1,9홀,40000
2025-06-02,14,12:24,13:27,63,3,9홀,35000
2025-06-02,11,13:47,16:39,172,3,18홀,35000
2025-06-02,2,13:57,16:25,148,4,18홀,45000
2025-06-02,12,14:24,17:11,167,3,18홀,55000
2025-06-02,10,15:55,18:05,130,1,18홀,60000
2025-06-02,14,16:19,18:45,146,3,18홀,50000
2025-06-02,5,16:25,17:25,60,3,레슨,60000
2025-06-02,4,16:59,18:04,65,2,9홀,60000
2025-06-02,12,18:04,20:36,152,3,18홀,40000
2025-06-02,13,18:38,21:31,173,4,18홀,45000
2025-06-02,14,19:50,20:27,37,2,연습,45000
2025-06-02,2,20:02,21:13,71,3,9홀,40000
2025-06-03,4,11:22,12:35,73,3,레슨,35000
2025-06-03,2,11:30,12:20,50,1,레슨,35000
2025-06-03,3,12:44,14:45,121,4,18홀,40000
2025-06-03,10,15:32,17:55,143,4,18홀,50000
2025-06-03,12,15:46,16:44,58,3,9홀,45000
2025-06-03,8,16:37,18:26,109,3,18홀,45000
2025-06-03,13,18:18,18:57,39,2,연습,45000
2025-06-03,10,19:23,21:22,119,3,18홀,55000
2025-06-03,8,20:49,21:51,62,2,레슨,55000
2025-06-03,5,21:43,22:39,56,2,9홀,55000
2025-06-04,8,11:05,12:50,105,3,18홀,40000
2025-06-04,7,11:50,12:29,39,2,연습,35000
2025-06-04,5,12:02,12:58,56,2,9홀,35000
2025-06-04,4,13:33,14:54,81,2,9홀,35000
2025-06-04,5,14:13,15:41,88,2,9홀,45000
2025-06-04,3,15:02,17:52,170,3,18홀,55000
2025-06-04,6,15:35,18:24,169,3,18홀,40000
2025-06-04,7,16:28,18:55,147,3,18홀,60000
2025-06-04,2,16:56,19:34,158,3,18홀,55000
2025-06-04,8,17:58,20:23,145,2,18홀,40000
2025-06-04,3,18:56,19:41,45,2,연습,45000
2025-06-05,11,11:34,12:41,67,3,9홀,40000
2025-06-05,5,12:56,15:56,180,3,18홀,45000
2025-06-05,2,14:46,15:38,52,2,9홀,50000
2025-06-05,10,15:06,17:11,125,3,18홀,40000
2025-06-05,4,15:50,18:33,163,3,18홀,45000
2025-06-05,1,16:38,19:24,166,1,18홀,40000
2025-06-05,9,18:17,20:19,122,3,18홀,45000
2025-06-05,11,19:02,21:26,144,4,18홀,40000
2025-06-06,8,10:00,12:17,137,3,18홀,80000
2025-06-06,10,11:01,11:50,49,1,연습,65000
2025-06-06,7,11:12,13:06,114,2,18홀,65000
2025-06-06,5,12:50,14:33,103,4,18홀,60000
2025-06-06,10,13:03,14:18,75,3,9홀,80000
2025-06-06,9,13:24,13:57,33,2,연습,45000
2025-06-06,4,13:25,15:39,134,3,18홀,45000
2025-06-06,14,13:38,16:26,168,4,18홀,50000
2025-06-06,11,14:02,14:44,42,1,연습,65000
2025-06-06,13,14:02,16:21,139,3,18홀,40000
2025-06-06,7,14:04,14:35,31,2,연습,65000
2025-06-06,7,15:11,17:39,148,3,18홀,55000
2025-06-06,9,16:08,17:06,58,4,9홀,70000
2025-06-06,4,16:21,18:07,106,3,18홀,40000
2025-06-06,5,16:33,19:21,168,4,18홀,55000
2025-06-06,4,19:57,21:08,71,4,9홀,45000
2025-06-06,2,20:47,22:29,102,3,18홀,40000
2025-06-06,7,20:55,22:55,120,2,18홀,70000
2025-06-07,12,10:00,11:44,104,4,18홀,40000
2025-06-07,14,11:17,13:06,109,1,18홀,60000
2025-06-07,8,11:30,13:22,112,4,18홀,40000
2025-06-07,3,11:57,12:47,50,2,연습,65000
2025-06-07,10,13:13,14:23,70,2,9홀,50000
2025-06-07,11,13:30,15:58,148,4,18홀,70000
2025-06-07,5,14:28,15:24,56,2,레슨,65000
2025-06-07,13,14:49,17:26,157,2,18홀,55000
2025-06-07,8,14:53,15:25,32,1,연습,65000
2025-06-07,10,15:39,18:16,157,3,18홀,60000
2025-06-07,5,17:00,19:42,162,2,18홀,55000
2025-06-07,2,18:30,19:29,59,3,9홀,55000
2025-06-07,6,18:41,19:47,66,2,레슨,45000
2025-06-07,9,18:48,20:04,76,1,9홀,60000
2025-06-07,7,21:11,22:18,67,2,레슨,60000
2025-06-07,5,21:16,22:13,57,2,연습,50000
2025-06-07,14,21:30,22:36,66,3,레슨,80000
2025-06-08,7,10:09,11:01,52,2,연습,65000
2025-06-08,3,11:07,13:53,166,3,18홀,55000
2025-06-08,9,13:06,14:50,104,3,18홀,60000
2025-06-08,14,13:30,16:05,155,3,18홀,60000
2025-06-08,12,13:55,16:53,178,3,18홀,80000
2025-06-08,8,14:07,15:01,54,1,레슨,40000
2025-06-08,3,14:33,15:59,86,2,9홀,60000
2025-06-08,3,16:27,18:49,142,1,18홀,50000
2025-06-08,5,17:30,19:49,139,3,18홀,80000
2025-06-08,9,18:22,18:57,35,2,연습,70000
2025-06-08,13,19:03,21:27,144,2,18홀,40000
2025-06-08,6,19:52,21:56,124,3,18홀,65000
2025-06-08,11,19:57,20:53,56,3,9홀,80000
2025-06-08,3,20:13,22:02,109,3,18홀,80000
2025-06-08,8,20:46,21:59,73,3,9홀,60000
2025-06-08,13,21:44,22:45,61,2,9홀,60000
2025-06-09,13,12:10,12:50,40,2,연습,50000
2025-06-09,4,13:38,16:36,178,3,18홀,50000
2025-06-09,1,14:45,15:41,56,3,레슨,50000
2025-06-09,2,15:13,17:34,141,3,18홀,40000
2025-06-09,10,16:44,18:54,130,3,18홀,55000
2025-06-09,9,17:05,18:08,63,2,레슨,45000
2025-06-09,6,17:17,19:18,121,4,18홀,55000
2025-06-09,11,18:23,19:24,61,2,레슨,60000
2025-06-09,14,19:04,20:09,65,2,레슨,50000
2025-06-09,4,19:17,21:45,148,2,18홀,60000
2025-06-09,3,19:19,20:09,50,2,연습,55000
2025-06-09,7,19:41,20:55,74,1,레슨,40000
2025-06-09,1,21:17,22:40,83,2,9홀,55000
2025-06-10,1,10:00,11:06,66,1,9홀,35000
2025-06-10,2,10:00,11:20,80,2,9홀,45000
2025-06-10,14,10:00,12:53,173,4,18홀,50000
2025-06-10,10,11:23,12:28,65,1,레슨,50000
2025-06-10,12,13:40,16:38,178,4,18홀,40000
2025-06-10,10,15:07,17:27,140,4,18홀,50000
2025-06-10,2,15:12,17:02,110,3,18홀,50000
2025-06-10,7,15:33,18:31,178,4,18홀,55000
2025-06-10,12,16:56,19:51,175,4,18홀,55000
2025-06-10,4,18:25,21:09,164,2,18홀,50000
2025-06-10,3,18:59,21:13,134,1,18홀,60000
2025-06-10,11,19:47,20:30,43,1,연습,50000
2025-06-10,10,20:48,21:45,57,3,9홀,45000
2025-06-10,2,21:48,22:40,52,2,레슨,40000
2025-06-11,11,12:29,14:49,140,3,18홀,35000
2025-06-11,6,13:23,15:30,127,1,18홀,35000
2025-06-11,13,14:35,16:54,139,3,18홀,45000
2025-06-11,8,15:09,17:28,139,2,18홀,50000
2025-06-11,9,15:15,18:07,172,4,18홀,55000
2025-06-11,5,19:14,20:16,62,3,9홀,45000
2025-06-11,7,19:40,20:35,55,2,9홀,55000
2025-06-12,11,14:36,15:52,76,1,레슨,35000
2025-06-12,10,15:48,16:22,34,2,연습,50000
2025-06-12,13,15:57,16:38,41,1,연습,35000
2025-06-12,8,16:04,18:25,141,2,18홀,40000
2025-06-12,4,16:30,17:25,55,2,9홀,60000
2025-06-12,7,17:05,18:13,68,2,레슨,55000
2025-06-12,10,17:17,18:09,52,3,9홀,45000
2025-06-12,11,18:46,19:46,60,1,레슨,60000
2025-06-12,8,19:10,20:19,69,3,9홀,40000
2025-06-12,9,20:01,21:16,75,2,레슨,45000
2025-06-13,9,11:26,14:10,164,3,18홀,40000
2025-06-13,5,11:49,13:05,76,2,레슨,40000
2025-06-13,6,12:54,14:05,71,3,레슨,65000
2025-06-13,4,14:01,16:53,172,3,18홀,60000
2025-06-13,5,15:08,16:59,111,3,18홀,55000
2025-06-13,14,15:23,18:01,158,2,18홀,70000
2025-06-13,3,15:45,16:33,48,2,연습,45000
2025-06-13,2,16:18,18:36,138,2,18홀,50000
2025-06-13,13,17:25,20:00,155,2,18홀,70000
2025-06-13,8,18:25,20:56,151,3,18홀,65000
2025-06-13,5,18:42,20:34,112,3,18홀,80000
2025-06-13,3,19:19,20:09,50,1,9홀,60000
2025-06-13,9,19:24,20:16,52,2,연습,80000
2025-06-14,11,10:00,12:24,144,2,18홀,70000
2025-06-14,8,10:00,12:58,178,3,18홀,70000
2025-06-14,6,10:10,12:20,130,3,18홀,55000
2025-06-14,1,10:36,13:19,163,2,18홀,40000
2025-06-14,4,11:39,14:02,143,2,18홀,60000
2025-06-14,3,13:04,15:28,144,4,18홀,45000
2025-06-14,10,13:18,14:32,74,2,9홀,70000
2025-06-14,13,13:25,16:07,162,3,18홀,50000
2025-06-14,5,13:51,15:51,120,3,18홀,70000
2025-06-14,7,14:51,15:26,35,1,연습,60000
2025-06-14,11,14:54,17:28,154,2,18홀,45000
2025-06-14,2,15:04,16:21,77,3,9홀,55000
2025-06-14,14,15:18,16:30,72,1,레슨,70000
2025-06-14,8,16:18,19:14,176,3,18홀,60000
2025-06-14,5,16:25,17:52,87,3,9홀,55000
2025-06-14,2,17:25,18:24,59,2,레슨,80000
2025-06-14,5,18:53,19:44,51,2,9홀,40000
2025-06-15,3,11:15,14:03,168,3,18홀,45000
2025-06-15,10,11:28,13:53,145,2,18홀,80000
2025-06-15,6,12:45,13:15,30,2,연습,40000
2025-06-15,11,14:09,16:56,167,1,18홀,80000
2025-06-15,6,15:14,16:12,58,2,연습,50000
2025-06-15,14,17:03,19:26,143,3,18홀,45000
2025-06-15,10,17:59,18:51,52,2,9홀,70000
2025-06-15,13,18:31,20:34,123,4,18홀,70000
2025-06-15,8,19:14,21:41,147,3,18홀,45000
2025-06-15,9,20:05,21:34,89,3,9홀,40000
2025-06-15,14,20:37,21:37,60,1,연습,55000
2025-06-15,5,22:02,22:40,38,2,연습,45000
2025-06-16,1,11:10,13:26,136,2,18홀,35000
2025-06-16,7,15:49,17:37,108,3,18홀,55000
2025-06-16,4,16:43,17:39,56,3,9홀,55000
2025-06-16,5,16:45,17:36,51,1,연습,50000
2025-06-16,11,16:48,18:12,84,2,9홀,60000
2025-06-16,3,18:55,20:07,72,4,9홀,40000
2025-06-16,13,20:12,21:08,56,2,레슨,60000
2025-06-16,12,20:26,21:41,75,3,9홀,50000
2025-06-16,14,20:44,21:39,55,2,9홀,45000
2025-06-16,8,21:09,22:27,78,2,9홀,50000
2025-06-17,10,10:00,12:59,179,3,18홀,50000
2025-06-17,13,12:17,14:33,136,4,18홀,50000
2025-06-17,3,14:28,15:27,59,2,연습,45000
2025-06-17,5,14:41,16:33,112,4,18홀,35000
2025-06-17,14,16:14,17:15,61,3,9홀,55000
2025-06-17,12,18:56,20:26,90,3,9홀,55000
2025-06-17,10,19:16,20:19,63,2,9홀,60000
2025-06-17,7,19:45,20:40,55,1,레슨,40000
2025-06-17,8,19:54,20:31,37,1,연습,50000
2025-06-17,3,21:06,22:25,79,2,9홀,40000
2025-06-17,5,21:47,22:30,43,2,연습,40000
2025-06-18,9,12:04,15:02,178,3,18홀,35000
2025-06-18,6,14:11,15:11,60,1,연습,35000
2025-06-18,6,15:43,16:54,71,2,레슨,50000
2025-06-18,4,16:20,17:07,47,1,연습,45000
2025-06-18,12,19:15,21:17,122,2,18홀,55000
2025-06-19,4,10:53,11:47,54,3,9홀,40000
2025-06-19,9,12:03,13:00,57,3,레슨,50000
2025-06-19,8,14:43,15:43,60,1,9홀,35000
2025-06-19,9,15:02,17:34,152,1,18홀,40000
2025-06-19,14,16:48,19:24,156,2,18홀,55000
2025-06-19,12,18:23,19:23,60,2,연습,55000
2025-06-19,6,19:09,20:05,56,2,연습,55000
2025-06-19,2,20:18,21:21,63,3,레슨,60000
2025-06-19,8,20:45,22:46,121,2,18홀,45000
2025-06-20,5,10:00,12:41,161,2,18홀,60000
2025-06-20,14,10:15,12:53,158,3,18홀,50000
2025-06-20,6,13:02,14:10,68,3,9홀,65000
2025-06-20,14,13:41,15:09,88,2,9홀,60000
2025-06-20,4,14:42,17:36,174,2,18홀,60000
2025-06-20,6,15:54,16:45,51,3,9홀,80000
2025-06-20,3,15:56,17:07,71,1,레슨,80000
2025-06-20,12,16:01,17:01,60,3,9홀,60000
2025-06-20,14,16:20,17:34,74,1,9홀,70000
2025-06-20,3,17:41,18:26,45,2,연습,80000
2025-06-20,7,19:08,20:31,83,3,9홀,50000
2025-06-21,7,10:13,11:08,55,2,레슨,65000
2025-06-21,5,10:33,12:56,143,2,18홀,40000
2025-06-21,12,12:39,14:07,88,2,9홀,70000
2025-06-21,1,13:30,14:38,68,2,레슨,70000
2025-06-21,10,15:34,18:11,157,2,18홀,60000
2025-06-21,9,15:43,17:57,134,4,18홀,80000
2025-06-21,14,16:15,19:09,174,1,18홀,65000
2025-06-21,8,16:21,18:32,131,1,18홀,55000
2025-06-21,11,16:24,17:16,52,4,9홀,40000
2025-06-21,6,16:46,18:42,116,2,18홀,40000
2025-06-21,5,16:53,19:49,176,3,18홀,40000
2025-06-21,1,16:55,19:15,140,3,18홀,70000
2025-06-21,2,17:19,18:44,85,3,9홀,40000
2025-06-21,4,17:26,20:02,156,4,18홀,45000
2025-06-21,7,18:49,19:41,52,2,레슨,45000
2025-06-21,8,19:53,21:09,76,3,9홀,40000
2025-06-21,12,19:58,21:20,82,4,9홀,70000
2025-06-21,2,20:07,21:37,90,3,9홀,70000
2025-06-21,11,20:17,21:39,82,2,9홀,60000
2025-06-21,4,20:26,21:32,66,2,9홀,60000
2025-06-21,6,20:53,22:57,124,2,18홀,60000
2025-06-21,2,22:00,22:51,51,1,연습,45000
2025-06-22,3,10:43,13:36,173,2,18홀,70000
2025-06-22,8,11:45,12:55,70,3,9홀,50000
2025-06-22,4,13:32,14:27,55,1,연습,55000
2025-06-22,13,15:20,16:30,70,2,레슨,65000
2025-06-22,8,16:22,17:26,64,2,9홀,70000
2025-06-22,14,16:31,17:42,71,3,9홀,45000
2025-06-22,12,17:32,19:39,127,2,18홀,55000
2025-06-22,13,17:58,18:46,48,1,연습,40000
2025-06-22,6,18:19,18:50,31,2,연습,40000
2025-06-22,4,18:29,19:20,51,2,9홀,50000
2025-06-22,9,18:50,19:41,51,2,9홀,70000
2025-06-22,12,20:40,22:40,120,4,18홀,80000
2025-06-23,13,14:32,15:52,80,2,레슨,45000
2025-06-23,9,15:47,18:10,143,3,18홀,50000
2025-06-23,10,17:03,18:00,57,1,레슨,55000
2025-06-23,3,18:08,19:05,57,2,9홀,50000
2025-06-23,4,19:07,20:03,56,1,연습,40000
2025-06-24,6,11:48,14:24,156,3,18홀,45000
2025-06-24,13,16:11,17:02,51,4,9홀,60000
2025-06-24,12,17:31,18:44,73,2,9홀,55000
2025-06-24,1,17:35,20:20,165,4,18홀,45000
2025-06-24,6,18:08,19:05,57,1,레슨,55000
2025-06-24,14,18:23,19:29,66,2,9홀,55000
2025-06-24,3,18:45,21:37,172,3,18홀,60000
2025-06-24,9,18:50,19:33,43,2,연습,50000
2025-06-24,7,18:56,20:20,84,3,9홀,40000
2025-06-24,10,18:58,21:51,173,3,18홀,45000
2025-06-24,9,21:43,22:39,56,2,연습,45000
2025-06-25,3,10:00,12:22,142,3,18홀,50000
2025-06-25,8,11:58,12:56,58,1,연습,40000
2025-06-25,4,12:49,13:19,30,1,연습,45000
2025-06-25,11,15:16,16:20,64,3,9홀,35000
2025-06-25,13,16:13,19:06,173,2,18홀,50000
2025-06-25,3,18:50,20:56,126,1,18홀,55000
2025-06-25,7,19:22,21:18,116,2,18홀,45000
2025-06-25,4,21:41,22:45,64,2,9홀,55000
2025-06-26,4,10:31,11:09,38,1,연습,35000
2025-06-26,9,13:54,16:22,148,2,18홀,40000
2025-06-26,1,13:54,14:47,53,3,레슨,40000
2025-06-26,2,15:23,17:51,148,4,18홀,60000
2025-06-26,3,17:24,19:24,120,3,18홀,45000
2025-06-26,5,18:12,19:22,70,4,9홀,55000
2025-06-26,7,18:32,20:57,145,3,18홀,40000
2025-06-26,9,18:47,20:27,100,4,18홀,45000
2025-06-26,11,18:58,20:18,80,4,9홀,40000
2025-06-26,10,19:37,21:52,135,2,18홀,45000
2025-06-26,14,20:27,21:31,64,4,9홀,50000
2025-06-27,1,10:00,12:02,122,3,18홀,55000
2025-06-27,2,11:59,14:39,160,4,18홀,45000
2025-06-27,14,13:09,15:55,166,2,18홀,55000
2025-06-27,8,13:54,15:07,73,3,9홀,45000
2025-06-27,10,14:02,16:02,120,2,18홀,65000
2025-06-27,13,15:48,18:37,169,2,18홀,65000
2025-06-27,6,16:28,17:34,66,3,9홀,45000
2025-06-27,3,17:17,19:41,144,4,18홀,70000
2025-06-27,10,17:28,20:08,160,2,18홀,55000
2025-06-27,1,17:35,18:26,51,4,9홀,80000
2025-06-27,11,17:49,20:08,139,2,18홀,55000
2025-06-27,6,18:24,20:20,116,2,18홀,50000
2025-06-27,8,18:42,20:34,112,2,18홀,55000
2025-06-27,2,18:43,20:12,89,3,9홀,40000
2025-06-27,7,20:22,21:23,61,3,9홀,60000
2025-06-27,9,20:23,21:34,71,2,레슨,50000
2025-06-28,12,10:09,11:08,59,3,9홀,40000
2025-06-28,14,10:55,11:45,50,2,연습,50000
2025-06-28,8,11:45,14:45,180,4,18홀,80000
2025-06-28,1,12:19,14:17,118,2,18홀,45000
2025-06-28,9,13:54,14:44,50,4,9홀,55000
2025-06-28,3,14:39,17:28,169,4,18홀,40000
2025-06-28,11,14:50,15:59,69,1,레슨,65000
2025-06-28,6,15:23,16:45,82,2,9홀,65000
2025-06-28,2,15:44,17:07,83,3,9홀,40000
2025-06-28,9,15:44,16:58,74,2,레슨,60000
2025-06-28,8,15:48,17:43,115,4,18홀,55000
2025-06-28,4,16:10,18:40,150,4,18홀,70000
2025-06-28,13,17:04,18:22,78,4,9홀,60000
2025-06-28,10,17:11,20:03,172,4,18홀,55000
2025-06-28,14,18:14,19:56,102,3,18홀,60000
2025-06-28,5,18:19,20:20,121,3,18홀,40000
2025-06-28,11,18:50,20:14,84,2,9홀,55000
2025-06-28,6,19:56,20:53,57,2,연습,45000
2025-06-28,7,20:26,21:26,60,1,레슨,55000
2025-06-28,13,20:41,21:44,63,1,9홀,50000
2025-06-28,10,20:41,21:20,39,2,연습,80000
2025-06-28,8,22:11,22:45,34,2,연습,40000
2025-06-29,11,11:33,14:03,150,2,18홀,45000
2025-06-29,2,12:35,14:46,131,4,18홀,65000
2025-06-29,1,14:06,16:21,135,3,18홀,80000
2025-06-29,10,14:56,17:56,180,3,18홀,80000
2025-06-29,2,15:10,16:08,58,2,9홀,45000
2025-06-29,13,17:01,17:58,57,2,9홀,45000
2025-06-29,2,17:09,19:55,166,2,18홀,40000
2025-06-29,7,17:53,19:00,67,2,9홀,45000
2025-06-29,3,18:11,19:14,63,2,레슨,65000
2025-06-29,10,19:08,20:24,76,2,레슨,80000
2025-06-29,14,19:19,20:26,67,3,9홀,60000
2025-06-29,1,19:55,21:07,72,3,9홀,80000
2025-06-30,8,10:50,11:47,57,2,레슨,35000
2025-06-30,9,12:31,13:27,56,3,9홀,35000
2025-06-30,12,13:31,15:41,130,4,18홀,50000
2025-06-30,2,13:35,14:06,31,1,연습,40000
2025-06-30,9,14:07,16:31,144,3,18홀,35000
2025-06-30,13,16:09,18:40,151,3,18홀,45000
2025-06-30,3,16:44,18:51,127,3,18홀,55000
2025-06-30,1,17:35,19:50,135,3,18홀,50000
2025-06-30,7,18:05,19:17,72,4,9홀,50000
2025-06-30,8,18:19,19:15,56,3,9홀,50000
2025-06-30,10,19:43,20:43,60,3,9홀,60000
2025-07-01,2,10:00,12:20,140,3,18홀,50000
2025-07-01,14,10:11,11:12,61,2,9홀,35000
2025-07-01,11,12:48,14:17,89,3,9홀,50000
2025-07-01,6,16:45,18:58,133,4,18홀,60000
2025-07-01,2,17:39,20:09,150,1,18홀,50000
2025-07-01,11,18:00,19:22,82,3,9홀,45000
2025-07-01,7,18:30,19:30,60,2,9홀,45000
2025-07-01,4,19:18,20:15,57,1,연습,50000
2025-07-01,11,19:51,22:12,141,2,18홀,55000
2025-07-01,3,19:56,20:30,34,2,연습,45000
2025-07-02,8,12:58,15:13,135,4,18홀,50000
2025-07-02,8,15:37,17:48,131,2,18홀,60000
2025-07-02,11,17:22,18:27,65,4,9홀,55000
2025-07-02,10,18:34,19:21,47,1,연습,40000
2025-07-02,6,18:49,19:55,66,4,9홀,50000
2025-07-02,7,18:57,19:47,50,2,연습,55000
2025-07-02,8,19:45,22:05,140,4,18홀,50000
2025-07-03,13,14:02,16:23,141,1,18홀,50000
2025-07-03,11,16:14,18:53,159,3,18홀,55000
2025-07-03,2,17:43,18:50,67,2,레슨,55000
2025-07-03,8,18:34,19:39,65,3,레슨,45000
2025-07-03,10,18:57,20:39,102,4,18홀,50000
2025-07-03,14,20:13,21:39,86,3,9홀,45000
2025-07-03,2,20:23,21:40,77,1,레슨,45000
2025-07-03,8,21:31,22:34,63,2,레슨,50000
2025-07-04,5,10:00,11:24,84,2,9홀,40000
2025-07-04,2,13:30,15:55,145,3,18홀,80000
2025-07-04,11,14:27,15:01,34,2,연습,80000
2025-07-04,12,18:23,19:16,53,1,연습,65000
2025-07-04,11,18:53,20:56,123,3,18홀,60000
2025-07-04,5,19:53,22:06,133,2,18홀,65000
2025-07-04,7,20:28,21:23,55,4,9홀,70000
2025-07-04,3,20:39,21:31,52,1,연습,80000
2025-07-04,9,20:41,21:53,72,3,9홀,55000
2025-07-05,13,10:00,12:23,143,3,18홀,50000
2025-07-05,9,13:19,16:16,177,3,18홀,45000
2025-07-05,10,14:38,16:39,121,1,18홀,65000
2025-07-05,12,15:44,17:48,124,2,18홀,45000
2025-07-05,3,15:49,18:13,144,3,18홀,65000
2025-07-05,13,16:58,17:37,39,2,연습,70000
2025-07-05,6,17:05,18:57,112,4,18홀,50000
2025-07-05,10,17:10,18:22,72,3,레슨,60000
2025-07-05,5,17:25,20:15,170,2,18홀,65000
2025-07-05,8,17:51,18:59,68,3,9홀,65000
2025-07-05,1,17:59,18:49,50,3,레슨,40000
2025-07-05,14,18:34,19:53,79,3,9홀,60000
2025-07-05,10,19:10,21:52,162,2,18홀,80000
2025-07-06,12,10:00,11:15,75,3,레슨,65000
2025-07-06,10,10:00,12:21,141,3,18홀,45000
2025-07-06,3,10:40,12:56,136,3,18홀,80000
2025-07-06,8,12:16,13:46,90,2,9홀,50000
2025-07-06,2,13:48,14:38,50,2,레슨,40000
2025-07-06,6,14:04,14:43,39,1,연습,70000
2025-07-06,1,14:15,17:03,168,2,18홀,50000
2025-07-06,7,14:24,16:28,124,3,18홀,70000
2025-07-06,13,15:58,17:22,84,3,9홀,60000
2025-07-06,12,17:21,20:06,165,4,18홀,45000
2025-07-06,11,17:54,20:37,163,1,18홀,65000
2025-07-06,4,17:55,20:33,158,1,18홀,45000
2025-07-06,6,20:08,20:44,36,2,연습,40000
2025-07-06,13,20:12,22:54,162,3,18홀,70000
2025-07-06,5,20:14,21:15,61,4,9홀,65000
2025-07-06,9,20:29,21:46,77,4,9홀,50000
2025-07-06,3,20:55,21:26,31,2,연습,70000
2025-07-06,10,21:09,22:25,76,2,9홀,70000
2025-07-07,14,10:34,12:28,114,1,18홀,40000
2025-07-07,3,11:19,11:50,31,1,연습,50000
2025-07-07,11,12:28,13:28,60,2,9홀,50000
2025-07-07,5,15:00,16:08,68,3,9홀,45000
2025-07-07,3,16:31,19:11,160,2,18홀,55000
2025-07-07,2,16:57,17:53,56,1,연습,60000
2025-07-07,1,18:42,20:48,126,4,18홀,40000
2025-07-07,14,18:56,19:31,35,1,연습,60000
2025-07-07,9,19:16,20:34,78,3,9홀,60000
2025-07-08,6,11:46,12:52,66,2,9홀,35000
2025-07-08,3,14:27,16:57,150,3,18홀,60000
2025-07-08,5,15:27,17:30,123,3,18홀,45000
2025-07-08,2,16:50,17:40,50,2,레슨,40000
2025-07-08,10,18:22,20:54,152,3,18홀,40000
2025-07-08,1,18:56,21:17,141,4,18홀,60000
2025-07-08,4,19:17,21:25,128,1,18홀,40000
2025-07-08,3,19:23,20:48,85,1,9홀,45000
2025-07-08,2,19:36,21:16,100,4,18홀,45000
2025-07-08,12,20:24,21:43,79,2,레슨,45000
2025-07-08,13,21:07,21:51,44,1,연습,50000
2025-07-09,8,11:12,12:17,65,1,레슨,35000
2025-07-09,7,14:47,16:17,90,4,9홀,50000
2025-07-09,14,15:26,16:17,51,2,9홀,45000
2025-07-09,4,15:37,18:37,180,3,18홀,40000
2025-07-09,14,17:17,18:20,63,3,레슨,55000
2025-07-09,9,18:20,19:04,44,1,연습,45000
2025-07-09,8,18:57,20:07,70,3,9홀,60000
2025-07-09,12,20:27,22:38,131,3,18홀,55000
2025-07-10,14,11:45,13:04,79,2,9홀,35000
2025-07-10,3,14:22,15:25,63,2,9홀,50000
2025-07-10,8,15:21,16:20,59,1,레슨,40000
2025-07-10,11,17:18,18:43,85,4,9홀,60000
2025-07-10,12,18:19,20:33,134,3,18홀,60000
2025-07-10,1,18:27,19:02,35,1,연습,45000
2025-07-10,7,19:01,21:00,119,2,18홀,55000
2025-07-11,10,10:00,12:42,162,3,18홀,50000
2025-07-11,1,10:50,12:40,110,2,18홀,50000
2025-07-11,4,13:21,15:41,140,4,18홀,60000
2025-07-11,3,14:56,17:47,171,3,18홀,45000
2025-07-11,10,16:24,17:18,54,3,9홀,50000
2025-07-11,13,16:27,17:32,65,1,레슨,45000
2025-07-11,12,17:31,20:26,175,3,18홀,65000
2025-07-11,4,17:35,18:40,65,1,9홀,50000
2025-07-11,11,17:36,18:11,35,2,연습,55000
2025-07-11,10,17:51,19:48,117,3,18홀,40000
2025-07-11,8,18:00,20:42,162,4,18홀,55000
2025-07-11,3,21:44,22:38,54,3,9홀,60000
2025-07-12,4,10:00,11:54,114,2,18홀,55000
2025-07-12,14,10:00,12:25,145,1,18홀,70000
2025-07-12,3,11:19,14:01,162,3,18홀,50000
2025-07-12,5,12:24,12:59,35,1,연습,65000
2025-07-12,5,14:41,17:34,173,2,18홀,70000
2025-07-12,7,15:44,16:50,66,1,9홀,55000
2025-07-12,6,15:48,16:59,71,1,레슨,60000
2025-07-12,1,16:39,17:41,62,2,레슨,65000
2025-07-12,14,16:46,19:10,144,3,18홀,50000
2025-07-12,9,17:45,18:58,73,3,9홀,70000
2025-07-12,12,18:48,19:43,55,4,9홀,60000
2025-07-13,1,11:02,12:24,82,4,9홀,55000
2025-07-13,3,15:23,17:34,131,1,18홀,45000
2025-07-13,1,17:30,19:21,111,3,18홀,40000
2025-07-13,4,17:58,19:27,89,3,9홀,55000
2025-07-13,13,18:44,21:24,160,3,18홀,40000
2025-07-13,3,18:57,19:53,56,3,9홀,55000
2025-07-13,2,19:03,21:39,156,2,18홀,80000
2025-07-13,6,19:10,21:16,126,2,18홀,65000
2025-07-13,5,19:13,21:03,110,1,18홀,80000
2025-07-13,9,19:33,21:46,133,3,18홀,50000
2025-07-13,14,19:51,21:55,124,3,18홀,60000
2025-07-13,8,20:31,22:31,120,3,18홀,80000
2025-07-14,5,13:03,14:06,63,3,9홀,35000
2025-07-14,14,13:45,15:57,132,1,18홀,50000
2025-07-14,13,14:23,17:06,163,3,18홀,40000
2025-07-14,6,15:32,17:52,140,3,18홀,45000
2025-07-14,14,16:52,18:10,78,2,9홀,40000
2025-07-14,13,17:18,17:50,32,1,연습,45000
2025-07-14,10,17:46,19:07,81,2,9홀,55000
2025-07-14,7,19:26,21:11,105,4,18홀,55000
2025-07-14,1,20:04,22:35,151,3,18홀,60000
2025-07-14,9,20:13,21:28,75,2,9홀,50000
2025-07-14,3,21:33,22:16,43,1,연습,45000
2025-07-15,3,15:00,16:59,119,1,18홀,55000
2025-07-15,6,17:13,17:58,45,1,연습,40000
2025-07-15,5,17:17,18:19,62,1,레슨,40000
2025-07-15,1,17:49,20:31,162,4,18홀,40000
2025-07-15,8,18:20,19:29,69,3,레슨,50000
2025-07-15,12,19:36,21:57,141,2,18홀,50000
2025-07-16,7,13:37,14:52,75,1,레슨,40000
2025-07-16,6,15:08,16:38,90,3,9홀,40000
2025-07-16,7,15:58,17:11,73,1,9홀,60000
2025-07-16,11,16:09,16:58,49,1,연습,40000
2025-07-16,12,16:16,18:36,140,3,18홀,45000
2025-07-16,13,17:15,19:26,131,4,18홀,60000
2025-07-16,4,17:22,18:23,61,3,레슨,45000
2025-07-16,11,17:59,20:46,167,1,18홀,60000
2025-07-16,7,18:02,19:04,62,3,9홀,60000
2025-07-16,8,19:18,20:40,82,3,9홀,55000
2025-07-17,13,12:59,13:53,54,2,연습,45000
2025-07-17,9,14:24,15:36,72,3,9홀,45000
2025-07-17,4,14:38,15:31,53,3,9홀,45000
2025-07-17,10,19:19,20:40,81,4,9홀,40000
2025-07-18,2,10:00,12:56,176,3,18홀,60000
2025-07-18,6,10:00,12:47,167,3,18홀,65000
2025-07-18,5,13:38,14:30,52,1,연습,55000
2025-07-18,7,14:27,17:24,177,3,18홀,65000
2025-07-18,12,14:34,15:25,51,1,9홀,80000
2025-07-18,8,15:30,16:44,74,2,레슨,55000
2025-07-18,2,15:42,16:56,74,2,레슨,65000
2025-07-18,1,18:48,19:39,51,3,9홀,70000
2025-07-18,14,21:23,22:22,59,3,9홀,45000
2025-07-18,7,21:56,22:46,50,1,연습,60000
2025-07-19,10,10:00,12:16,136,4,18홀,45000
2025-07-19,2,10:00,11:56,116,2,18홀,40000
2025-07-19,14,10:00,12:46,166,1,18홀,70000
2025-07-19,3,11:35,12:47,72,2,9홀,65000
2025-07-19,9,13:29,16:12,163,3,18홀,40000
2025-07-19,1,15:09,18:00,171,3,18홀,50000
2025-07-19,4,16:03,18:11,128,3,18홀,40000
2025-07-19,10,16:11,17:03,52,2,연습,70000
2025-07-19,5,16:27,19:21,174,2,18홀,80000
2025-07-19,14,17:00,17:55,55,1,레슨,65000
2025-07-19,9,17:08,18:22,74,3,9홀,45000
2025-07-19,12,17:15,19:21,126,2,18홀,70000
2025-07-19,10,18:03,19:24,81,1,9홀,45000
2025-07-19,6,18:09,21:09,180,3,18홀,50000
2025-07-19,14,21:04,21:39,35,1,연습,70000
2025-07-20,2,10:00,11:06,66,3,9홀,60000
2025-07-20,12,10:00,11:09,69,1,레슨,60000
2025-07-20,3,10:23,12:08,105,2,18홀,50000
2025-07-20,6,10:38,13:30,172,2,18홀,70000
2025-07-20,7,11:24,12:27,63,3,9홀,70000
2025-07-20,5,11:41,13:44,123,4,18홀,70000
2025-07-20,10,15:17,17:59,162,3,18홀,50000
2025-07-20,2,16:14,18:03,109,4,18홀,45000
2025-07-20,8,16:31,17:24,53,2,연습,80000
2025-07-20,1,17:17,18:58,101,3,18홀,70000
2025-07-20,5,17:35,19:53,138,2,18홀,60000
2025-07-20,9,17:41,19:33,112,3,18홀,40000
2025-07-20,3,18:53,19:46,53,1,연습,50000
2025-07-20,4,19:10,20:29,79,3,레슨,40000
2025-07-20,13,19:52,21:09,77,1,레슨,65000
2025-07-20,2,19:54,20:49,55,2,레슨,55000
2025-07-21,4,10:00,10:52,52,2,레슨,35000
2025-07-21,8,12:04,12:34,30,2,연습,45000
2025-07-21,10,15:33,16:08,35,2,연습,35000
2025-07-21,4,15:58,17:06,68,1,9홀,40000
2025-07-21,10,16:37,19:29,172,3,18홀,50000
2025-07-21,2,17:18,19:34,136,3,18홀,60000
2025-07-21,12,18:20,19:22,62,4,9홀,60000
2025-07-21,7,19:20,20:27,67,2,레슨,50000
2025-07-22,6,15:36,17:57,141,2,18홀,40000
2025-07-22,7,17:38,18:19,41,1,연습,50000
2025-07-22,3,18:26,21:23,177,4,18홀,50000
2025-07-22,7,19:27,20:38,71,3,레슨,50000
2025-07-23,14,10:00,11:04,64,3,레슨,50000
2025-07-23,14,15:17,18:10,173,4,18홀,50000
2025-07-23,3,15:51,17:13,82,3,9홀,60000
2025-07-23,13,17:08,19:20,132,3,18홀,40000
2025-07-23,2,18:33,19:05,32,1,연습,40000
2025-07-23,7,19:03,20:24,81,3,9홀,60000
2025-07-23,14,21:19,22:05,46,1,연습,60000
2025-07-24,4,10:26,11:42,76,2,9홀,50000
2025-07-24,13,16:16,17:56,100,3,18홀,45000
2025-07-24,14,16:19,18:38,139,2,18홀,45000
2025-07-24,2,17:45,20:34,169,1,18홀,55000
2025-07-24,5,18:43,21:00,137,4,18홀,45000
2025-07-24,10,19:31,21:19,108,3,18홀,55000
2025-07-24,12,21:32,22:47,75,2,9홀,60000
2025-07-25,9,11:14,13:56,162,2,18홀,45000
2025-07-25,7,11:23,12:26,63,3,9홀,55000
2025-07-25,11,12:46,14:06,80,3,9홀,60000
2025-07-25,12,13:38,16:18,160,1,18홀,40000
2025-07-25,6,13:49,16:27,158,3,18홀,55000
2025-07-25,7,14:17,15:38,81,4,9홀,40000
2025-07-25,5,17:43,18:34,51,1,레슨,50000
2025-07-25,2,17:45,20:29,164,3,18홀,50000
2025-07-25,11,19:03,19:36,33,1,연습,80000
2025-07-25,4,20:01,22:47,166,2,18홀,65000
2025-07-25,11,21:12,22:07,55,1,연습,50000
2025-07-26,10,10:00,11:45,105,3,18홀,70000
2025-07-26,9,11:38,14:14,156,1,18홀,55000
2025-07-26,8,11:43,13:32,109,2,18홀,45000
2025-07-26,14,11:43,13:51,128,2,18홀,55000
2025-07-26,3,12:42,13:36,54,1,연습,65000
2025-07-26,2,12:44,13:59,75,1,레슨,65000
2025-07-26,4,13:24,14:54,90,3,9홀,55000
2025-07-26,13,14:45,16:02,77,1,9홀,65000
2025-07-26,7,14:56,17:09,133,3,18홀,65000
2025-07-26,14,15:33,17:38,125,3,18홀,80000
2025-07-26,1,15:39,17:36,117,1,18홀,40000
2025-07-26,5,15:54,18:03,129,2,18홀,45000
2025-07-26,4,16:55,17:47,52,1,레슨,70000
2025-07-26,11,18:12,20:32,140,2,18홀,40000
2025-07-26,2,18:45,20:12,87,4,9홀,70000
2025-07-26,5,19:32,21:30,118,4,18홀,55000
2025-07-26,1,19:35,20:05,30,1,연습,40000
2025-07-26,6,19:50,20:55,65,1,레슨,45000
2025-07-27,2,10:00,12:41,161,2,18홀,40000
2025-07-27,7,11:56,12:52,56,2,연습,70000
2025-07-27,1,15:00,15:31,31,2,연습,60000
2025-07-27,13,15:02,17:06,124,2,18홀,45000
2025-07-27,11,15:17,17:13,116,3,18홀,80000
2025-07-27,9,16:45,18:55,130,3,18홀,55000
2025-07-27,1,16:50,19:25,155,1,18홀,60000
2025-07-27,2,17:51,19:49,118,2,18홀,70000
2025-07-27,4,17:52,20:32,160,4,18홀,55000
2025-07-27,10,18:25,20:37,132,4,18홀,80000
2025-07-27,8,18:30,19:49,79,4,9홀,60000
2025-07-27,5,18:31,20:51,140,2,18홀,65000
2025-07-27,13,18:56,20:05,69,2,9홀,70000
2025-07-27,9,21:47,22:49,62,2,9홀,80000
2025-07-28,4,14:47,15:38,51,2,연습,45000
2025-07-28,12,15:16,16:18,62,3,9홀,35000
2025-07-28,10,16:29,17:32,63,2,9홀,40000
2025-07-28,4,17:39,19:09,90,2,9홀,45000
2025-07-28,8,18:41,19:42,61,2,레슨,40000
2025-07-29,3,15:16,16:23,67,2,레슨,45000
2025-07-29,8,16:56,19:08,132,3,18홀,40000
2025-07-29,14,17:00,17:57,57,1,9홀,55000
2025-07-29,1,19:01,19:37,36,2,연습,40000
2025-07-29,9,19:28,20:37,69,2,레슨,50000
2025-07-30,2,10:00,11:57,117,3,18홀,35000
2025-07-30,5,12:29,14:14,105,3,18홀,35000
2025-07-30,12,17:25,18:23,58,2,9홀,60000
2025-07-30,6,18:15,19:56,101,2,18홀,40000
2025-07-31,10,10:00,12:09,129,4,18홀,45000
2025-07-31,11,11:24,13:53,149,4,18홀,45000
2025-07-31,1,11:50,12:55,65,3,9홀,50000
2025-07-31,5,14:26,17:19,173,2,18홀,55000
2025-07-31,4,15:16,17:48,152,3,18홀,60000
2025-07-31,2,17:44,19:52,128,2,18홀,50000
2025-08-01,7,11:00,12:52,112,3,18홀,70000
2025-08-01,14,11:13,12:30,77,3,9홀,60000
2025-08-01,8,12:31,13:28,57,1,연습,55000
2025-08-01,8,14:10,15:13,63,3,9홀,60000
2025-08-01,9,14:25,15:35,70,4,9홀,65000
2025-08-01,14,15:13,17:40,147,3,18홀,65000
2025-08-01,4,17:25,18:00,35,1,연습,40000
2025-08-01,13,17:46,18:24,38,2,연습,65000
2025-08-01,1,18:53,19:42,49,2,연습,70000
2025-08-02,7,10:00,12:37,157,2,18홀,65000
2025-08-02,13,10:16,12:58,162,4,18홀,60000
2025-08-02,6,12:08,14:43,155,2,18홀,65000
2025-08-02,13,13:47,15:47,120,2,18홀,65000
2025-08-02,8,13:47,15:31,104,3,18홀,40000
2025-08-02,3,14:10,15:30,80,4,9홀,80000
2025-08-02,7,14:40,15:58,78,4,9홀,50000
2025-08-02,1,15:22,17:31,129,2,18홀,55000
2025-08-02,10,15:38,16:39,61,2,9홀,65000
2025-08-02,3,15:53,18:50,177,2,18홀,65000
2025-08-02,4,16:08,17:28,80,1,레슨,70000
2025-08-02,12,16:43,19:31,168,3,18홀,80000
2025-08-02,7,17:00,19:48,168,2,18홀,50000
2025-08-02,2,17:32,19:46,134,2,18홀,40000
2025-08-02,4,19:23,21:09,106,2,18홀,65000
2025-08-02,1,19:26,21:37,131,4,18홀,65000
2025-08-02,11,19:48,21:14,86,3,9홀,50000
2025-08-02,10,20:15,21:55,100,3,18홀,55000
2025-08-03,9,12:02,13:22,80,2,레슨,80000
2025-08-03,12,12:15,13:02,47,2,연습,70000
2025-08-03,10,12:36,13:30,54,1,연습,65000
2025-08-03,4,13:33,14:27,54,2,레슨,70000
2025-08-03,13,13:34,14:43,69,2,9홀,80000
2025-08-03,14,14:08,16:15,127,3,18홀,70000
2025-08-03,7,14:14,15:27,73,2,9홀,60000
2025-08-03,4,14:56,17:14,138,1,18홀,60000
2025-08-03,10,15:02,17:38,156,3,18홀,55000
2025-08-03,2,16:08,18:19,131,2,18홀,70000
2025-08-03,9,17:00,18:01,61,2,레슨,70000
2025-08-03,14,17:37,18:56,79,1,9홀,60000
2025-08-03,10,18:21,21:21,180,3,18홀,40000
2025-08-03,2,18:54,21:40,166,3,18홀,55000
2025-08-03,9,19:14,20:26,72,1,9홀,80000
2025-08-03,3,19:39,21:20,101,1,18홀,40000
2025-08-03,6,19:54,20:46,52,2,레슨,40000
2025-08-03,8,20:02,21:31,89,2,9홀,60000
2025-08-04,1,12:12,13:06,54,2,연습,40000
2025-08-04,12,13:18,15:46,148,3,18홀,40000
2025-08-04,14,16:09,17:08,59,1,9홀,55000
2025-08-04,12,16:41,19:15,154,4,18홀,60000
2025-08-04,4,17:17,17:55,38,1,연습,40000
2025-08-04,8,17:23,19:20,117,3,18홀,40000
2025-08-04,3,17:57,19:37,100,2,18홀,45000
2025-08-04,2,17:59,20:42,163,4,18홀,50000
2025-08-04,5,18:48,20:03,75,3,레슨,60000
2025-08-05,14,11:17,12:46,89,4,9홀,35000
2025-08-05,9,13:25,14:51,86,3,9홀,35000
2025-08-05,7,16:41,18:49,128,2,18홀,45000
2025-08-05,11,17:12,18:35,83,4,9홀,40000
2025-08-05,1,17:22,18:43,81,4,9홀,45000
2025-08-05,4,18:24,20:35,131,3,18홀,55000
2025-08-05,10,19:07,20:03,56,4,9홀,60000
2025-08-06,7,14:29,15:45,76,2,9홀,50000
2025-08-06,9,14:54,16:54,120,3,18홀,40000
2025-08-06,8,14:54,17:29,155,3,18홀,45000
2025-08-06,2,15:38,18:00,142,2,18홀,55000
2025-08-06,13,16:47,18:06,79,2,레슨,60000
2025-08-06,14,17:00,19:16,136,2,18홀,40000
2025-08-06,9,17:50,19:49,119,4,18홀,40000
2025-08-06,3,18:12,19:39,87,1,9홀,60000
2025-08-06,10,18:20,20:06,106,1,18홀,60000
2025-08-06,7,19:16,20:29,73,1,9홀,45000
2025-08-07,1,10:00,11:11,71,4,9홀,40000
2025-08-07,7,11:37,13:41,124,2,18홀,50000
2025-08-07,2,14:08,15:37,89,2,9홀,35000
2025-08-07,8,18:20,20:36,136,3,18홀,55000
2025-08-07,3,18:22,19:31,69,2,레슨,45000
2025-08-08,6,10:00,11:15,75,1,레슨,55000
2025-08-08,4,15:35,18:30,175,4,18홀,70000
2025-08-08,3,15:52,18:02,130,1,18홀,65000
2025-08-08,13,17:19,18:02,43,2,연습,40000
2025-08-08,6,18:22,20:21,119,3,18홀,45000
2025-08-08,9,18:30,21:11,161,4,18홀,70000
2025-08-08,13,20:23,21:26,63,2,9홀,50000
2025-08-08,2,20:55,21:31,36,1,연습,80000
2025-08-09,14,10:10,11:24,74,3,9홀,60000
2025-08-09,2,12:01,14:13,132,4,18홀,60000
2025-08-09,8,12:49,13:44,55,2,연습,55000
2025-08-09,14,13:05,13:56,51,1,연습,45000
2025-08-09,4,13:32,14:31,59,3,9홀,65000
2025-08-09,9,13:45,16:45,180,2,18홀,40000
2025-08-09,6,14:11,16:52,161,2,18홀,40000
2025-08-09,4,15:08,16:28,80,2,레슨,40000
2025-08-09,11,16:48,19:26,158,3,18홀,55000
2025-08-09,10,16:57,19:37,160,4,18홀,40000
2025-08-09,9,17:53,19:16,83,3,9홀,60000
2025-08-09,5,18:04,20:41,157,4,18홀,55000
2025-08-09,6,18:46,19:37,51,2,레슨,80000
2025-08-09,1,19:28,20:43,75,1,9홀,80000
2025-08-09,1,21:03,22:00,57,1,레슨,60000
2025-08-10,14,10:00,12:15,135,1,18홀,40000
2025-08-10,1,10:00,11:28,88,4,9홀,70000
2025-08-10,10,10:00,12:48,168,3,18홀,80000
2025-08-10,7,10:44,13:13,149,3,18홀,55000
2025-08-10,3,11:19,14:00,161,4,18홀,40000
2025-08-10,9,11:36,13:17,101,2,18홀,55000
2025-08-10,6,13:49,14:49,60,3,9홀,50000
2025-08-10,12,13:52,15:01,69,1,9홀,70000
2025-08-10,7,14:27,15:03,36,2,연습,65000
2025-08-10,4,15:30,17:25,115,3,18홀,50000
2025-08-10,14,16:25,17:26,61,2,9홀,70000
2025-08-10,9,17:25,18:31,66,2,레슨,70000
2025-08-10,3,17:53,18:48,55,4,9홀,40000
2025-08-10,2,18:22,19:13,51,2,9홀,80000
2025-08-10,13,19:17,20:17,60,3,9홀,40000
2025-08-10,7,19:52,20:43,51,2,9홀,40000
2025-08-10,10,20:16,22:25,129,2,18홀,80000
2025-08-10,4,20:18,20:54,36,2,연습,70000
2025-08-11,1,10:11,11:13,62,2,9홀,35000
2025-08-11,3,10:33,12:53,140,4,18홀,45000
2025-08-11,7,11:30,12:21,51,3,9홀,50000
2025-08-11,8,14:36,17:31,175,3,18홀,60000
2025-08-11,14,17:45,19:32,107,3,18홀,45000
2025-08-11,13,17:56,18:53,57,3,9홀,55000
2025-08-11,9,18:14,19:19,65,2,9홀,60000
2025-08-11,2,19:16,21:42,146,3,18홀,40000
2025-08-11,3,19:20,21:36,136,4,18홀,55000
2025-08-11,5,19:42,20:36,54,3,9홀,40000
2025-08-11,6,19:58,20:32,34,2,연습,60000
2025-08-12,5,12:37,14:46,129,4,18홀,40000
2025-08-12,14,13:34,16:24,170,4,18홀,45000
2025-08-12,10,13:37,14:34,57,3,9홀,40000
2025-08-12,13,18:02,18:58,56,2,9홀,55000
2025-08-12,6,18:32,19:04,32,2,연습,45000
2025-08-12,11,18:52,20:40,108,2,18홀,45000
2025-08-12,13,21:49,22:40,51,2,레슨,55000
2025-08-13,10,10:00,12:13,133,1,18홀,35000
2025-08-13,14,11:23,14:03,160,2,18홀,40000
2025-08-13,11,11:49,13:52,123,3,18홀,35000
2025-08-13,12,13:20,15:52,152,3,18홀,40000
2025-08-13,4,14:04,16:47,163,3,18홀,40000
2025-08-13,13,17:42,20:15,153,1,18홀,55000
2025-08-13,5,17:52,18:28,36,1,연습,60000
2025-08-13,4,18:05,20:36,151,3,18홀,55000
2025-08-13,6,18:06,19:05,59,1,연습,55000
2025-08-13,7,18:06,21:00,174,3,18홀,50000
2025-08-13,2,19:07,21:18,131,2,18홀,50000
2025-08-14,10,11:18,13:33,135,3,18홀,45000
2025-08-14,2,16:11,17:52,101,2,18홀,40000
2025-08-14,13,18:41,20:39,118,4,18홀,40000
2025-08-14,11,19:40,20:56,76,3,9홀,50000
2025-08-14,5,19:46,22:28,162,1,18홀,55000
2025-08-14,7,20:04,22:02,118,2,18홀,50000
2025-08-15,3,10:02,12:37,155,3,18홀,50000
2025-08-15,6,10:41,13:19,158,3,18홀,45000
2025-08-15,2,12:15,14:55,160,2,18홀,65000
2025-08-15,5,13:05,14:04,59,3,9홀,60000
2025-08-15,14,13:55,16:32,157,4,18홀,70000
2025-08-15,8,16:29,17:07,38,1,연습,55000
2025-08-15,12,16:59,18:41,102,2,18홀,45000
2025-08-15,14,17:10,19:04,114,3,18홀,70000
2025-08-15,9,18:31,20:45,134,3,18홀,55000
2025-08-16,2,10:00,11:48,108,4,18홀,80000
2025-08-16,10,10:10,11:15,65,3,9홀,70000
2025-08-16,4,10:40,13:21,161,3,18홀,50000
2025-08-16,7,11:18,13:17,119,3,18홀,60000
2025-08-16,10,14:30,15:08,38,2,연습,50000
2025-08-16,4,15:01,17:53,172,4,18홀,80000
2025-08-16,8,15:25,16:21,56,4,9홀,55000
2025-08-16,13,16:23,19:02,159,2,18홀,70000
2025-08-16,6,16:27,17:19,52,3,9홀,45000
2025-08-16,9,16:30,17:51,81,3,9홀,80000
2025-08-16,3,17:13,20:11,178,3,18홀,45000
2025-08-16,1,18:05,19:49,104,2,18홀,55000
2025-08-16,5,18:10,19:22,72,1,레슨,65000
2025-08-16,6,18:22,19:49,87,2,9홀,60000
2025-08-16,9,18:41,20:26,105,3,18홀,60000
2025-08-16,12,19:18,22:00,162,2,18홀,50000
2025-08-17,1,10:00,12:53,173,3,18홀,40000
2025-08-17,13,11:27,12:45,78,1,9홀,55000
2025-08-17,2,12:07,15:07,180,2,18홀,40000
2025-08-17,14,13:09,15:18,129,2,18홀,50000
2025-08-17,6,13:45,15:50,125,1,18홀,60000
2025-08-17,8,14:08,16:34,146,2,18홀,80000
2025-08-17,12,14:34,17:22,168,1,18홀,40000
2025-08-17,11,14:52,16:52,120,2,18홀,55000
2025-08-17,3,15:32,16:29,57,1,레슨,65000
2025-08-17,3,17:04,19:11,127,2,18홀,45000
2025-08-17,14,17:29,20:25,176,4,18홀,45000
2025-08-17,13,18:06,20:07,121,4,18홀,80000
2025-08-17,9,19:00,20:42,102,2,18홀,70000
2025-08-17,8,19:51,20:26,35,1,연습,65000
2025-08-17,11,20:49,22:08,79,2,레슨,80000
2025-08-17,14,21:00,22:46,106,3,18홀,65000
2025-08-18,14,11:44,14:32,168,2,18홀,40000
2025-08-18,9,11:45,14:30,165,2,18홀,45000
2025-08-18,10,12:02,13:01,59,1,연습,50000
2025-08-18,9,16:41,19:04,143,2,18홀,40000
2025-08-18,14,17:16,19:13,117,3,18홀,50000
2025-08-18,3,17:47,19:12,85,3,9홀,55000
2025-08-18,13,18:57,19:49,52,2,레슨,55000
2025-08-18,6,19:16,20:35,79,1,9홀,50000
2025-08-18,10,19:45,22:26,161,1,18홀,45000
2025-08-18,14,19:54,21:37,103,4,18홀,55000
2025-08-18,3,20:07,21:57,110,1,18홀,50000
2025-08-19,6,10:00,11:59,119,3,18홀,45000
2025-08-19,3,10:00,11:08,68,3,9홀,50000
2025-08-19,12,10:00,12:56,176,2,18홀,40000
2025-08-19,8,16:12,18:32,140,3,18홀,60000
2025-08-19,14,16:18,18:17,119,3,18홀,55000
2025-08-19,10,19:36,20:26,50,1,레슨,55000
2025-08-19,8,20:08,21:31,83,3,9홀,40000
2025-08-19,6,20:13,21:18,65,1,9홀,60000
2025-08-20,13,10:00,12:32,152,3,18홀,45000
2025-08-20,1,14:08,15:21,73,2,9홀,35000
2025-08-20,13,15:08,18:01,173,3,18홀,50000
2025-08-20,2,15:23,18:23,180,2,18홀,60000
2025-08-20,11,16:21,19:20,179,2,18홀,50000
2025-08-20,10,17:46,18:35,49,2,연습,60000
2025-08-20,3,18:32,20:46,134,2,18홀,55000
2025-08-21,12,11:52,14:43,171,2,18홀,40000
2025-08-21,7,13:25,16:11,166,3,18홀,50000
2025-08-21,4,13:50,16:21,151,3,18홀,35000
2025-08-21,8,14:22,15:23,61,4,9홀,50000
2025-08-21,14,15:22,17:53,151,3,18홀,55000
2025-08-21,3,17:59,19:15,76,2,9홀,60000
2025-08-21,6,21:02,21:56,54,1,연습,50000
2025-08-22,8,11:47,12:53,66,4,9홀,45000
2025-08-22,3,12:45,14:15,90,4,9홀,65000
2025-08-22,4,13:21,14:29,68,3,9홀,70000
2025-08-22,13,13:31,14:42,71,2,9홀,80000
2025-08-22,9,13:59,15:49,110,3,18홀,80000
2025-08-22,9,16:10,18:37,147,4,18홀,55000
2025-08-22,10,17:18,18:26,68,3,9홀,65000
2025-08-22,8,18:24,19:35,71,3,9홀,60000
2025-08-22,12,19:08,20:00,52,4,9홀,45000
2025-08-22,4,20:47,21:52,65,4,9홀,45000
2025-08-23,5,10:00,11:02,62,4,9홀,65000
2025-08-23,14,10:00,12:30,150,4,18홀,40000
2025-08-23,9,10:00,11:52,112,3,18홀,70000
2025-08-23,12,10:16,13:05,169,2,18홀,50000
2025-08-23,4,10:29,13:29,180,2,18홀,40000
2025-08-23,14,14:31,16:20,109,3,18홀,40000
2025-08-23,4,15:23,16:13,50,2,연습,80000
2025-08-23,9,15:40,16:54,74,3,9홀,65000
2025-08-23,7,17:07,20:02,175,2,18홀,45000
2025-08-23,1,17:19,20:15,176,3,18홀,45000
2025-08-23,9,17:58,20:45,167,3,18홀,70000
2025-08-23,4,18:08,19:49,101,4,18홀,60000
2025-08-23,14,18:17,20:50,153,2,18홀,60000
2025-08-23,8,18:40,21:35,175,2,18홀,50000
2025-08-23,11,19:02,20:22,80,3,9홀,60000
2025-08-23,10,19:10,21:19,129,2,18홀,60000
2025-08-23,3,19:56,20:54,58,3,9홀,65000
2025-08-24,10,11:27,13:34,127,1,18홀,65000
2025-08-24,1,12:42,15:08,146,2,18홀,65000
2025-08-24,6,13:03,14:01,58,1,레슨,40000
2025-08-24,3,13:39,14:31,52,4,9홀,40000
2025-08-24,8,15:07,17:01,114,4,18홀,65000
2025-08-24,5,15:17,17:04,107,2,18홀,45000
2025-08-24,14,15:25,16:08,43,1,연습,40000
2025-08-24,12,15:27,18:09,162,3,18홀,70000
2025-08-24,9,15:29,18:28,179,2,18홀,65000
2025-08-24,3,15:46,17:29,103,1,18홀,55000
2025-08-24,6,15:51,17:43,112,4,18홀,60000
2025-08-24,2,16:30,19:02,152,3,18홀,65000
2025-08-24,4,16:52,18:46,114,3,18홀,45000
2025-08-24,13,17:10,18:03,53,3,9홀,60000
2025-08-24,10,17:44,18:58,74,1,레슨,40000
2025-08-24,8,18:03,19:49,106,3,18홀,70000
2025-08-25,9,10:00,12:57,177,4,18홀,45000
2025-08-25,11,12:03,14:20,137,4,18홀,45000
2025-08-25,14,13:43,14:41,58,2,레슨,50000
2025-08-25,10,15:06,16:00,54,2,연습,50000
2025-08-25,10,17:29,18:54,85,1,9홀,60000
2025-08-25,11,18:33,20:31,118,2,18홀,55000
2025-08-25,14,19:02,20:01,59,3,9홀,45000
2025-08-25,4,19:39,21:05,86,4,9홀,45000
2025-08-25,6,20:27,22:30,123,3,18홀,40000
2025-08-26,3,10:00,12:51,171,3,18홀,50000
2025-08-26,9,11:23,12:05,42,1,연습,50000
2025-08-26,6,11:36,13:55,139,2,18홀,35000
2025-08-26,1,11:45,12:59,74,1,레슨,40000
2025-08-26,3,14:32,15:37,65,4,9홀,40000
2025-08-26,7,17:41,18:31,50,4,9홀,50000
2025-08-26,9,20:05,20:45,40,1,연습,60000
2025-08-26,3,20:08,21:32,84,3,9홀,40000
2025-08-27,10,12:43,15:33,170,2,18홀,45000
2025-08-27,9,15:18,17:25,127,4,18홀,40000
2025-08-27,14,17:08,19:06,118,3,18홀,45000
2025-08-27,13,17:57,20:09,132,2,18홀,55000
2025-08-27,14,20:02,22:12,130,4,18홀,40000
2025-08-28,14,10:07,11:37,90,4,9홀,40000
2025-08-28,1,12:34,15:15,161,3,18홀,50000
2025-08-28,7,16:25,17:14,49,2,연습,40000
2025-08-28,4,16:28,18:57,149,1,18홀,55000
2025-08-28,1,17:09,20:07,178,4,18홀,45000
2025-08-29,8,10:50,13:11,141,3,18홀,50000
2025-08-29,10,10:55,11:41,46,1,연습,45000
2025-08-29,13,11:14,14:08,174,3,18홀,65000
2025-08-29,11,13:36,16:03,147,2,18홀,55000
2025-08-29,13,16:40,19:17,157,3,18홀,45000
2025-08-29,8,17:14,19:56,162,4,18홀,55000
2025-08-29,10,17:52,18:56,64,2,레슨,60000
2025-08-29,11,19:12,20:03,51,1,연습,65000
2025-08-30,2,10:00,12:52,172,1,18홀,70000
2025-08-30,5,10:34,11:28,54,3,9홀,55000
2025-08-30,8,11:01,12:57,116,2,18홀,45000
2025-08-30,2,13:48,15:49,121,3,18홀,80000
2025-08-30,5,14:05,16:33,148,2,18홀,65000
2025-08-30,9,14:48,15:21,33,1,연습,80000
2025-08-30,2,16:09,18:16,127,2,18홀,45000
2025-08-30,9,16:22,18:23,121,2,18홀,40000
2025-08-30,8,16:59,17:57,58,2,9홀,60000
2025-08-30,13,17:49,20:19,150,4,18홀,50000
2025-08-30,1,18:09,18:48,39,1,연습,45000
2025-08-30,9,18:41,19:34,53,3,9홀,50000
2025-08-30,4,19:17,21:10,113,3,18홀,50000
2025-08-30,14,19:25,21:06,101,4,18홀,70000
2025-08-30,12,19:34,20:47,73,3,레슨,40000
2025-08-30,10,20:40,21:15,35,2,연습,65000
2025-08-31,10,10:20,11:35,75,1,레슨,40000
2025-08-31,6,11:37,14:26,169,1,18홀,70000
2025-08-31,13,13:01,15:54,173,3,18홀,60000
2025-08-31,14,13:17,14:14,57,2,연습,50000
2025-08-31,5,13:45,16:16,151,3,18홀,40000
2025-08-31,2,15:27,16:09,42,1,연습,65000
2025-08-31,1,16:16,17:57,101,3,18홀,50000
2025-08-31,6,16:37,18:38,121,2,18홀,70000
2025-08-31,13,18:15,20:06,111,1,18홀,65000
2025-08-31,12,18:59,20:48,109,1,18홀,45000
2025-08-31,2,19:24,20:48,84,3,9홀,55000
2025-09-01,7,10:00,12:21,141,3,18홀,50000
2025-09-01,10,10:11,13:02,171,2,18홀,50000
2025-09-01,3,13:46,15:10,84,4,9홀,40000
2025-09-01,11,15:10,17:32,142,3,18홀,60000
2025-09-01,6,16:07,17:57,110,3,18홀,40000
2025-09-01,13,16:37,17:30,53,1,연습,50000
2025-09-01,10,16:54,17:52,58,4,9홀,45000
2025-09-01,14,17:50,19:10,80,1,레슨,60000
2025-09-01,8,18:01,20:11,130,2,18홀,45000
2025-09-01,3,18:20,21:09,169,4,18홀,60000
2025-09-02,8,10:36,13:36,180,3,18홀,40000
2025-09-02,13,11:24,12:22,58,3,레슨,40000
2025-09-02,10,18:38,20:34,116,3,18홀,45000
2025-09-02,3,18:47,19:49,62,2,레슨,55000
2025-09-03,11,10:00,12:48,168,2,18홀,40000
2025-09-03,6,10:00,13:00,180,3,18홀,40000
2025-09-03,7,13:34,16:00,146,3,18홀,35000
2025-09-03,6,13:43,16:06,143,2,18홀,50000
2025-09-03,2,14:13,15:56,103,2,18홀,45000
2025-09-03,4,16:21,17:22,61,3,9홀,55000
2025-09-03,7,16:29,17:13,44,1,연습,60000
2025-09-03,6,16:57,19:28,151,2,18홀,40000
2025-09-03,14,17:08,19:21,133,2,18홀,55000
2025-09-03,5,17:12,18:27,75,2,9홀,40000
2025-09-03,7,18:15,19:35,80,2,9홀,55000
2025-09-03,11,19:15,20:11,56,3,9홀,60000
2025-09-03,1,19:30,20:11,41,1,연습,50000
2025-09-03,7,20:33,21:33,60,2,연습,45000
2025-09-04,5,10:09,11:23,74,1,레슨,45000
2025-09-04,10,12:57,15:16,139,4,18홀,50000
2025-09-04,11,14:20,16:14,114,2,18홀,45000
2025-09-04,10,16:10,18:56,166,2,18홀,45000
2025-09-04,4,17:05,18:56,111,2,18홀,45000
2025-09-04,13,17:38,20:11,153,2,18홀,55000
2025-09-04,5,17:44,19:37,113,3,18홀,45000
2025-09-04,2,17:53,19:01,68,4,9홀,45000
2025-09-04,3,19:22,20:21,59,4,9홀,45000
2025-09-04,1,19:30,20:14,44,2,연습,45000
2025-09-04,6,19:45,21:29,104,2,18홀,55000
2025-09-05,8,11:02,13:57,175,3,18홀,65000
2025-09-05,5,11:49,14:30,161,2,18홀,45000
2025-09-05,3,14:00,15:15,75,3,9홀,45000
2025-09-05,12,14:20,17:03,163,4,18홀,40000
2025-09-05,7,14:57,15:40,43,2,연습,45000
2025-09-05,5,15:54,17:01,67,3,레슨,65000
2025-09-05,7,16:08,17:32,84,4,9홀,50000
2025-09-05,9,16:53,19:48,175,4,18홀,45000
2025-09-05,8,17:21,19:11,110,2,18홀,40000
2025-09-05,3,17:24,18:53,89,2,9홀,40000
2025-09-05,4,17:47,19:32,105,2,18홀,50000
2025-09-05,10,19:01,20:55,114,2,18홀,40000
2025-09-05,1,20:33,21:44,71,3,9홀,45000
2025-09-05,11,21:19,22:42,83,2,9홀,60000
2025-09-05,12,21:25,22:12,47,1,연습,80000
2025-09-06,14,10:00,10:54,54,2,레슨,80000
2025-09-06,11,10:00,11:13,73,1,레슨,45000
2025-09-06,9,10:20,12:16,116,4,18홀,45000
2025-09-06,10,12:21,13:24,63,4,9홀,50000
2025-09-06,14,12:24,15:13,169,2,18홀,45000
2025-09-06,11,13:04,16:04,180,1,18홀,45000
2025-09-06,10,13:49,15:45,116,4,18홀,80000
2025-09-06,4,14:53,16:44,111,2,18홀,65000
2025-09-06,9,15:35,17:41,126,1,18홀,55000
2025-09-06,12,16:03,18:43,160,3,18홀,55000
2025-09-06,8,17:58,20:01,123,2,18홀,45000
2025-09-06,7,20:02,22:55,173,3,18홀,60000
2025-09-06,5,20:15,21:40,85,2,9홀,80000
2025-09-07,9,10:00,11:02,62,2,레슨,80000
2025-09-07,10,11:11,12:06,55,1,레슨,60000
2025-09-07,3,11:13,11:44,31,2,연습,60000
2025-09-07,12,11:28,14:20,172,4,18홀,60000
2025-09-07,3,12:56,15:17,141,3,18홀,60000
2025-09-07,2,13:42,16:14,152,3,18홀,55000
2025-09-07,11,14:02,16:20,138,2,18홀,45000
2025-09-07,8,14:42,17:03,141,3,18홀,60000
2025-09-07,7,14:46,17:06,140,3,18홀,65000
2025-09-07,12,16:11,17:24,73,1,레슨,50000
2025-09-07,4,16:26,17:52,86,4,9홀,70000
2025-09-07,6,17:10,18:57,107,3,18홀,70000
2025-09-07,1,17:16,17:55,39,1,연습,60000
2025-09-07,14,17:21,18:11,50,2,레슨,70000
2025-09-07,3,17:36,20:26,170,4,18홀,80000
2025-09-07,10,17:36,19:28,112,3,18홀,80000
2025-09-07,7,18:04,19:17,73,2,레슨,45000
2025-09-07,12,18:11,19:09,58,2,9홀,50000
2025-09-07,9,18:33,21:00,147,2,18홀,55000
2025-09-07,13,19:14,20:39,85,2,9홀,45000
2025-09-07,5,19:35,21:59,144,1,18홀,40000
2025-09-07,4,20:25,21:30,65,2,9홀,60000
2025-09-07,1,20:30,21:29,59,1,연습,65000
2025-09-08,13,11:23,14:16,173,3,18홀,35000
2025-09-08,8,14:41,16:59,138,3,18홀,60000
2025-09-08,4,15:22,17:09,107,3,18홀,55000
2025-09-08,13,17:11,18:03,52,1,레슨,50000
2025-09-08,1,17:29,19:27,118,3,18홀,55000
2025-09-08,3,17:53,19:59,126,3,18홀,45000
2025-09-08,2,18:55,21:54,179,3,18홀,60000
2025-09-08,8,19:04,21:41,157,4,18홀,50000
2025-09-08,12,19:08,20:54,106,2,18홀,60000
2025-09-08,3,20:35,21:17,42,1,연습,45000
2025-09-08,5,22:12,22:54,42,2,연습,40000
2025-09-09,13,10:00,11:10,70,2,레슨,40000
2025-09-09,3,10:00,11:59,119,1,18홀,45000
2025-09-09,8,10:02,12:53,171,4,18홀,35000
2025-09-09,6,17:10,20:03,173,2,18홀,60000
2025-09-09,9,17:26,20:18,172,3,18홀,40000
2025-09-09,1,18:59,20:13,74,3,9홀,55000
2025-09-09,3,19:06,20:18,72,4,9홀,40000
2025-09-09,4,19:18,20:34,76,3,레슨,60000
2025-09-09,8,19:20,21:18,118,4,18홀,60000
2025-09-09,6,20:50,22:57,127,4,18홀,45000
2025-09-09,7,21:20,22:44,84,3,9홀,40000
2025-09-10,8,10:08,11:51,103,3,18홀,40000
2025-09-10,9,12:01,13:30,89,3,9홀,40000
2025-09-10,11,14:00,16:35,155,3,18홀,45000
2025-09-10,10,15:31,16:24,53,3,9홀,50000
2025-09-10,9,17:08,19:04,116,2,18홀,45000
2025-09-10,12,18:08,19:08,60,2,9홀,50000
2025-09-10,1,19:51,20:43,52,1,9홀,55000
2025-09-11,10,11:45,13:00,75,2,9홀,50000
2025-09-11,6,12:05,13:34,89,3,9홀,45000
2025-09-11,8,12:47,14:00,73,4,9홀,45000
2025-09-11,3,13:13,14:33,80,3,9홀,35000
2025-09-11,10,14:37,16:31,114,3,18홀,40000
2025-09-11,6,14:55,17:32,157,3,18홀,60000
2025-09-11,1,15:34,17:18,104,3,18홀,50000
2025-09-11,4,16:40,17:58,78,4,9홀,45000
2025-09-11,13,16:41,19:04,143,2,18홀,60000
2025-09-11,11,16:57,17:43,46,1,연습,40000
2025-09-11,2,18:48,21:20,152,1,18홀,60000
2025-09-11,1,19:52,22:14,142,2,18홀,45000
2025-09-12,4,10:00,11:21,81,2,9홀,80000
2025-09-12,11,10:00,11:43,103,2,18홀,55000
2025-09-12,5,10:03,13:00,177,4,18홀,65000
2025-09-12,14,10:13,11:31,78,3,9홀,80000
2025-09-12,2,11:24,12:14,50,2,레슨,55000
2025-09-12,3,13:26,16:13,167,1,18홀,70000
2025-09-12,7,13:38,14:36,58,1,연습,50000
2025-09-12,9,14:15,16:29,134,2,18홀,45000
2025-09-12,9,17:11,19:48,157,2,18홀,40000
2025-09-12,6,17:20,20:12,172,2,18홀,80000
2025-09-12,1,17:36,19:06,90,3,9홀,50000
2025-09-12,14,19:05,19:57,52,3,9홀,70000
2025-09-13,1,10:00,12:20,140,3,18홀,40000
2025-09-13,12,10:00,12:55,175,4,18홀,80000
2025-09-13,10,10:41,11:36,55,2,연습,60000
2025-09-13,10,13:06,15:11,125,3,18홀,70000
2025-09-13,13,13:26,16:08,162,2,18홀,65000
2025-09-13,4,13:59,16:20,141,3,18홀,40000
2025-09-13,12,14:14,16:27,133,1,18홀,80000
2025-09-13,9,14:35,15:17,42,1,연습,55000
2025-09-13,2,14:50,16:17,87,4,9홀,80000
2025-09-13,3,14:51,15:51,60,1,연습,70000
2025-09-13,10,16:10,17:01,51,1,레슨,80000
2025-09-13,14,16:57,19:45,168,4,18홀,55000
2025-09-13,2,17:07,18:03,56,2,9홀,50000
2025-09-13,8,17:09,20:02,173,4,18홀,50000
2025-09-13,11,17:22,17:53,31,2,연습,60000
2025-09-13,3,18:01,19:19,78,3,레슨,50000
2025-09-13,11,18:08,20:08,120,3,18홀,70000
2025-09-13,9,18:08,19:57,109,2,18홀,50000
2025-09-13,6,19:06,20:53,107,3,18홀,70000
2025-09-13,2,19:42,21:02,80,4,9홀,65000
2025-09-13,5,21:32,22:20,48,1,연습,70000
2025-09-14,8,10:00,12:00,120,3,18홀,70000
2025-09-14,3,10:44,11:31,47,2,연습,40000
2025-09-14,10,11:15,12:03,48,1,연습,65000
2025-09-14,6,12:57,14:59,122,2,18홀,55000
2025-09-14,5,13:54,14:58,64,3,9홀,55000
2025-09-14,7,14:01,16:58,177,2,18홀,50000
2025-09-14,8,14:22,14:55,33,1,연습,50000
2025-09-14,11,14:37,15:18,41,1,연습,40000
2025-09-14,8,17:05,19:18,133,2,18홀,50000
2025-09-14,14,18:11,19:38,87,2,9홀,45000
2025-09-14,13,18:29,20:09,100,2,18홀,50000
2025-09-14,3,18:39,19:35,56,4,9홀,50000
2025-09-14,9,18:39,19:38,59,2,9홀,45000
2025-09-14,7,18:46,21:41,175,4,18홀,80000
2025-09-14,12,18:56,21:09,133,4,18홀,80000
2025-09-14,6,19:12,21:44,152,3,18홀,70000
2025-09-14,1,19:32,21:23,111,4,18홀,70000
2025-09-14,10,19:58,22:10,132,3,18홀,40000
2025-09-14,2,20:02,21:11,69,1,레슨,80000
2025-09-14,4,20:18,21:05,47,2,연습,50000
2025-09-14,8,20:33,22:34,121,3,18홀,60000
2025-09-14,11,20:56,21:54,58,2,연습,55000
2025-09-15,2,12:56,13:53,57,2,9홀,40000
2025-09-15,6,13:14,15:18,124,3,18홀,45000
2025-09-15,7,13:47,16:33,166,3,18홀,45000
2025-09-15,12,14:39,17:10,151,1,18홀,50000
2025-09-15,9,15:22,16:04,42,2,연습,35000
2025-09-15,8,15:47,18:23,156,3,18홀,60000
2025-09-15,7,17:05,18:34,89,4,9홀,40000
2025-09-15,11,18:01,18:50,49,2,연습,55000
2025-09-15,9,20:29,21:21,52,1,연습,40000
2025-09-15,13,21:02,21:50,48,1,연습,60000
2025-09-16,4,12:16,15:12,176,4,18홀,40000
2025-09-16,1,12:35,13:45,70,2,9홀,35000
2025-09-16,2,16:10,18:34,144,1,18홀,45000
2025-09-16,12,17:21,18:22,61,3,레슨,55000
2025-09-16,9,19:11,21:20,129,2,18홀,40000
2025-09-16,13,20:29,21:34,65,2,9홀,45000
2025-09-16,11,21:24,22:34,70,2,9홀,45000
2025-09-17,10,12:43,14:29,106,4,18홀,40000
2025-09-17,5,13:23,14:46,83,1,9홀,35000
2025-09-17,14,17:27,18:09,42,2,연습,50000
2025-09-17,7,20:23,21:06,43,1,연습,50000
2025-09-17,1,20:36,21:14,38,1,연습,60000
2025-09-18,6,11:57,13:18,81,3,9홀,35000
2025-09-18,4,16:34,17:44,70,3,9홀,55000
2025-09-18,14,17:01,19:28,147,4,18홀,45000
2025-09-18,7,17:30,19:33,123,1,18홀,60000
2025-09-18,8,19:12,20:53,101,4,18홀,50000
2025-09-18,5,19:26,21:28,122,4,18홀,60000
2025-09-18,11,19:40,20:30,50,1,연습,50000
2025-09-19,12,10:00,11:03,63,2,레슨,60000
2025-09-19,2,10:00,12:20,140,1,18홀,60000
2025-09-19,14,10:12,12:14,122,1,18홀,70000
2025-09-19,3,12:29,15:17,168,3,18홀,60000
2025-09-19,11,13:13,14:37,84,4,9홀,70000
2025-09-19,13,13:33,15:35,122,3,18홀,60000
2025-09-19,10,14:33,15:18,45,1,연습,55000
2025-09-19,4,15:19,17:33,134,3,18홀,70000
2025-09-19,5,15:40,18:14,154,4,18홀,70000
2025-09-19,11,17:04,19:55,171,2,18홀,70000
2025-09-19,14,17:22,19:49,147,2,18홀,60000
2025-09-19,7,17:24,19:30,126,3,18홀,50000
2025-09-19,8,18:35,19:35,60,2,레슨,55000
2025-09-19,1,18:35,19:32,57,1,연습,80000
2025-09-19,13,19:19,20:27,68,3,9홀,40000
2025-09-19,10,19:27,20:20,53,2,9홀,55000
2025-09-20,3,10:00,11:49,109,2,18홀,60000
2025-09-20,8,11:25,14:02,157,2,18홀,50000
2025-09-20,10,12:29,13:28,59,2,레슨,65000
2025-09-20,4,13:06,15:55,169,4,18홀,40000
2025-09-20,3,13:08,14:08,60,2,9홀,45000
2025-09-20,2,14:03,14:54,51,1,연습,45000
2025-09-20,7,14:04,16:16,132,2,18홀,40000
2025-09-20,14,14:17,16:38,141,2,18홀,50000
2025-09-20,8,14:48,17:10,142,1,18홀,65000
2025-09-20,10,15:35,18:20,165,3,18홀,40000
2025-09-20,7,17:39,19:01,82,4,9홀,45000
2025-09-20,13,18:02,19:08,66,2,9홀,80000
2025-09-20,12,18:45,20:43,118,4,18홀,40000
2025-09-20,9,18:53,20:34,101,3,18홀,55000
2025-09-20,3,18:54,21:50,176,3,18홀,80000
2025-09-20,5,19:09,20:18,69,2,레슨,50000
2025-09-20,4,19:39,20:10,31,2,연습,45000
2025-09-20,14,20:30,21:25,55,2,연습,50000
2025-09-21,5,10:00,12:41,161,3,18홀,60000
2025-09-21,1,11:09,12:23,74,4,9홀,60000
2025-09-21,5,13:46,16:37,171,2,18홀,45000
2025-09-21,2,14:41,16:51,130,4,18홀,65000
2025-09-21,3,15:09,16:01,52,1,연습,40000
2025-09-21,8,15:20,18:13,173,2,18홀,80000
2025-09-21,4,16:21,17:11,50,3,레슨,80000
2025-09-21,6,16:32,18:26,114,2,18홀,50000
2025-09-21,12,17:22,19:04,102,3,18홀,65000
2025-09-21,3,17:59,19:40,101,2,18홀,45000
2025-09-21,11,18:08,20:58,170,3,18홀,80000
2025-09-21,2,18:41,21:36,175,2,18홀,40000
2025-09-21,1,19:12,19:45,33,2,연습,55000
2025-09-21,7,19:43,20:38,55,2,연습,55000
2025-09-21,8,20:01,22:05,124,4,18홀,50000
2025-09-21,1,21:31,22:27,56,3,9홀,65000
2025-09-22,3,10:00,12:38,158,2,18홀,40000
2025-09-22,8,12:12,13:23,71,4,9홀,35000
2025-09-22,7,13:59,14:50,51,4,9홀,35000
2025-09-22,2,17:25,18:08,43,1,연습,40000
2025-09-22,14,19:37,21:53,136,3,18홀,40000
2025-09-22,5,20:39,21:38,59,2,연습,60000
2025-09-23,14,10:00,12:31,151,3,18홀,50000
2025-09-23,10,10:26,11:17,51,2,레슨,45000
2025-09-23,9,10:56,13:31,155,2,18홀,45000
2025-09-23,13,12:18,14:46,148,2,18홀,40000
2025-09-23,9,15:03,16:18,75,2,레슨,50000
2025-09-23,11,17:03,19:43,160,3,18홀,55000
2025-09-23,3,17:39,20:35,176,4,18홀,45000
2025-09-23,6,18:00,20:26,146,2,18홀,50000
2025-09-23,10,18:16,20:51,155,2,18홀,45000
2025-09-23,12,19:10,20:27,77,3,레슨,50000
2025-09-23,1,20:01,20:56,55,4,9홀,45000
2025-09-24,6,10:00,12:39,159,4,18홀,45000
2025-09-24,9,10:48,13:26,158,3,18홀,50000
2025-09-24,8,12:39,15:21,162,3,18홀,50000
2025-09-24,13,13:07,15:56,169,2,18홀,50000
2025-09-24,6,14:10,17:07,177,3,18홀,45000
2025-09-24,7,15:52,16:52,60,1,연습,40000
2025-09-24,3,17:03,18:16,73,4,9홀,55000
2025-09-24,4,17:33,19:13,100,4,18홀,50000
2025-09-24,9,17:50,18:58,68,2,9홀,50000
2025-09-24,8,18:34,20:22,108,4,18홀,55000
2025-09-24,14,18:39,20:00,81,4,9홀,50000
2025-09-24,1,21:29,22:45,76,2,9홀,40000
2025-09-25,3,11:38,13:53,135,4,18홀,45000
2025-09-25,9,12:14,14:47,153,1,18홀,45000
2025-09-25,14,12:44,14:44,120,2,18홀,35000
2025-09-25,1,13:32,14:39,67,3,9홀,45000
2025-09-25,9,15:29,17:16,107,1,18홀,55000
2025-09-25,11,15:39,18:05,146,4,18홀,40000
2025-09-25,4,16:11,18:02,111,1,18홀,45000
2025-09-25,3,16:25,17:15,50,4,9홀,60000
2025-09-25,1,17:36,19:41,125,1,18홀,40000
2025-09-25,3,19:25,20:23,58,2,레슨,50000
2025-09-25,12,19:36,20:24,48,1,연습,45000
2025-09-26,13,10:00,11:08,68,3,9홀,65000
2025-09-26,9,11:38,12:41,63,3,레슨,50000
2025-09-26,5,13:44,16:24,160,2,18홀,70000
2025-09-26,10,14:56,15:37,41,1,연습,65000
2025-09-26,7,15:06,16:20,74,3,레슨,60000
2025-09-26,8,15:08,16:52,104,2,18홀,65000
2025-09-26,13,15:35,17:58,143,3,18홀,55000
2025-09-26,3,16:19,16:56,37,1,연습,55000
2025-09-26,11,16:34,17:37,63,3,9홀,70000
2025-09-26,14,16:55,19:07,132,3,18홀,80000
2025-09-26,1,16:59,18:23,84,3,9홀,60000
2025-09-26,7,17:49,20:38,169,1,18홀,40000
2025-09-26,8,17:57,20:17,140,3,18홀,70000
2025-09-26,14,19:34,20:53,79,2,레슨,70000
2025-09-26,6,20:34,21:43,69,2,레슨,70000
2025-09-26,10,21:56,22:31,35,2,연습,55000
2025-09-27,9,10:00,12:56,176,4,18홀,70000
2025-09-27,2,10:00,12:09,129,3,18홀,55000
2025-09-27,8,10:48,11:44,56,3,9홀,70000
2025-09-27,7,14:25,15:43,78,3,9홀,60000
2025-09-27,11,14:48,15:21,33,1,연습,55000
2025-09-27,1,15:28,17:29,121,3,18홀,65000
2025-09-27,6,17:24,18:28,64,3,9홀,45000
2025-09-27,3,18:11,20:01,110,3,18홀,70000
2025-09-27,1,18:44,20:10,86,2,9홀,70000
2025-09-27,14,18:46,20:49,123,3,18홀,40000
2025-09-27,11,19:20,21:45,145,4,18홀,50000
2025-09-27,4,19:45,20:39,54,1,연습,65000
2025-09-27,8,20:02,20:54,52,4,9홀,70000
2025-09-27,9,20:12,21:58,106,4,18홀,60000
2025-09-27,6,20:17,21:10,53,2,레슨,40000
2025-09-28,4,10:55,13:13,138,1,18홀,80000
2025-09-28,7,14:51,16:59,128,4,18홀,55000
2025-09-28,4,15:05,16:03,58,1,9홀,50000
2025-09-28,10,15:08,16:02,54,3,9홀,55000
2025-09-28,6,17:10,18:22,72,2,9홀,60000
2025-09-28,1,17:26,18:40,74,3,9홀,50000
2025-09-28,2,17:27,18:35,68,2,레슨,45000
2025-09-28,3,18:17,19:17,60,1,연습,40000
2025-09-28,1,18:52,19:57,65,3,레슨,55000
2025-09-28,9,19:47,21:27,100,2,18홀,65000
2025-09-28,12,19:59,20:57,58,3,9홀,55000
2025-09-28,13,20:14,21:23,69,4,9홀,80000
2025-09-29,1,10:00,12:22,142,2,18홀,45000
2025-09-29,8,16:38,17:28,50,4,9홀,50000
2025-09-29,6,17:27,19:35,128,4,18홀,50000
2025-09-29,7,17:50,18:56,66,2,9홀,55000
2025-09-29,3,17:55,19:02,67,2,레슨,40000
2025-09-29,13,18:15,19:56,101,3,18홀,40000
2025-09-29,1,19:55,20:51,56,1,연습,40000
2025-09-30,8,14:05,15:56,111,2,18홀,35000
2025-09-30,4,14:07,14:53,46,1,연습,35000
2025-09-30,5,15:59,18:57,178,4,18홀,50000
2025-09-30,12,17:43,19:34,111,2,18홀,60000
2025-09-30,10,18:26,19:26,60,2,레슨,50000
2025-09-30,11,18:43,20:24,101,2,18홀,50000
2025-09-30,13,18:46,20:35,109,4,18홀,60000
2025-09-30,2,18:57,20:37,100,4,18홀,60000
2025-09-30,4,19:20,19:51,31,2,연습,50000
2025-09-30,1,19:45,21:53,128,2,18홀,40000
2025-09-30,6,20:00,21:52,112,2,18홀,60000
2025-10-01,8,10:00,12:46,166,3,18홀,40000
2025-10-01,14,10:22,12:57,155,3,18홀,45000
2025-10-01,6,11:13,14:01,168,3,18홀,45000
2025-10-01,12,16:14,17:40,86,2,9홀,40000
2025-10-01,9,17:24,19:52,148,3,18홀,40000
2025-10-02,9,14:37,15:42,65,1,9홀,45000
2025-10-02,4,15:23,17:24,121,1,18홀,50000
2025-10-02,10,15:32,16:21,49,2,연습,45000
2025-10-02,13,15:52,18:50,178,3,18홀,60000
2025-10-02,1,16:05,17:16,71,4,9홀,40000
2025-10-02,3,17:34,19:31,117,2,18홀,55000
2025-10-02,4,18:15,21:15,180,3,18홀,40000
2025-10-02,6,19:11,20:18,67,3,9홀,40000
2025-10-02,7,19:15,21:30,135,2,18홀,55000
2025-10-02,8,19:15,21:03,108,3,18홀,40000
2025-10-02,3,21:12,22:17,65,1,레슨,50000
2025-10-03,9,10:00,11:45,105,3,18홀,55000
2025-10-03,7,10:57,13:29,152,1,18홀,45000
2025-10-03,4,12:51,15:15,144,3,18홀,65000
2025-10-03,2,14:29,15:44,75,2,9홀,65000
2025-10-03,5,14:53,16:35,102,3,18홀,65000
2025-10-03,10,15:12,17:52,160,4,18홀,45000
2025-10-03,7,15:15,18:09,174,4,18홀,60000
2025-10-03,12,16:15,18:28,133,1,18홀,55000
2025-10-03,10,18:07,20:02,115,3,18홀,60000
2025-10-03,3,18:16,18:58,42,2,연습,40000
2025-10-03,7,18:46,20:01,75,4,9홀,45000
2025-10-04,7,12:40,13:24,44,2,연습,60000
2025-10-04,10,13:00,14:50,110,2,18홀,60000
2025-10-04,5,13:25,15:43,138,2,18홀,60000
2025-10-04,8,13:57,16:33,156,3,18홀,50000
2025-10-04,7,16:42,18:50,128,1,18홀,45000
2025-10-04,3,17:12,20:00,168,2,18홀,70000
2025-10-04,10,17:32,19:44,132,4,18홀,80000
2025-10-04,13,18:21,20:40,139,2,18홀,80000
2025-10-04,8,18:24,19:49,85,2,9홀,55000
2025-10-04,4,18:26,19:01,35,2,연습,70000
2025-10-04,1,18:31,20:57,146,3,18홀,55000
2025-10-04,2,18:56,19:30,34,1,연습,65000
2025-10-04,9,19:03,21:14,131,4,18홀,55000
2025-10-04,14,19:41,21:30,109,4,18홀,40000
2025-10-04,6,19:45,20:50,65,4,9홀,40000
2025-10-04,8,20:43,21:45,62,2,레슨,65000
2025-10-04,7,20:57,22:11,74,2,레슨,80000
2025-10-04,5,21:42,22:44,62,3,레슨,60000
2025-10-05,6,13:10,14:15,65,4,9홀,50000
2025-10-05,5,13:50,16:25,155,1,18홀,55000
2025-10-05,13,13:52,15:07,75,4,9홀,80000
2025-10-05,12,16:52,19:13,141,2,18홀,65000
2025-10-05,1,17:10,18:18,68,3,9홀,60000
2025-10-05,7,17:27,18:49,82,3,9홀,70000
2025-10-05,4,18:49,19:44,55,2,레슨,80000
2025-10-06,6,18:41,19:39,58,2,9홀,40000
2025-10-06,9,19:36,21:47,131,2,18홀,40000
2025-10-06,1,20:55,21:28,33,2,연습,55000
2025-10-07,12,15:16,16:25,69,3,9홀,45000
2025-10-07,11,18:58,20:41,103,3,18홀,60000
2025-10-07,13,19:08,19:45,37,1,연습,50000
2025-10-07,2,20:20,21:20,60,2,9홀,55000
2025-10-08,5,11:00,11:52,52,1,레슨,45000
2025-10-08,7,12:52,13:59,67,2,9홀,45000
2025-10-08,9,13:32,14:23,51,2,레슨,40000
2025-10-08,3,16:51,19:51,180,4,18홀,50000
2025-10-08,9,17:09,19:17,128,2,18홀,40000
2025-10-08,7,17:24,19:07,103,4,18홀,60000
2025-10-08,4,17:39,20:20,161,1,18홀,40000
2025-10-08,13,18:20,20:40,140,2,18홀,45000
2025-10-08,11,18:22,20:05,103,1,18홀,45000
2025-10-08,6,18:39,19:21,42,1,연습,50000
2025-10-08,5,18:50,19:40,50,2,레슨,50000
2025-10-08,2,19:25,22:22,177,3,18홀,60000
2025-10-09,13,12:02,14:32,150,3,18홀,40000
2025-10-09,2,13:36,15:20,104,2,18홀,45000
2025-10-09,4,13:51,16:47,176,3,18홀,45000
2025-10-09,10,14:54,16:06,72,2,9홀,50000
2025-10-09,3,16:30,18:40,130,3,18홀,50000
2025-10-09,10,17:13,18:11,58,4,9홀,40000
2025-10-09,2,18:12,20:46,154,4,18홀,45000
2025-10-09,14,18:59,20:19,80,2,9홀,60000
2025-10-09,4,19:03,20:00,57,1,레슨,45000
2025-10-10,1,13:15,14:17,62,1,레슨,80000
2025-10-10,8,15:09,17:38,149,3,18홀,70000
2025-10-10,12,15:40,18:31,171,3,18홀,65000
2025-10-10,1,15:42,17:47,125,1,18홀,60000
2025-10-10,3,16:11,18:10,119,3,18홀,80000
2025-10-10,6,17:37,18:52,75,3,9홀,80000
2025-10-10,10,17:37,18:48,71,2,레슨,70000
2025-10-10,7,18:00,18:58,58,4,9홀,40000
2025-10-10,14,19:10,21:08,118,3,18홀,45000
2025-10-10,6,21:18,22:24,66,3,9홀,40000
2025-10-11,7,10:00,12:02,122,2,18홀,55000
2025-10-11,2,14:06,16:47,161,3,18홀,65000
2025-10-11,11,15:29,16:32,63,4,9홀,55000
2025-10-11,9,15:45,17:00,75,2,9홀,60000
2025-10-11,14,15:48,17:28,100,2,18홀,60000
2025-10-11,4,15:50,17:58,128,3,18홀,80000
2025-10-11,11,16:44,17:41,57,2,9홀,50000
2025-10-11,5,16:57,19:23,146,3,18홀,50000
2025-10-11,6,17:03,19:30,147,1,18홀,65000
2025-10-11,9,17:21,20:14,173,3,18홀,45000
2025-10-11,12,17:30,18:45,75,3,9홀,65000
2025-10-11,8,18:15,19:26,71,3,9홀,55000
2025-10-11,13,18:38,19:10,32,2,연습,40000
2025-10-11,10,19:09,20:16,67,1,레슨,70000
2025-10-11,1,19:20,21:19,119,3,18홀,80000
2025-10-11,7,19:21,21:18,117,3,18홀,50000
2025-10-11,14,19:38,21:19,101,1,18홀,40000
2025-10-11,9,21:22,22:20,58,1,연습,70000
2025-10-11,11,21:40,22:42,62,1,레슨,60000
2025-10-12,8,10:00,12:34,154,1,18홀,40000
2025-10-12,12,10:00,11:56,116,3,18홀,80000
2025-10-12,14,10:00,12:38,158,3,18홀,60000
2025-10-12,13,11:09,11:50,41,2,연습,65000
2025-10-12,10,13:41,14:43,62,3,9홀,45000
2025-10-12,8,13:51,16:46,175,3,18홀,80000
2025-10-12,4,14:29,15:09,40,2,연습,40000
2025-10-12,2,14:34,15:35,61,1,9홀,50000
2025-10-12,13,15:40,17:37,117,2,18홀,45000
2025-10-12,5,15:52,17:07,75,2,레슨,80000
2025-10-12,10,16:23,17:38,75,2,레슨,40000
2025-10-12,9,16:54,18:18,84,3,9홀,55000
2025-10-12,8,17:19,19:48,149,2,18홀,45000
2025-10-12,5,18:06,19:14,68,2,레슨,65000
2025-10-12,1,18:15,20:55,160,4,18홀,45000
2025-10-12,14,19:03,21:30,147,2,18홀,70000
2025-10-12,7,19:33,20:25,52,2,9홀,55000
2025-10-12,3,19:56,22:30,154,4,18홀,45000
2025-10-12,10,20:08,20:57,49,1,연습,60000
2025-10-12,9,20:29,21:27,58,2,9홀,40000
2025-10-12,12,21:06,22:03,57,3,9홀,60000
2025-10-13,14,10:00,11:23,83,3,9홀,40000
2025-10-13,11,12:55,14:03,68,2,9홀,40000
2025-10-13,13,14:22,15:28,66,2,9홀,45000
2025-10-13,14,14:30,17:27,177,2,18홀,45000
2025-10-13,10,15:25,16:19,54,2,9홀,50000
2025-10-13,10,16:36,17:35,59,3,레슨,50000
2025-10-13,9,16:53,19:48,175,2,18홀,45000
2025-10-13,13,18:37,19:28,51,2,9홀,40000
2025-10-13,12,18:43,20:36,113,2,18홀,50000
2025-10-13,11,18:53,20:06,73,1,레슨,55000
2025-10-13,1,18:56,20:50,114,2,18홀,40000
2025-10-14,11,15:13,16:15,62,2,9홀,35000
2025-10-14,6,15:39,17:24,105,4,18홀,60000
2025-10-14,3,15:58,17:13,75,1,레슨,55000
2025-10-14,4,17:00,17:59,59,1,연습,45000
2025-10-14,2,19:42,21:40,118,3,18홀,45000
2025-10-15,14,10:00,12:39,159,4,18홀,35000
2025-10-15,10,12:22,12:58,36,2,연습,40000
2025-10-15,4,15:39,18:32,173,2,18홀,55000
2025-10-15,9,16:45,18:05,80,3,레슨,55000
2025-10-15,4,20:02,21:27,85,3,9홀,60000
2025-10-15,2,21:24,22:06,42,1,연습,55000
2025-10-15,7,21:34,22:27,53,2,9홀,50000
2025-10-16,8,10:00,12:04,124,2,18홀,50000
2025-10-16,12,10:02,10:37,35,1,연습,45000
2025-10-16,9,13:05,15:57,172,2,18홀,40000
2025-10-16,13,13:13,14:57,104,3,18홀,50000
2025-10-16,8,13:15,14:27,72,2,레슨,35000
2025-10-16,2,13:29,14:05,36,1,연습,40000
2025-10-16,6,13:53,16:35,162,3,18홀,35000
2025-10-16,1,14:16,17:04,168,2,18홀,40000
2025-10-16,4,15:14,16:58,104,1,18홀,40000
2025-10-16,8,16:57,18:14,77,3,9홀,55000
2025-10-16,4,21:50,22:50,60,3,9홀,45000
2025-10-17,1,10:00,12:59,179,1,18홀,50000
2025-10-17,6,10:10,12:19,129,2,18홀,40000
2025-10-17,3,10:11,11:26,75,2,9홀,55000
2025-10-17,14,12:06,13:10,64,2,레슨,70000
2025-10-17,7,12:42,13:37,55,1,연습,60000
2025-10-17,12,13:04,13:38,34,2,연습,80000
2025-10-17,4,14:41,16:28,107,3,18홀,45000
2025-10-17,3,14:43,15:48,65,3,9홀,70000
2025-10-17,6,15:07,16:28,81,2,9홀,70000
2025-10-17,12,15:41,17:26,105,3,18홀,55000
2025-10-17,13,16:54,18:45,111,4,18홀,55000
2025-10-17,6,17:06,19:23,137,3,18홀,45000
2025-10-17,14,18:10,20:50,160,2,18홀,70000
2025-10-17,12,19:15,20:14,59,2,연습,80000
2025-10-17,13,19:46,22:15,149,3,18홀,45000
2025-10-17,10,20:42,21:58,76,4,9홀,80000
2025-10-18,8,10:00,10:54,54,2,레슨,50000
2025-10-18,6,10:00,12:03,123,4,18홀,60000
2025-10-18,14,11:23,12:37,74,3,9홀,60000
2025-10-18,4,12:32,14:43,131,3,18홀,80000
2025-10-18,3,13:01,15:04,123,1,18홀,65000
2025-10-18,10,14:14,16:09,115,2,18홀,70000
2025-10-18,8,14:16,17:12,176,3,18홀,65000
2025-10-18,11,14:20,16:58,158,3,18홀,50000
2025-10-18,4,15:05,17:48,163,2,18홀,50000
2025-10-18,14,15:17,16:42,85,3,9홀,55000
2025-10-18,13,16:10,17:22,72,3,9홀,45000
2025-10-18,6,16:56,18:16,80,1,레슨,70000
2025-10-18,11,17:24,19:22,118,2,18홀,80000
2025-10-18,1,17:28,18:23,55,3,레슨,50000
2025-10-18,14,19:03,21:07,124,2,18홀,65000
2025-10-18,12,19:05,20:11,66,4,9홀,60000
2025-10-18,8,20:15,21:23,68,2,9홀,65000
2025-10-18,11,20:26,21:32,66,1,레슨,60000
2025-10-18,9,21:40,22:42,62,2,9홀,80000
2025-10-18,1,21:42,22:32,50,2,레슨,40000
2025-10-18,13,21:45,22:39,54,1,연습,40000
2025-10-19,11,10:00,12:30,150,2,18홀,65000
2025-10-19,5,10:30,11:46,76,3,9홀,60000
2025-10-19,3,11:10,12:15,65,3,레슨,45000
2025-10-19,6,11:59,13:57,118,3,18홀,80000
2025-10-19,2,12:16,13:58,102,2,18홀,45000
2025-10-19,7,12:46,14:45,119,1,18홀,40000
2025-10-19,3,15:02,15:38,36,1,연습,55000
2025-10-19,12,15:32,18:04,152,3,18홀,45000
2025-10-19,8,16:34,18:19,105,2,18홀,60000
2025-10-19,4,16:53,17:30,37,2,연습,60000
2025-10-19,1,17:03,18:32,89,1,9홀,70000
2025-10-19,11,19:55,21:48,113,1,18홀,45000
2025-10-19,12,20:06,22:06,120,2,18홀,50000
2025-10-19,2,20:28,22:20,112,3,18홀,80000
2025-10-20,3,10:00,12:27,147,3,18홀,40000
2025-10-20,1,10:00,11:02,62,2,레슨,35000
2025-10-20,5,13:58,16:45,167,2,18홀,40000
2025-10-20,10,16:01,18:53,172,3,18홀,45000
2025-10-20,1,16:37,17:35,58,3,9홀,60000
2025-10-20,4,17:26,20:22,176,2,18홀,50000
2025-10-20,9,18:11,19:08,57,2,레슨,55000
2025-10-20,3,18:47,20:41,114,4,18홀,55000
2025-10-20,5,19:14,20:04,50,2,연습,40000
2025-10-20,5,20:31,22:20,109,2,18홀,45000
2025-10-21,3,11:06,12:51,105,3,18홀,40000
2025-10-21,10,12:59,15:15,136,1,18홀,50000
2025-10-21,10,16:20,17:14,54,2,레슨,55000
2025-10-21,13,16:28,18:28,120,2,18홀,50000
2025-10-21,5,17:30,20:19,169,2,18홀,45000
2025-10-21,7,17:40,19:27,107,3,18홀,55000
2025-10-21,1,18:07,19:47,100,4,18홀,40000
2025-10-21,14,18:53,20:33,100,2,18홀,60000
2025-10-21,12,19:42,21:56,134,3,18홀,40000
2025-10-22,12,10:00,12:25,145,4,18홀,35000
2025-10-22,1,15:52,18:44,172,3,18홀,60000
2025-10-22,5,18:00,20:02,122,3,18홀,60000
2025-10-22,10,18:47,21:47,180,2,18홀,50000
2025-10-22,13,19:09,19:44,35,2,연습,55000
2025-10-22,8,19:36,21:43,127,3,18홀,55000
2025-10-22,11,20:41,22:52,131,4,18홀,60000
2025-10-23,4,11:55,13:35,100,3,18홀,50000
2025-10-23,8,14:02,16:26,144,3,18홀,45000
2025-10-23,12,14:09,16:14,125,1,18홀,45000
2025-10-23,9,15:49,16:40,51,2,9홀,45000
2025-10-23,6,16:21,18:55,154,1,18홀,40000
2025-10-23,14,17:06,19:20,134,3,18홀,50000
2025-10-23,9,17:34,19:59,145,3,18홀,55000
2025-10-23,10,18:21,20:20,119,3,18홀,55000
2025-10-23,8,18:33,19:42,69,2,레슨,55000
2025-10-23,11,18:51,20:03,72,3,9홀,60000
2025-10-23,3,19:51,20:38,47,1,연습,45000
2025-10-23,9,20:47,22:44,117,2,18홀,55000
2025-10-24,4,10:00,12:23,143,3,18홀,80000
2025-10-24,3,10:00,12:36,156,3,18홀,80000
2025-10-24,9,10:39,11:33,54,2,레슨,40000
2025-10-24,10,12:07,14:57,170,3,18홀,60000
2025-10-24,12,12:40,13:34,54,3,9홀,50000
2025-10-24,13,13:17,16:02,165,2,18홀,50000
2025-10-24,6,14:29,15:27,58,2,레슨,45000
2025-10-24,14,14:32,17:00,148,2,18홀,70000
2025-10-24,9,15:14,16:11,57,1,레슨,80000
2025-10-24,3,17:02,17:52,50,4,9홀,80000
2025-10-24,1,17:49,18:49,60,2,9홀,50000
2025-10-24,5,17:59,19:41,102,3,18홀,60000
2025-10-24,8,18:49,19:40,51,2,레슨,65000
2025-10-24,2,19:07,20:19,72,1,9홀,55000
2025-10-24,11,19:26,22:25,179,4,18홀,80000
2025-10-24,8,20:37,22:22,105,3,18홀,70000
2025-10-25,7,10:00,12:50,170,1,18홀,65000
2025-10-25,13,12:11,14:35,144,2,18홀,45000
2025-10-25,1,12:29,13:44,75,1,레슨,60000
2025-10-25,2,13:34,16:18,164,3,18홀,55000
2025-10-25,7,13:50,14:53,63,2,9홀,80000
2025-10-25,3,13:50,16:23,153,2,18홀,45000
2025-10-25,4,14:34,17:08,154,2,18홀,70000
2025-10-25,9,14:36,16:02,86,3,9홀,65000
2025-10-25,3,16:56,18:05,69,2,9홀,60000
2025-10-25,9,18:36,19:47,71,4,9홀,80000
2025-10-25,7,18:46,20:40,114,4,18홀,80000
2025-10-25,4,18:52,21:12,140,4,18홀,50000
2025-10-25,1,19:10,20:10,60,2,9홀,50000
2025-10-26,1,10:00,11:55,115,2,18홀,40000
2025-10-26,9,10:03,12:59,176,1,18홀,50000
2025-10-26,6,11:25,12:43,78,2,9홀,40000
2025-10-26,10,12:09,14:57,168,3,18홀,50000
2025-10-26,5,12:17,12:56,39,1,연습,45000
2025-10-26,6,14:26,16:23,117,2,18홀,70000
2025-10-26,1,14:40,17:36,176,2,18홀,50000
2025-10-26,12,15:24,18:23,179,3,18홀,40000
2025-10-26,4,15:40,18:19,159,3,18홀,50000
2025-10-26,14,16:20,18:11,111,2,18홀,80000
2025-10-26,1,18:01,20:38,157,4,18홀,60000
2025-10-26,10,18:13,20:39,146,2,18홀,65000
2025-10-26,3,18:19,19:44,85,3,9홀,40000
2025-10-26,7,18:53,19:53,60,3,9홀,55000
2025-10-26,2,19:25,20:21,56,3,9홀,45000
2025-10-26,13,19:57,20:56,59,2,레슨,80000
2025-10-27,5,10:00,12:25,145,4,18홀,35000
2025-10-27,2,13:59,14:56,57,3,9홀,40000
2025-10-27,11,14:33,17:15,162,2,18홀,45000
2025-10-27,5,15:18,16:14,56,1,레슨,40000
2025-10-27,8,16:10,18:57,167,4,18홀,50000
2025-10-27,10,17:02,19:47,165,4,18홀,55000
2025-10-27,12,17:27,19:32,125,3,18홀,55000
2025-10-27,9,18:40,21:05,145,2,18홀,60000
2025-10-27,3,20:09,21:34,85,3,9홀,50000
2025-10-28,8,10:00,11:01,61,3,9홀,35000
2025-10-28,9,10:00,12:21,141,2,18홀,50000
2025-10-28,13,11:18,13:43,145,2,18홀,50000
2025-10-28,2,14:11,15:25,74,3,9홀,40000
2025-10-28,11,15:07,16:06,59,1,연습,40000
2025-10-28,4,16:17,18:36,139,2,18홀,40000
2025-10-28,13,21:35,22:49,74,2,9홀,40000
2025-10-29,11,13:20,15:06,106,3,18홀,50000
2025-10-29,10,13:25,14:18,53,3,9홀,50000
2025-10-29,13,14:23,17:11,168,2,18홀,40000
2025-10-29,7,15:09,17:58,169,4,18홀,40000
2025-10-29,5,16:16,18:33,137,3,18홀,50000
2025-10-29,10,17:59,19:07,68,2,레슨,50000
2025-10-30,11,10:00,11:21,81,3,9홀,50000
2025-10-30,14,11:56,14:42,166,2,18홀,45000
2025-10-30,8,12:31,15:07,156,4,18홀,40000
2025-10-30,4,15:02,16:25,83,4,9홀,45000
2025-10-30,14,16:06,16:56,50,3,레슨,45000
2025-10-30,6,16:35,17:46,71,3,9홀,55000
2025-10-30,11,16:41,19:27,166,1,18홀,45000
2025-10-30,14,17:36,19:51,135,4,18홀,60000
2025-10-30,4,17:39,19:29,110,4,18홀,45000
2025-10-30,3,17:40,20:39,179,3,18홀,45000
2025-10-30,10,17:51,19:34,103,3,18홀,45000
2025-10-30,5,18:50,21:17,147,4,18홀,50000
2025-10-30,2,19:28,21:36,128,3,18홀,55000
2025-10-31,13,10:00,12:39,159,2,18홀,80000
2025-10-31,10,15:40,17:21,101,4,18홀,45000
2025-10-31,2,15:56,16:26,30,2,연습,50000
2025-10-31,13,16:01,18:35,154,3,18홀,55000
2025-10-31,8,16:30,19:01,151,2,18홀,80000
2025-10-31,9,17:15,18:39,84,1,9홀,55000
2025-10-31,12,17:26,18:25,59,2,레슨,80000
2025-10-31,5,17:50,18:43,53,3,9홀,70000
2025-10-31,2,19:05,19:39,34,2,연습,55000
2025-10-31,4,21:16,22:04,48,1,연습,80000
2025-11-01,6,10:00,11:40,100,4,18홀,40000
2025-11-01,7,11:24,13:15,111,4,18홀,70000
2025-11-01,11,12:19,12:51,32,1,연습,60000
2025-11-01,12,12:23,15:17,174,2,18홀,60000
2025-11-01,4,14:37,16:34,117,3,18홀,65000
2025-11-01,5,14:42,16:34,112,2,18홀,80000
2025-11-01,11,16:06,16:56,50,3,레슨,65000
2025-11-01,7,16:10,18:38,148,4,18홀,45000
2025-11-01,8,16:34,17:17,43,1,연습,60000
2025-11-01,5,16:56,19:51,175,3,18홀,55000
2025-11-01,6,17:24,19:21,117,2,18홀,60000
2025-11-01,11,17:26,19:59,153,3,18홀,60000
2025-11-01,10,17:28,19:41,133,3,18홀,40000
2025-11-01,4,17:42,20:34,172,4,18홀,45000
2025-11-01,8,17:43,19:13,90,3,9홀,45000
2025-11-01,3,18:21,19:13,52,2,9홀,40000
2025-11-01,2,18:26,18:58,32,2,연습,80000
2025-11-01,12,18:29,19:32,63,3,레슨,80000
2025-11-01,14,19:25,20:39,74,2,레슨,65000
2025-11-01,8,20:00,20:57,57,2,9홀,50000
2025-11-01,6,20:08,21:01,53,1,레슨,70000
2025-11-01,12,20:37,21:32,55,2,연습,40000
2025-11-01,14,21:26,22:22,56,1,연습,60000
2025-11-02,13,11:16,14:11,175,3,18홀,80000
2025-11-02,8,11:44,14:34,170,4,18홀,70000
2025-11-02,9,13:09,16:08,179,3,18홀,80000
2025-11-02,7,13:37,15:46,129,3,18홀,55000
2025-11-02,3,14:59,17:08,129,3,18홀,40000
2025-11-02,2,15:07,15:57,50,2,레슨,40000
2025-11-02,1,15:32,16:38,66,1,9홀,65000
2025-11-02,12,15:45,16:15,30,1,연습,55000
2025-11-02,10,15:56,17:36,100,1,18홀,50000
2025-11-02,6,16:17,18:31,134,1,18홀,50000
2025-11-02,7,16:21,17:33,72,2,레슨,65000
2025-11-02,5,17:39,18:51,72,3,레슨,55000
2025-11-02,12,17:43,20:10,147,3,18홀,80000
2025-11-02,13,17:45,19:43,118,1,18홀,55000
2025-11-02,7,18:03,20:20,137,2,18홀,80000
2025-11-02,5,19:11,20:05,54,1,레슨,60000
2025-11-02,14,19:23,21:16,113,1,18홀,55000
2025-11-02,1,20:54,22:40,106,3,18홀,55000
2025-11-02,7,21:24,22:38,74,3,9홀,45000
2025-11-03,3,10:00,11:12,72,3,레슨,50000
2025-11-03,11,10:00,11:44,104,3,18홀,50000
2025-11-03,14,10:00,12:30,150,1,18홀,45000
2025-11-03,9,11:53,12:55,62,1,9홀,40000
2025-11-03,6,16:44,17:49,65,1,레슨,60000
2025-11-03,3,17:16,19:53,157,2,18홀,40000
2025-11-03,6,18:04,19:01,57,1,레슨,50000
2025-11-03,9,18:16,19:12,56,1,레슨,55000
2025-11-03,13,20:02,20:50,48,2,연습,50000
2025-11-03,3,20:59,21:44,45,1,연습,60000
2025-11-04,12,10:00,11:10,70,3,9홀,45000
2025-11-04,3,10:15,11:08,53,2,레슨,35000
2025-11-04,5,13:10,15:48,158,3,18홀,50000
2025-11-04,6,15:03,17:11,128,2,18홀,60000
2025-11-04,9,15:32,17:23,111,2,18홀,55000
2025-11-04,7,15:48,17:55,127,2,18홀,45000
2025-11-04,8,15:58,18:52,174,3,18홀,40000
2025-11-04,10,16:15,18:48,153,1,18홀,45000
2025-11-04,2,16:48,19:28,160,3,18홀,50000
2025-11-04,9,17:38,18:56,78,1,레슨,45000
2025-11-04,4,18:40,20:05,85,4,9홀,50000
2025-11-04,9,19:15,20:42,87,2,9홀,40000
2025-11-04,13,19:44,21:37,113,2,18홀,50000
2025-11-05,9,10:00,12:01,121,4,18홀,50000
2025-11-05,7,11:12,12:40,88,3,9홀,35000
2025-11-05,12,12:52,13:47,55,1,연습,45000
2025-11-05,1,13:37,14:39,62,2,레슨,40000
2025-11-05,11,14:01,16:53,172,3,18홀,45000
2025-11-05,13,14:44,15:35,51,3,9홀,40000
2025-11-05,5,17:43,19:33,110,1,18홀,55000
2025-11-05,13,18:51,21:21,150,4,18홀,60000
2025-11-05,9,20:23,21:27,64,3,9홀,55000
2025-11-05,10,20:41,21:59,78,2,9홀,45000
2025-11-05,7,21:36,22:16,40,1,연습,55000
2025-11-06,3,10:00,12:01,121,3,18홀,40000
2025-11-06,1,12:11,13:22,71,3,레슨,40000
2025-11-06,2,12:37,14:43,126,1,18홀,45000
2025-11-06,3,13:34,16:32,178,2,18홀,35000
2025-11-06,12,15:51,16:28,37,1,연습,35000
2025-11-06,1,18:49,21:20,151,2,18홀,45000
2025-11-06,12,19:40,21:50,130,2,18홀,45000
2025-11-06,13,20:57,22:10,73,2,레슨,60000
2025-11-07,9,10:00,12:29,149,2,18홀,65000
2025-11-07,8,10:00,12:50,170,2,18홀,55000
2025-11-07,12,10:00,11:46,106,3,18홀,80000
2025-11-07,2,10:00,12:35,155,4,18홀,50000
2025-11-07,3,10:59,12:51,112,1,18홀,40000
2025-11-07,9,14:36,15:42,66,3,9홀,55000
2025-11-07,5,14:45,16:33,108,3,18홀,70000
2025-11-07,4,15:36,16:35,59,4,9홀,60000
2025-11-07,2,17:00,19:14,134,3,18홀,70000
2025-11-07,5,17:03,19:47,164,3,18홀,70000
2025-11-07,1,17:13,18:29,76,2,9홀,40000
2025-11-07,13,17:29,18:37,68,4,9홀,45000
2025-11-07,14,18:02,18:46,44,1,연습,60000
2025-11-07,11,18:27,21:06,159,3,18홀,55000
2025-11-07,12,18:48,20:10,82,3,9홀,80000
2025-11-07,4,19:12,21:44,152,2,18홀,70000
2025-11-07,9,19:14,20:04,50,1,9홀,40000
2025-11-07,6,21:43,22:33,50,1,레슨,70000
2025-11-08,9,10:00,12:51,171,2,18홀,60000
2025-11-08,12,10:00,12:33,153,3,18홀,45000
2025-11-08,1,13:21,14:33,72,3,9홀,40000
2025-11-08,6,14:03,15:59,116,3,18홀,50000
2025-11-08,9,14:04,15:51,107,1,18홀,50000
2025-11-08,2,14:34,15:07,33,2,연습,55000
2025-11-08,5,15:09,17:00,111,3,18홀,40000
2025-11-08,1,17:57,19:21,84,3,9홀,65000
2025-11-08,2,18:24,18:56,32,1,연습,60000
2025-11-08,6,19:02,21:21,139,4,18홀,80000
2025-11-08,4,19:53,20:47,54,1,연습,50000
2025-11-08,2,20:21,22:14,113,2,18홀,60000
2025-11-08,5,21:13,21:50,37,2,연습,55000
2025-11-09,4,10:00,11:21,81,3,9홀,50000
2025-11-09,5,11:32,14:10,158,3,18홀,55000
2025-11-09,6,11:55,14:08,133,1,18홀,40000
2025-11-09,10,12:19,15:04,165,4,18홀,45000
2025-11-09,3,13:31,14:18,47,2,연습,60000
2025-11-09,11,14:01,17:00,179,3,18홀,40000
2025-11-09,14,15:41,16:41,60,1,연습,45000
2025-11-09,13,15:54,18:48,174,2,18홀,45000
2025-11-09,8,16:23,17:52,89,4,9홀,50000
2025-11-09,10,16:29,19:01,152,3,18홀,40000
2025-11-09,3,18:06,19:05,59,2,레슨,70000
2025-11-09,1,18:15,19:18,63,3,9홀,80000
2025-11-09,4,18:46,19:33,47,1,연습,40000
2025-11-09,11,19:39,20:35,56,1,연습,45000
2025-11-09,1,19:50,21:16,86,3,9홀,55000
2025-11-09,3,20:45,21:53,68,2,9홀,50000
2025-11-09,12,20:48,22:02,74,2,레슨,40000
2025-11-10,14,13:57,14:54,57,1,레슨,50000
2025-11-10,10,14:27,16:50,143,3,18홀,60000
2025-11-10,2,16:44,19:08,144,2,18홀,50000
2025-11-10,9,16:54,18:42,108,3,18홀,60000
2025-11-10,5,17:36,20:03,147,1,18홀,40000
2025-11-10,7,18:09,18:56,47,1,연습,60000
2025-11-10,2,20:37,22:48,131,1,18홀,50000
2025-11-11,8,10:22,10:52,30,1,연습,50000
2025-11-11,9,11:15,13:08,113,1,18홀,35000
2025-11-11,4,11:16,11:47,31,1,연습,45000
2025-11-11,5,14:17,15:33,76,2,레슨,35000
2025-11-11,4,14:20,15:12,52,4,9홀,45000
2025-11-11,14,17:57,20:22,145,3,18홀,50000
2025-11-11,10,18:00,19:13,73,2,레슨,60000
2025-11-11,12,18:55,19:26,31,2,연습,50000
2025-11-11,11,20:11,21:07,56,4,9홀,45000
2025-11-11,6,20:26,21:42,76,3,레슨,55000
2025-11-12,8,10:00,11:49,109,2,18홀,35000
2025-11-12,8,12:19,14:14,115,3,18홀,45000
2025-11-12,9,14:19,15:25,66,2,레슨,35000
2025-11-12,3,14:33,17:23,170,4,18홀,50000
2025-11-12,2,14:44,16:53,129,2,18홀,60000
2025-11-12,13,16:12,18:08,116,2,18홀,60000
2025-11-12,11,17:08,18:22,74,2,레슨,60000
2025-11-12,9,17:08,18:53,105,4,18홀,60000
2025-11-12,10,17:58,20:01,123,3,18홀,60000
2025-11-12,9,19:18,20:30,72,1,9홀,45000
2025-11-12,3,19:38,20:46,68,4,9홀,40000
2025-11-12,8,19:42,21:42,120,3,18홀,60000
2025-11-12,9,20:51,21:40,49,2,연습,40000
2025-11-13,8,10:00,11:15,75,2,9홀,35000
2025-11-13,6,11:22,12:33,71,2,레슨,40000
2025-11-13,14,13:01,15:12,131,3,18홀,35000
2025-11-13,1,13:32,15:23,111,4,18홀,50000
2025-11-13,8,14:18,16:25,127,4,18홀,45000
2025-11-13,3,14:31,15:30,59,3,9홀,35000
2025-11-13,9,15:01,17:54,173,3,18홀,45000
2025-11-13,4,16:00,17:00,60,3,9홀,45000
2025-11-13,6,17:10,18:53,103,3,18홀,50000
2025-11-13,4,17:30,19:11,101,2,18홀,45000
2025-11-13,10,18:26,19:20,54,3,9홀,60000
2025-11-13,12,19:16,20:20,64,1,9홀,60000
2025-11-13,8,19:19,20:11,52,1,연습,45000
2025-11-13,13,21:25,22:16,51,4,9홀,40000
2025-11-14,8,10:00,10:38,38,2,연습,70000
2025-11-14,4,10:00,12:20,140,2,18홀,45000
2025-11-14,2,10:05,12:02,117,4,18홀,40000
2025-11-14,4,15:12,16:08,56,3,9홀,80000
2025-11-14,7,15:30,16:36,66,1,레슨,45000
2025-11-14,1,16:22,17:19,57,1,연습,45000
2025-11-14,11,16:47,19:12,145,1,18홀,50000
2025-11-14,6,17:28,17:58,30,1,연습,40000
2025-11-14,10,17:40,19:27,107,2,18홀,40000
2025-11-14,14,17:59,19:06,67,3,9홀,80000
2025-11-14,3,18:38,21:25,167,2,18홀,80000
2025-11-14,8,18:39,20:46,127,2,18홀,55000
2025-11-14,13,18:57,20:17,80,3,9홀,65000
2025-11-14,7,19:02,21:20,138,3,18홀,80000
2025-11-15,10,15:05,15:36,31,1,연습,80000
2025-11-15,5,15:08,17:59,171,3,18홀,50000
2025-11-15,7,16:05,16:56,51,2,연습,65000
2025-11-15,12,17:12,19:35,143,3,18홀,40000
2025-11-15,6,17:23,19:48,145,4,18홀,55000
2025-11-15,1,17:35,18:13,38,2,연습,70000
2025-11-15,4,17:36,18:27,51,2,연습,80000
2025-11-15,14,17:37,20:24,167,3,18홀,70000
2025-11-15,13,18:07,20:20,133,2,18홀,60000
2025-11-15,10,18:46,21:26,160,3,18홀,60000
2025-11-15,5,19:14,20:27,73,2,9홀,70000
2025-11-15,9,19:15,20:08,53,1,연습,60000
2025-11-15,7,20:10,21:03,53,1,연습,50000
2025-11-15,4,20:24,21:14,50,3,9홀,55000
2025-11-16,6,10:39,12:49,130,4,18홀,50000
2025-11-16,3,11:32,12:44,72,4,9홀,60000
2025-11-16,2,12:18,14:59,161,4,18홀,45000
2025-11-16,4,12:23,14:26,123,4,18홀,50000
2025-11-16,14,12:59,13:55,56,2,레슨,55000
2025-11-16,1,13:11,15:45,154,2,18홀,50000
2025-11-16,12,13:58,15:19,81,4,9홀,60000
2025-11-16,3,14:45,17:17,152,4,18홀,80000
2025-11-16,7,14:50,15:47,57,3,9홀,60000
2025-11-16,5,14:55,16:39,104,4,18홀,50000
2025-11-16,6,14:56,17:02,126,1,18홀,60000
2025-11-16,10,16:15,17:16,61,3,9홀,40000
2025-11-16,9,17:15,19:52,157,4,18홀,50000
2025-11-16,11,17:26,19:13,107,4,18홀,70000
2025-11-16,7,18:10,21:01,171,3,18홀,60000
2025-11-16,8,18:10,20:46,156,3,18홀,70000
2025-11-16,4,18:20,19:24,64,2,레슨,40000
2025-11-16,5,18:56,20:23,87,3,9홀,60000
2025-11-16,13,19:00,21:43,163,2,18홀,50000
2025-11-16,6,19:47,20:42,55,2,레슨,55000
2025-11-16,3,20:33,21:39,66,3,9홀,60000
2025-11-16,5,20:38,21:34,56,2,9홀,65000
2025-11-17,6,10:00,12:29,149,2,18홀,40000
2025-11-17,6,15:14,16:16,62,2,레슨,40000
2025-11-17,5,15:22,18:12,170,4,18홀,60000
2025-11-17,14,15:23,15:54,31,2,연습,40000
2025-11-17,8,16:41,19:25,164,4,18홀,40000
2025-11-17,13,17:33,18:31,58,1,레슨,50000
2025-11-17,1,17:57,20:49,172,2,18홀,60000
2025-11-17,3,18:22,21:16,174,2,18홀,55000
2025-11-17,7,18:31,20:58,147,2,18홀,55000
2025-11-17,11,18:39,20:40,121,3,18홀,45000
2025-11-17,6,18:54,19:47,53,2,연습,60000
2025-11-17,5,19:14,21:25,131,4,18홀,60000
2025-11-17,2,19:24,21:49,145,4,18홀,60000
2025-11-18,2,10:00,11:12,72,4,9홀,50000
2025-11-18,1,11:03,12:14,71,4,9홀,50000
2025-11-18,10,11:04,13:21,137,3,18홀,45000
2025-11-18,5,11:56,12:59,63,2,9홀,40000
2025-11-18,1,15:03,16:43,100,3,18홀,45000
2025-11-18,14,15:49,17:44,115,3,18홀,60000
2025-11-18,2,15:52,17:52,120,3,18홀,50000
2025-11-18,9,17:28,19:26,118,2,18홀,50000
2025-11-18,11,18:07,18:47,40,2,연습,45000
2025-11-18,12,18:21,19:25,64,1,레슨,50000
2025-11-18,3,18:58,20:39,101,3,18홀,60000
2025-11-18,11,19:49,22:26,157,3,18홀,60000
2025-11-18,2,20:08,22:38,150,1,18홀,60000
2025-11-19,3,14:03,15:07,64,4,9홀,40000
2025-11-19,3,15:47,17:07,80,2,9홀,60000
2025-11-19,11,16:21,18:19,118,2,18홀,45000
2025-11-19,12,16:38,18:21,103,3,18홀,40000
2025-11-19,13,19:07,20:55,108,4,18홀,45000
2025-11-19,5,19:10,20:20,70,2,9홀,45000
2025-11-19,14,19:59,21:51,112,2,18홀,60000
2025-11-19,2,20:39,21:29,50,2,9홀,40000
2025-11-20,8,15:18,18:04,166,3,18홀,45000
2025-11-20,3,17:05,18:24,79,3,9홀,55000
2025-11-20,12,18:14,20:32,138,1,18홀,55000
2025-11-20,9,18:21,19:51,90,3,9홀,50000
2025-11-20,2,18:24,19:22,58,3,9홀,45000
2025-11-20,10,20:06,21:16,70,3,레슨,60000
2025-11-21,10,12:37,14:38,121,2,18홀,45000
2025-11-21,3,14:37,16:06,89,3,9홀,80000
2025-11-21,1,15:12,16:29,77,3,9홀,50000
2025-11-21,6,15:13,16:36,83,4,9홀,45000
2025-11-21,10,16:23,19:08,165,2,18홀,70000
2025-11-21,5,16:40,19:34,174,2,18홀,65000
2025-11-21,7,16:43,19:09,146,3,18홀,55000
2025-11-21,3,17:20,18:37,77,3,9홀,80000
2025-11-21,13,18:59,19:49,50,2,9홀,55000
2025-11-21,8,19:52,20:27,35,1,연습,60000
2025-11-22,3,10:00,12:55,175,1,18홀,45000
2025-11-22,6,10:40,12:40,120,2,18홀,80000
2025-11-22,1,12:15,15:11,176,2,18홀,70000
2025-11-22,2,14:01,16:59,178,3,18홀,55000
2025-11-22,14,14:07,16:48,161,1,18홀,65000
2025-11-22,8,14:18,15:09,51,1,레슨,50000
2025-11-22,6,15:42,16:35,53,2,9홀,40000
2025-11-22,11,15:54,18:21,147,2,18홀,70000
2025-11-22,13,16:28,19:04,156,4,18홀,60000
2025-11-22,8,16:31,18:52,141,2,18홀,40000
2025-11-22,1,17:03,18:48,105,3,18홀,60000
2025-11-22,7,17:12,19:18,126,1,18홀,40000
2025-11-22,2,17:22,18:41,79,2,9홀,45000
2025-11-22,5,17:59,19:03,64,2,9홀,40000
2025-11-22,12,18:04,19:00,56,2,연습,65000
2025-11-22,9,18:13,19:21,68,2,9홀,70000
2025-11-22,6,18:22,20:14,112,4,18홀,60000
2025-11-22,14,18:26,19:05,39,1,연습,80000
2025-11-22,4,19:00,21:34,154,2,18홀,70000
2025-11-22,10,19:32,20:29,57,3,9홀,55000
2025-11-22,9,19:49,20:35,46,2,연습,50000
2025-11-23,13,10:00,12:15,135,3,18홀,45000
2025-11-23,9,10:05,11:01,56,1,9홀,55000
2025-11-23,10,12:21,15:04,163,2,18홀,65000
2025-11-23,5,13:54,15:39,105,3,18홀,60000
2025-11-23,9,14:41,15:48,67,2,9홀,70000
2025-11-23,4,15:06,16:23,77,3,9홀,65000
2025-11-23,6,15:20,17:35,135,3,18홀,40000
2025-11-23,3,15:38,16:46,68,3,레슨,70000
2025-11-23,5,15:59,17:03,64,3,9홀,50000
2025-11-23,12,16:00,18:44,164,3,18홀,70000
2025-11-23,1,17:27,18:21,54,3,9홀,80000
2025-11-23,4,18:53,20:37,104,3,18홀,40000
2025-11-23,7,19:17,20:18,61,2,9홀,80000
2025-11-23,6,20:02,21:19,77,4,9홀,60000
2025-11-23,9,21:47,22:54,67,2,9홀,65000
2025-11-23,5,21:59,22:52,53,1,연습,40000
2025-11-24,13,10:00,10:32,32,2,연습,45000
2025-11-24,7,14:32,15:48,76,2,9홀,45000
2025-11-24,8,15:02,15:56,54,1,연습,35000
2025-11-24,3,15:28,18:05,157,1,18홀,60000
2025-11-24,6,15:33,16:28,55,4,9홀,35000
2025-11-24,13,17:06,18:17,71,3,9홀,50000
2025-11-24,1,18:57,19:28,31,2,연습,55000
2025-11-24,4,18:59,19:29,30,1,연습,60000
2025-11-24,12,19:43,20:41,58,1,레슨,40000
2025-11-24,8,20:38,21:23,45,1,연습,60000
2025-11-25,9,10:00,10:45,45,1,연습,45000
2025-11-25,14,12:47,15:20,153,4,18홀,35000
2025-11-25,5,16:55,19:24,149,2,18홀,45000
2025-11-25,12,17:17,20:02,165,4,18홀,55000
2025-11-25,1,17:22,18:17,55,3,9홀,45000
2025-11-25,8,17:55,20:15,140,4,18홀,40000
2025-11-25,10,17:57,18:37,40,2,연습,40000
2025-11-26,10,13:53,16:06,133,3,18홀,40000
2025-11-26,13,14:25,17:14,169,1,18홀,50000
2025-11-26,3,14:29,15:55,86,3,9홀,40000
2025-11-26,2,15:10,18:03,173,2,18홀,45000
2025-11-26,5,15:34,18:19,165,3,18홀,60000
2025-11-26,8,15:59,18:32,153,3,18홀,40000
2025-11-26,1,16:46,17:22,36,1,연습,60000
2025-11-26,12,17:41,18:54,73,3,레슨,45000
2025-11-26,3,18:53,20:22,89,3,9홀,45000
2025-11-26,14,18:54,20:37,103,4,18홀,40000
2025-11-26,6,18:54,21:04,130,2,18홀,45000
2025-11-26,9,20:39,22:05,86,1,9홀,40000
2025-11-27,2,13:37,14:26,49,2,연습,50000
2025-11-27,7,14:13,15:09,56,3,레슨,35000
2025-11-27,11,14:24,16:38,134,3,18홀,45000
2025-11-27,9,18:17,20:50,153,2,18홀,60000
2025-11-27,13,18:50,20:36,106,3,18홀,55000
2025-11-27,1,19:47,21:10,83,2,9홀,45000
2025-11-27,5,19:50,20:50,60,2,연습,45000
2025-11-27,4,20:07,21:34,87,2,9홀,50000
2025-11-28,2,10:00,12:37,157,1,18홀,50000
2025-11-28,6,10:00,12:32,152,3,18홀,65000
2025-11-28,11,11:11,13:17,126,3,18홀,50000
2025-11-28,7,13:07,15:45,158,3,18홀,55000
2025-11-28,3,15:48,18:44,176,3,18홀,55000
2025-11-28,11,16:21,17:08,47,2,연습,55000
2025-11-28,10,16:41,18:30,109,3,18홀,40000
2025-11-28,4,16:45,18:55,130,1,18홀,70000
2025-11-28,1,16:51,17:42,51,2,9홀,60000
2025-11-28,8,16:57,19:30,153,2,18홀,55000
2025-11-28,13,17:00,18:26,86,3,9홀,80000
2025-11-28,1,18:17,18:59,42,1,연습,50000
2025-11-28,11,18:20,20:37,137,2,18홀,40000
2025-11-28,14,19:02,20:30,88,3,9홀,50000
2025-11-28,10,19:10,20:33,83,1,9홀,65000
2025-11-28,6,19:20,21:28,128,1,18홀,55000
2025-11-28,13,19:42,20:45,63,3,9홀,40000
2025-11-28,8,20:19,21:45,86,2,9홀,40000
2025-11-29,1,10:00,10:50,50,2,연습,40000
2025-11-29,7,10:00,11:05,65,4,9홀,40000
2025-11-29,8,10:09,11:01,52,3,9홀,70000
2025-11-29,11,11:18,13:49,151,2,18홀,40000
2025-11-29,14,12:24,13:39,75,2,레슨,50000
2025-11-29,13,12:46,13:24,38,2,연습,60000
2025-11-29,10,13:59,16:27,148,2,18홀,80000
2025-11-29,9,14:48,15:53,65,1,레슨,45000
2025-11-29,4,15:22,16:05,43,1,연습,40000
2025-11-29,13,16:06,18:02,116,3,18홀,50000
2025-11-29,3,17:43,19:03,80,2,레슨,40000
2025-11-29,10,18:07,19:08,61,2,9홀,60000
2025-11-29,12,18:39,20:46,127,4,18홀,50000
2025-11-29,1,19:02,21:29,147,2,18홀,70000
2025-11-29,13,19:11,20:25,74,3,9홀,45000
2025-11-29,3,19:29,20:17,48,1,연습,45000
2025-11-29,11,19:50,20:22,32,1,연습,45000
2025-11-29,8,20:32,21:19,47,1,연습,80000
2025-11-29,2,21:24,22:47,83,4,9홀,60000
2025-11-30,4,10:00,11:52,112,4,18홀,40000
2025-11-30,8,10:06,12:05,119,1,18홀,45000
2025-11-30,1,13:05,15:22,137,4,18홀,70000
2025-11-30,14,14:26,17:24,178,3,18홀,80000
2025-11-30,12,16:28,18:12,104,2,18홀,40000
2025-11-30,9,16:59,18:41,102,2,18홀,45000
2025-11-30,3,17:16,19:38,142,3,18홀,50000
2025-11-30,1,17:35,19:58,143,4,18홀,70000
2025-11-30,11,18:17,19:11,54,2,레슨,40000
2025-11-30,14,19:00,19:39,39,1,연습,65000
2025-11-30,11,20:08,20:57,49,1,연습,65000
2025-11-30,14,20:43,21:17,34,2,연습,70000
2025-11-30,3,21:00,22:15,75,1,9홀,70000
2025-12-01,1,10:00,11:05,65,3,9홀,50000
2025-12-01,6,10:49,13:06,137,3,18홀,40000
2025-12-01,7,12:24,12:57,33,2,연습,50000
2025-12-01,2,13:52,15:13,81,2,9홀,50000
2025-12-01,11,15:39,17:43,124,4,18홀,50000
2025-12-01,3,16:31,19:24,173,2,18홀,50000
2025-12-01,8,16:32,18:13,101,3,18홀,45000
2025-12-01,6,17:31,19:20,109,2,18홀,45000
2025-12-01,12,19:26,20:55,89,3,9홀,40000
2025-12-01,8,20:53,21:49,56,1,레슨,55000
2025-12-02,5,11:24,13:41,137,2,18홀,40000
2025-12-02,7,14:23,16:37,134,3,18홀,50000
2025-12-02,14,15:51,16:48,57,1,연습,35000
2025-12-02,1,16:00,18:40,160,1,18홀,45000
2025-12-02,8,16:23,18:03,100,1,18홀,50000
2025-12-02,12,16:52,18:53,121,1,18홀,40000
2025-12-02,13,17:17,20:08,171,2,18홀,50000
2025-12-02,6,17:55,19:09,74,3,9홀,55000
2025-12-02,9,19:02,20:54,112,2,18홀,55000
2025-12-03,4,10:28,11:19,51,2,연습,40000
2025-12-03,1,13:02,15:44,162,2,18홀,45000
2025-12-03,7,15:42,17:23,101,2,18홀,55000
2025-12-03,9,15:53,17:59,126,3,18홀,45000
2025-12-03,6,16:40,18:50,130,3,18홀,55000
2025-12-03,11,17:10,18:01,51,2,9홀,60000
2025-12-03,7,17:44,19:43,119,3,18홀,60000
2025-12-03,10,17:56,20:02,126,2,18홀,55000
2025-12-03,14,18:02,19:32,90,3,9홀,45000
2025-12-03,5,18:49,19:44,55,3,9홀,50000
2025-12-03,11,19:51,21:55,124,2,18홀,45000
2025-12-04,1,10:00,12:44,164,3,18홀,50000
2025-12-04,4,12:56,13:47,51,3,레슨,35000
2025-12-04,2,13:12,16:08,176,4,18홀,35000
2025-12-04,12,14:52,16:43,111,4,18홀,50000
2025-12-04,9,16:20,18:43,143,2,18홀,45000
2025-12-04,13,17:20,19:14,114,1,18홀,50000
2025-12-04,6,17:22,17:55,33,1,연습,50000
2025-12-04,3,17:23,20:11,168,1,18홀,50000
2025-12-04,11,18:06,20:23,137,4,18홀,60000
2025-12-04,12,18:16,19:31,75,1,레슨,50000
2025-12-04,8,18:43,19:47,64,3,9홀,60000
2025-12-04,5,18:58,20:11,73,3,9홀,60000
2025-12-04,7,19:20,20:25,65,4,9홀,40000
2025-12-04,12,19:55,21:10,75,3,레슨,40000
2025-12-04,14,20:41,22:52,131,4,18홀,60000
2025-12-05,3,10:00,11:04,64,1,9홀,55000
2025-12-05,1,11:29,13:59,150,2,18홀,60000
2025-12-05,2,12:17,14:51,154,1,18홀,55000
2025-12-05,6,12:25,13:16,51,4,9홀,45000
2025-12-05,8,12:36,13:26,50,1,레슨,65000
2025-12-05,4,13:03,15:58,175,1,18홀,50000
2025-12-05,9,13:29,14:25,56,1,연습,60000
2025-12-05,7,15:40,17:23,103,1,18홀,80000
2025-12-05,13,17:01,18:12,71,3,9홀,80000
2025-12-05,10,18:09,19:23,74,2,레슨,45000
2025-12-05,11,18:55,19:59,64,4,9홀,40000
2025-12-05,14,19:09,20:55,106,1,18홀,45000
2025-12-06,5,10:00,11:01,61,1,레슨,60000
2025-12-06,3,10:00,11:30,90,2,9홀,65000
2025-12-06,6,10:00,11:08,68,2,9홀,55000
2025-12-06,2,10:00,13:00,180,2,18홀,65000
2025-12-06,6,12:06,13:29,83,3,9홀,65000
2025-12-06,1,13:02,14:11,69,2,레슨,65000
2025-12-06,4,13:19,14:01,42,1,연습,70000
2025-12-06,12,15:49,18:06,137,3,18홀,70000
2025-12-06,8,16:05,18:31,146,1,18홀,50000
2025-12-06,2,16:31,19:05,154,3,18홀,60000
2025-12-06,5,16:37,17:33,56,1,연습,65000
2025-12-06,13,16:40,17:10,30,1,연습,60000
2025-12-06,11,17:09,18:49,100,3,18홀,40000
2025-12-06,4,17:55,18:25,30,2,연습,70000
2025-12-06,1,18:05,19:28,83,2,9홀,40000
2025-12-06,6,18:54,20:03,69,3,9홀,70000
2025-12-06,7,19:29,20:47,78,3,9홀,40000
2025-12-06,14,19:53,22:40,167,3,18홀,65000
2025-12-06,2,20:20,21:33,73,3,9홀,65000
2025-12-06,8,20:54,22:02,68,1,레슨,40000
2025-12-07,4,10:00,11:15,75,2,9홀,50000
2025-12-07,5,10:00,12:50,170,3,18홀,50000
2025-12-07,10,10:00,12:27,147,3,18홀,60000
2025-12-07,2,10:00,12:41,161,2,18홀,55000
2025-12-07,13,10:02,11:00,58,2,레슨,50000
2025-12-07,6,10:11,12:03,112,1,18홀,60000
2025-12-07,3,10:48,13:45,177,2,18홀,70000
2025-12-07,7,12:04,13:21,77,2,9홀,50000
2025-12-07,5,13:21,15:42,141,4,18홀,70000
2025-12-07,1,14:03,14:42,39,2,연습,55000
2025-12-07,8,14:53,17:46,173,1,18홀,80000
2025-12-07,11,15:31,16:33,62,1,레슨,70000
2025-12-07,14,15:41,17:50,129,2,18홀,65000
2025-12-07,12,16:02,17:07,65,1,레슨,40000
2025-12-07,3,16:18,17:17,59,3,9홀,45000
2025-12-07,9,16:24,19:05,161,2,18홀,65000
2025-12-07,2,16:30,18:48,138,4,18홀,40000
2025-12-07,1,18:20,20:15,115,3,18홀,60000
2025-12-07,5,18:24,20:31,127,3,18홀,55000
2025-12-07,8,18:32,19:43,71,4,9홀,65000
2025-12-07,13,19:01,20:01,60,1,레슨,45000
2025-12-07,10,19:31,22:01,150,1,18홀,65000
2025-12-07,4,19:55,20:45,50,1,연습,45000
2025-12-07,3,19:59,20:55,56,3,레슨,60000
2025-12-07,9,21:30,22:20,50,1,레슨,50000
2025-12-08,6,10:00,10:55,55,1,연습,45000
2025-12-08,14,10:57,13:37,160,2,18홀,50000
2025-12-08,5,12:23,13:21,58,3,9홀,45000
2025-12-08,7,13:53,15:15,82,3,9홀,35000
2025-12-08,11,13:54,14:52,58,2,레슨,45000
2025-12-08,8,14:42,16:08,86,1,9홀,35000
2025-12-08,4,15:45,17:56,131,3,18홀,40000
2025-12-08,8,17:02,18:00,58,1,연습,40000
2025-12-08,11,18:14,19:12,58,2,레슨,40000
2025-12-08,4,19:27,21:20,113,3,18홀,50000
2025-12-08,6,20:17,21:45,88,1,9홀,50000
2025-12-08,7,21:08,22:18,70,2,9홀,60000
2025-12-09,5,11:30,12:24,54,1,연습,40000
2025-12-09,8,12:01,14:56,175,2,18홀,40000
2025-12-09,13,13:33,16:23,170,3,18홀,35000
2025-12-09,5,14:28,16:50,142,2,18홀,45000
2025-12-09,12,15:10,17:07,117,4,18홀,40000
2025-12-09,3,15:22,17:02,100,3,18홀,55000
2025-12-09,4,17:13,18:14,61,2,9홀,45000
2025-12-09,12,19:49,21:02,73,1,레슨,40000
2025-12-10,8,10:00,11:56,116,1,18홀,50000
2025-12-10,12,10:34,12:39,125,3,18홀,45000
2025-12-10,10,11:23,12:17,54,2,9홀,45000
2025-12-10,10,13:49,15:02,73,2,레슨,40000
2025-12-10,12,14:31,15:53,82,3,9홀,40000
2025-12-10,8,16:18,19:11,173,2,18홀,45000
2025-12-10,9,16:27,17:03,36,2,연습,60000
2025-12-10,7,17:34,18:28,54,1,레슨,40000
2025-12-10,7,19:15,20:55,100,2,18홀,55000
2025-12-10,10,19:42,21:00,78,4,9홀,55000
2025-12-11,9,11:16,12:37,81,2,9홀,40000
2025-12-11,2,12:30,13:51,81,2,9홀,45000
2025-12-11,10,13:02,15:27,145,2,18홀,35000
2025-12-11,1,14:00,14:38,38,1,연습,35000
2025-12-11,9,14:00,15:00,60,1,레슨,35000
2025-12-11,3,15:33,16:29,56,4,9홀,35000
2025-12-11,5,16:03,18:01,118,4,18홀,40000
2025-12-11,1,16:54,19:26,152,4,18홀,40000
2025-12-11,10,17:02,17:56,54,4,9홀,55000
2025-12-11,2,17:51,19:08,77,1,레슨,60000
2025-12-11,13,18:26,18:56,30,2,연습,45000
2025-12-11,12,18:29,20:51,142,1,18홀,40000
2025-12-11,11,18:56,19:55,59,1,9홀,50000
2025-12-12,5,10:33,11:27,54,3,9홀,45000
2025-12-12,6,12:05,12:59,54,2,레슨,45000
2025-12-12,14,12:07,12:57,50,1,연습,70000
2025-12-12,8,12:19,14:25,126,3,18홀,80000
2025-12-12,8,17:13,18:23,70,2,9홀,55000
2025-12-12,4,17:31,18:41,70,2,레슨,80000
2025-12-12,9,17:36,19:45,129,2,18홀,55000
2025-12-12,5,17:45,18:39,54,1,연습,60000
2025-12-12,12,17:58,19:25,87,2,9홀,55000
2025-12-12,13,19:11,19:41,30,1,연습,60000
2025-12-12,8,20:01,21:30,89,4,9홀,65000
2025-12-12,2,21:01,22:46,105,3,18홀,65000
2025-12-13,7,11:04,12:03,59,2,레슨,60000
2025-12-13,14,11:29,14:26,177,3,18홀,80000
2025-12-13,5,11:39,12:36,57,3,9홀,40000
2025-12-13,11,13:32,14:25,53,1,연습,60000
2025-12-13,1,13:33,15:34,121,3,18홀,65000
2025-12-13,7,13:34,14:30,56,2,9홀,45000
2025-12-13,11,14:47,17:04,137,4,18홀,50000
2025-12-13,3,15:09,17:00,111,3,18홀,80000
2025-12-13,12,15:12,17:09,117,2,18홀,60000
2025-12-13,14,15:26,16:18,52,1,연습,55000
2025-12-13,2,15:44,17:00,76,4,9홀,40000
2025-12-13,6,15:53,16:49,56,1,연습,80000
2025-12-13,8,16:04,17:00,56,1,레슨,60000
2025-12-13,7,16:04,19:04,180,2,18홀,60000
2025-12-13,9,16:18,17:11,53,3,레슨,55000
2025-12-13,13,16:41,18:50,129,1,18홀,65000
2025-12-13,1,17:09,20:04,175,4,18홀,60000
2025-12-13,3,17:28,20:07,159,3,18홀,80000
2025-12-13,10,17:43,19:02,79,3,9홀,70000
2025-12-13,14,18:22,19:02,40,1,연습,60000
2025-12-13,2,19:12,20:33,81,2,9홀,45000
2025-12-13,5,19:49,22:30,161,2,18홀,65000
2025-12-13,10,20:46,21:21,35,1,연습,55000
2025-12-13,9,21:20,22:23,63,3,레슨,80000
2025-12-13,3,21:46,22:37,51,2,연습,45000
2025-12-14,12,10:00,13:00,180,3,18홀,70000
2025-12-14,1,10:50,13:35,165,1,18홀,65000
2025-12-14,11,11:22,13:21,119,4,18홀,55000
2025-12-14,5,12:03,14:11,128,2,18홀,55000
2025-12-14,14,12:28,14:36,128,3,18홀,55000
2025-12-14,2,12:59,13:41,42,1,연습,70000
2025-12-14,7,14:35,16:39,124,1,18홀,60000
2025-12-14,4,14:53,16:12,79,1,레슨,60000
2025-12-14,8,15:28,18:15,167,3,18홀,45000
2025-12-14,10,15:29,16:29,60,3,레슨,45000
2025-12-14,2,15:52,16:56,64,3,레슨,60000
2025-12-14,9,16:05,17:57,112,3,18홀,40000
2025-12-14,1,16:36,17:54,78,2,9홀,40000
2025-12-14,7,17:35,19:28,113,2,18홀,40000
2025-12-14,6,17:36,18:42,66,4,9홀,60000
2025-12-14,5,17:56,20:17,141,3,18홀,45000
2025-12-14,13,18:35,19:55,80,2,레슨,70000
2025-12-14,8,19:00,20:58,118,2,18홀,50000
2025-12-14,11,19:01,20:45,104,3,18홀,60000
2025-12-14,3,19:13,21:47,154,1,18홀,80000
2025-12-14,12,19:42,20:35,53,3,레슨,55000
2025-12-14,9,20:39,21:45,66,1,9홀,55000
2025-12-15,6,10:00,11:57,117,2,18홀,40000
2025-12-15,4,10:24,11:30,66,2,레슨,50000
2025-12-15,2,12:42,15:18,156,4,18홀,50000
2025-12-15,12,14:05,15:06,61,2,레슨,50000
2025-12-15,11,14:36,16:20,104,2,18홀,40000
2025-12-15,10,17:48,19:18,90,3,9홀,55000
2025-12-15,3,17:51,19:00,69,2,9홀,55000
2025-12-15,14,18:08,20:32,144,3,18홀,45000
2025-12-15,13,18:19,19:14,55,1,9홀,50000
2025-12-15,4,19:17,19:47,30,1,연습,50000
2025-12-15,13,19:36,20:33,57,1,연습,60000
2025-12-15,6,19:37,22:37,180,3,18홀,50000
2025-12-16,1,10:00,10:50,50,3,레슨,45000
2025-12-16,2,11:28,14:13,165,3,18홀,40000
2025-12-16,5,12:23,14:39,136,4,18홀,35000
2025-12-16,7,14:15,16:57,162,3,18홀,45000
2025-12-16,13,14:15,17:10,175,2,18홀,55000
2025-12-16,3,15:33,17:38,125,4,18홀,60000
2025-12-16,12,15:44,16:46,62,3,레슨,40000
2025-12-16,5,16:09,18:03,114,2,18홀,50000
2025-12-16,14,17:00,17:51,51,3,9홀,60000
2025-12-16,1,17:17,19:31,134,4,18홀,45000
2025-12-16,8,17:24,19:04,100,4,18홀,45000
2025-12-16,7,17:40,20:16,156,3,18홀,55000
2025-12-16,9,17:44,18:37,53,2,레슨,50000
2025-12-16,3,18:06,19:07,61,2,9홀,45000
2025-12-16,12,19:21,21:13,112,2,18홀,55000
2025-12-17,2,10:41,11:48,67,2,9홀,40000
2025-12-17,13,13:38,15:45,127,1,18홀,50000
2025-12-17,3,14:30,16:58,148,3,18홀,60000
2025-12-17,7,15:16,16:31,75,2,9홀,45000
2025-12-17,2,15:53,16:49,56,1,연습,40000
2025-12-17,14,16:42,17:40,58,1,연습,40000
2025-12-17,13,17:09,19:12,123,2,18홀,50000
2025-12-17,12,18:34,20:48,134,4,18홀,45000
2025-12-17,10,18:58,19:53,55,1,9홀,40000
2025-12-17,13,19:56,20:46,50,2,9홀,40000
2025-12-17,3,20:31,21:16,45,1,연습,60000
2025-12-17,5,21:20,22:40,80,2,9홀,40000
2025-12-18,12,11:43,12:50,67,2,9홀,50000
2025-12-18,9,12:50,15:03,133,3,18홀,40000
2025-12-18,4,12:55,13:54,59,2,레슨,50000
2025-12-18,3,14:26,15:29,63,2,9홀,40000
2025-12-18,10,14:41,15:49,68,3,9홀,35000
2025-12-18,4,17:55,18:28,33,2,연습,60000
2025-12-18,1,19:09,20:31,82,3,9홀,60000
2025-12-18,4,19:17,21:38,141,2,18홀,40000
2025-12-18,3,19:33,20:53,80,1,레슨,60000
2025-12-18,6,20:35,21:42,67,3,레슨,45000
2025-12-19,2,12:15,14:57,162,1,18홀,60000
2025-12-19,4,14:52,17:19,147,1,18홀,55000
2025-12-19,8,15:33,16:52,79,2,9홀,70000
2025-12-19,6,15:39,16:29,50,1,연습,45000
2025-12-19,13,15:48,16:44,56,1,연습,40000
2025-12-19,5,17:18,19:04,106,2,18홀,55000
2025-12-19,3,17:54,20:15,141,3,18홀,80000
2025-12-19,1,18:00,20:17,137,3,18홀,65000
2025-12-19,7,18:31,21:17,166,4,18홀,60000
2025-12-19,12,18:37,19:34,57,2,연습,65000
2025-12-19,4,18:49,20:42,113,2,18홀,50000
2025-12-19,10,19:33,21:15,102,4,18홀,60000
2025-12-19,6,21:08,22:00,52,4,9홀,40000
2025-12-20,3,10:00,12:03,123,2,18홀,45000
2025-12-20,12,10:40,12:23,103,4,18홀,40000
2025-12-20,10,11:39,13:45,126,2,18홀,40000
2025-12-20,14,11:45,13:49,124,2,18홀,55000
2025-12-20,11,13:29,15:47,138,2,18홀,65000
2025-12-20,4,13:57,14:57,60,1,연습,65000
2025-12-20,12,14:07,15:18,71,2,9홀,55000
2025-12-20,8,14:42,16:11,89,2,9홀,50000
2025-12-20,10,16:20,18:42,142,2,18홀,45000
2025-12-20,5,16:35,17:18,43,2,연습,80000
2025-12-20,8,16:53,18:09,76,3,레슨,55000
2025-12-20,14,16:55,18:00,65,3,9홀,70000
2025-12-20,6,16:57,18:07,70,1,레슨,60000
2025-12-20,12,17:29,20:28,179,2,18홀,45000
2025-12-20,5,18:18,19:44,86,3,9홀,80000
2025-12-20,7,19:20,20:20,60,2,연습,60000
2025-12-20,4,19:45,21:00,75,2,레슨,50000
2025-12-20,10,20:24,21:24,60,4,9홀,45000
2025-12-20,13,21:09,21:52,43,1,연습,50000
2025-12-20,11,21:34,22:08,34,2,연습,65000
2025-12-21,12,10:00,12:17,137,3,18홀,80000
2025-12-21,6,10:00,12:18,138,1,18홀,45000
2025-12-21,14,12:30,13:47,77,3,레슨,55000
2025-12-21,4,12:40,15:01,141,3,18홀,40000
2025-12-21,3,13:18,15:48,150,3,18홀,65000
2025-12-21,5,14:03,15:25,82,3,9홀,65000
2025-12-21,12,14:07,17:05,178,3,18홀,40000
2025-12-21,1,15:09,17:48,159,1,18홀,55000
2025-12-21,10,15:57,18:37,160,3,18홀,70000
2025-12-21,9,16:22,17:26,64,2,9홀,80000
2025-12-21,11,16:37,19:28,171,3,18홀,60000
2025-12-21,4,17:18,20:12,174,4,18홀,40000
2025-12-21,6,17:22,19:02,100,4,18홀,60000
2025-12-21,7,17:44,19:40,116,3,18홀,50000
2025-12-21,3,18:26,19:44,78,3,9홀,70000
2025-12-21,6,19:28,20:40,72,3,9홀,65000
2025-12-21,12,20:11,21:05,54,1,레슨,45000
2025-12-21,7,20:25,21:21,56,2,연습,50000
2025-12-21,10,20:28,22:31,123,3,18홀,70000
2025-12-22,7,10:00,10:52,52,3,레슨,50000
2025-12-22,10,10:08,12:40,152,2,18홀,45000
2025-12-22,1,10:27,13:23,176,4,18홀,35000
2025-12-22,12,12:11,14:12,121,2,18홀,50000
2025-12-22,5,16:34,19:26,172,3,18홀,45000
2025-12-22,4,17:55,19:59,124,4,18홀,40000
2025-12-22,9,19:03,21:43,160,3,18홀,40000
2025-12-23,13,10:00,12:15,135,2,18홀,35000
2025-12-23,6,10:48,12:32,104,2,18홀,45000
2025-12-23,2,10:58,11:53,55,3,9홀,40000
2025-12-23,14,11:25,13:41,136,3,18홀,50000
2025-12-23,3,14:53,17:12,139,2,18홀,50000
2025-12-23,12,16:37,18:26,109,2,18홀,45000
2025-12-23,7,16:56,18:51,115,2,18홀,45000
2025-12-23,2,17:07,18:04,57,2,연습,60000
2025-12-23,4,18:55,19:54,59,2,9홀,50000
2025-12-23,8,19:12,21:18,126,1,18홀,55000
2025-12-23,11,19:16,19:47,31,1,연습,45000
2025-12-23,14,21:22,22:15,53,1,레슨,60000
2025-12-24,11,10:00,11:52,112,4,18홀,45000
2025-12-24,8,10:00,11:57,117,2,18홀,40000
2025-12-24,2,10:47,13:04,137,4,18홀,50000
2025-12-24,5,13:50,15:07,77,1,레슨,50000
2025-12-24,14,13:57,15:16,79,3,레슨,35000
2025-12-24,7,14:22,15:39,77,2,레슨,45000
2025-12-24,9,16:15,17:59,104,3,18홀,55000
2025-12-24,12,17:09,19:37,148,2,18홀,40000
2025-12-24,2,17:19,17:55,36,1,연습,45000
2025-12-24,6,18:04,19:59,115,1,18홀,50000
2025-12-24,4,18:58,20:48,110,1,18홀,50000
2025-12-24,3,19:43,20:43,60,1,연습,60000
2025-12-24,5,20:35,21:47,72,2,9홀,60000
2025-12-24,2,20:42,21:55,73,1,레슨,55000
2025-12-25,12,15:03,16:11,68,4,9홀,40000
2025-12-25,10,15:22,16:30,68,2,레슨,50000
2025-12-25,11,16:29,17:46,77,3,9홀,45000
2025-12-25,6,16:37,18:24,107,3,18홀,45000
2025-12-25,10,16:59,19:37,158,2,18홀,40000
2025-12-25,7,17:27,18:44,77,2,9홀,40000
2025-12-25,3,17:27,18:49,82,3,9홀,40000
2025-12-25,2,17:43,20:23,160,2,18홀,60000
2025-12-25,1,18:52,20:07,75,2,9홀,50000
2025-12-26,1,10:00,10:57,57,3,9홀,65000
2025-12-26,6,11:16,12:13,57,2,연습,50000
2025-12-26,1,11:37,12:51,74,3,레슨,70000
2025-12-26,12,11:58,14:40,162,1,18홀,50000
2025-12-26,4,12:47,14:44,117,2,18홀,50000
2025-12-26,10,13:05,13:48,43,2,연습,70000
2025-12-26,13,13:54,16:10,136,3,18홀,80000
2025-12-26,9,14:05,14:40,35,1,연습,45000
2025-12-26,7,14:47,17:34,167,1,18홀,50000
2025-12-26,2,16:14,18:23,129,4,18홀,60000
2025-12-26,13,17:22,18:17,55,3,9홀,45000
2025-12-26,12,18:39,21:35,176,1,18홀,45000
2025-12-26,3,18:44,20:03,79,3,레슨,65000
2025-12-26,2,18:48,21:23,155,4,18홀,50000
2025-12-26,4,18:49,19:40,51,4,9홀,60000
2025-12-27,5,10:00,11:49,109,3,18홀,45000
2025-12-27,12,13:29,16:14,165,2,18홀,70000
2025-12-27,2,14:06,15:11,65,4,9홀,50000
2025-12-27,11,16:00,18:24,144,3,18홀,45000
2025-12-27,14,16:22,19:01,159,3,18홀,45000
2025-12-27,10,16:24,18:14,110,1,18홀,55000
2025-12-27,1,16:59,19:30,151,4,18홀,50000
2025-12-27,13,17:02,19:10,128,2,18홀,50000
2025-12-27,5,17:10,18:05,55,1,연습,50000
2025-12-27,3,17:14,20:03,169,4,18홀,55000
2025-12-27,12,17:34,20:20,166,1,18홀,40000
2025-12-27,7,18:42,19:54,72,3,9홀,55000
2025-12-27,2,19:18,20:06,48,1,연습,70000
2025-12-27,6,20:42,22:28,106,3,18홀,50000
2025-12-28,6,10:00,12:37,157,4,18홀,50000
2025-12-28,3,10:00,12:31,151,3,18홀,45000
2025-12-28,11,12:20,14:53,153,2,18홀,65000
2025-12-28,14,12:53,15:34,161,3,18홀,50000
2025-12-28,4,13:36,15:33,117,3,18홀,80000
2025-12-28,8,15:07,17:17,130,2,18홀,45000
2025-12-28,7,15:48,17:05,77,2,레슨,55000
2025-12-28,2,16:19,18:03,104,3,18홀,45000
2025-12-28,5,16:22,17:01,39,2,연습,50000
2025-12-28,13,16:35,18:56,141,3,18홀,45000
2025-12-28,9,16:37,18:47,130,3,18홀,80000
2025-12-28,11,17:03,18:30,87,4,9홀,70000
2025-12-28,10,17:20,20:02,162,4,18홀,55000
2025-12-28,4,17:21,18:49,88,4,9홀,65000
2025-12-28,7,17:25,18:22,57,4,9홀,60000
2025-12-28,8,17:37,18:26,49,1,연습,80000
2025-12-28,1,17:38,19:23,105,3,18홀,70000
2025-12-28,14,17:59,20:17,138,3,18홀,65000
2025-12-28,6,18:11,18:41,30,1,연습,80000
2025-12-28,12,18:26,20:21,115,3,18홀,45000
2025-12-28,2,18:30,21:00,150,3,18홀,70000
2025-12-28,11,19:14,19:49,35,1,연습,40000
2025-12-28,4,19:45,20:27,42,2,연습,40000
2025-12-28,5,20:09,22:04,115,2,18홀,55000
2025-12-28,8,20:26,22:19,113,2,18홀,55000
2025-12-28,3,21:30,22:20,50,3,9홀,80000
2025-12-29,8,10:00,12:42,162,3,18홀,40000
2025-12-29,1,10:51,12:38,107,3,18홀,50000
2025-12-29,8,13:48,15:57,129,3,18홀,40000
2025-12-29,7,13:50,15:07,77,2,9홀,45000
2025-12-29,5,14:12,15:26,74,1,9홀,45000
2025-12-29,6,14:19,15:31,72,3,9홀,50000
2025-12-29,2,15:12,17:09,117,3,18홀,45000
2025-12-29,13,17:47,18:51,64,1,레슨,60000
2025-12-29,12,18:26,19:05,39,2,연습,45000
2025-12-29,11,20:01,21:03,62,4,9홀,60000
2025-12-29,10,20:16,21:06,50,3,레슨,45000
2025-12-29,7,21:36,22:41,65,2,레슨,55000
2025-12-30,10,10:00,12:53,173,4,18홀,45000
2025-12-30,8,10:01,11:02,61,1,9홀,35000
2025-12-30,1,10:41,12:01,80,3,9홀,40000
2025-12-30,4,13:24,15:23,119,3,18홀,35000
2025-12-30,10,14:51,16:56,125,3,18홀,60000
2025-12-30,8,15:18,17:07,109,3,18홀,45000
2025-12-30,4,15:47,16:57,70,1,레슨,45000
2025-12-30,9,15:49,16:34,45,1,연습,40000
2025-12-30,5,16:43,19:40,177,1,18홀,60000
2025-12-30,8,18:14,19:30,76,1,9홀,40000
2025-12-30,4,19:19,21:57,158,4,18홀,60000
2025-12-30,6,20:34,22:40,126,2,18홀,45000
2025-12-31,4,12:18,13:00,42,2,연습,45000
2025-12-31,11,13:59,14:55,56,4,9홀,35000
2025-12-31,10,14:14,15:17,63,3,레슨,40000
2025-12-31,5,17:03,19:30,147,2,18홀,50000
2025-12-31,3,17:48,18:51,63,1,9홀,60000
2025-12-31,14,18:18,19:09,51,2,9홀,60000
2025-12-31,4,18:39,19:21,42,1,연습,40000
2025-12-31,6,19:41,20:51,70,3,9홀,55000
2025-12-31,14,20:04,21:19,75,3,9홀,60000
2025-12-31,9,20:44,21:22,38,1,연습,55000
